ID,Gap
ID_NGS9Bx_N,-3992.9066666666668
ID_NGS9Bx_P,21.98741333333331
ID_NGS9Bx_K,-412.84800000000007
ID_NGS9Bx_Ca,-13558.090666666665
ID_NGS9Bx_Mg,-4130.698666666666
ID_NGS9Bx_S,-12.42757333333332
ID_NGS9Bx_Fe,-278.9701333333334
ID_NGS9Bx_Mn,-310.2826666666667
ID_NGS9Bx_Zn,-4.258560000000008
ID_NGS9Bx_Cu,-12.18528000000001
ID_NGS9Bx_B,-0.40565333333333237
ID_YdVKXw_N,-2766.935111111111
ID_YdVKXw_P,16.054222222222194
ID_YdVKXw_K,-497.00586666666675
ID_YdVKXw_Ca,-15955.502044444445
ID_YdVKXw_Mg,-5423.018133333334
ID_YdVKXw_S,-12.57437511111111
ID_YdVKXw_Fe,-289.99763555555603
ID_YdVKXw_Mn,-434.8124444444444
ID_YdVKXw_Zn,-3.5095822222222197
ID_YdVKXw_Cu,-10.590645333333336
ID_YdVKXw_B,-0.5256711111111089
ID_MZAlfE_N,-4945.241333333333
ID_MZAlfE_P,18.04433599999998
ID_MZAlfE_K,-470.32359999999994
ID_MZAlfE_Ca,-12621.4284
ID_MZAlfE_Mg,-4867.249866666668
ID_MZAlfE_S,-13.093694666666678
ID_MZAlfE_Fe,-311.8720133333333
ID_MZAlfE_Mn,-406.23800000000006
ID_MZAlfE_Zn,-2.6814506666666698
ID_MZAlfE_Cu,-11.743737333333346
ID_MZAlfE_B,-0.5681279999999985
ID_GwCCMN_N,-3630.488888888889
ID_GwCCMN_P,12.648196444444437
ID_GwCCMN_K,-422.0106666666667
ID_GwCCMN_Ca,-13943.80231111111
ID_GwCCMN_Mg,-4578.798755555556
ID_GwCCMN_S,-12.935281777777778
ID_GwCCMN_Fe,-330.18600000000015
ID_GwCCMN_Mn,-414.0150222222223
ID_GwCCMN_Zn,-4.9151333333333325
ID_GwCCMN_Cu,-12.231095111111127
ID_GwCCMN_B,-0.497303999999998
ID_K8sowf_N,-3687.689333333334
ID_K8sowf_P,18.693447999999982
ID_K8sowf_K,-395.3318666666667
ID_K8sowf_Ca,-11012.358800000002
ID_K8sowf_Mg,-3657.684266666667
ID_K8sowf_S,-9.275064000000029
ID_K8sowf_Fe,-325.85738666666686
ID_K8sowf_Mn,-353.9602666666667
ID_K8sowf_Zn,-5.443210666666671
ID_K8sowf_Cu,-11.483578666666688
ID_K8sowf_B,-0.419379999999999
ID_ZgrspC_N,-3193.7026666666675
ID_ZgrspC_P,12.909601777777752
ID_ZgrspC_K,-484.6624888888889
ID_ZgrspC_Ca,-16482.393111111112
ID_ZgrspC_Mg,-4023.5105777777776
ID_ZgrspC_S,-9.771073777777811
ID_ZgrspC_Fe,-281.745028
ID_ZgrspC_Mn,-446.86013333333347
ID_ZgrspC_Zn,-4.198754666666662
ID_ZgrspC_Cu,-11.454592444444446
ID_ZgrspC_B,-0.6808146666666636
ID_it6Sl6_N,-3103.649777777778
ID_it6Sl6_P,17.226294222222197
ID_it6Sl6_K,-432.49475555555557
ID_it6Sl6_Ca,-15200.087733333334
ID_it6Sl6_Mg,-3561.978622222222
ID_it6Sl6_S,-8.144779111111145
ID_it6Sl6_Fe,-272.59933866666677
ID_it6Sl6_Mn,-344.15422222222224
ID_it6Sl6_Zn,-3.952988444444452
ID_it6Sl6_Cu,-9.20890622222224
ID_it6Sl6_B,-0.44739866666666456
ID_G1RRv0_N,-3290.569777777778
ID_G1RRv0_P,16.686938666666656
ID_G1RRv0_K,-409.8106666666667
ID_G1RRv0_Ca,-15106.95031111111
ID_G1RRv0_Mg,-4294.343555555555
ID_G1RRv0_S,-10.043881777777784
ID_G1RRv0_Fe,-261.3563111111115
ID_G1RRv0_Mn,-354.8694222222223
ID_G1RRv0_Zn,-3.5539386666666726
ID_G1RRv0_Cu,-11.124094222222253
ID_G1RRv0_B,-0.41168711111110934
ID_ZAeKis_N,-3167.537777777778
ID_ZAeKis_P,11.720339555555476
ID_ZAeKis_K,-459.6846222222223
ID_ZAeKis_Ca,-18601.347911111112
ID_ZAeKis_Mg,-4077.226844444444
ID_ZAeKis_S,-12.269114666666674
ID_ZAeKis_Fe,-206.26401777777795
ID_ZAeKis_Mn,-416.9674666666666
ID_ZAeKis_Zn,-3.729530666666672
ID_ZAeKis_Cu,-10.149425777777775
ID_ZAeKis_B,-0.8943093333333328
ID_C8u420_N,-3503.944444444445
ID_C8u420_P,16.989555555555516
ID_C8u420_K,-434.3222222222223
ID_C8u420_Ca,-15621.31666666667
ID_C8u420_Mg,-3939.3611111111113
ID_C8u420_S,-10.698166666666676
ID_C8u420_Fe,-308.07166666666654
ID_C8u420_Mn,-362.3666666666667
ID_C8u420_Zn,-4.1485
ID_C8u420_Cu,-13.13016666666668
ID_C8u420_B,-0.7111666666666628
ID_j1MRRc_N,-3488.9457777777775
ID_j1MRRc_P,15.77728888888889
ID_j1MRRc_K,-420.44
ID_j1MRRc_Ca,-15722.630044444444
ID_j1MRRc_Mg,-4464.773688888889
ID_j1MRRc_S,-9.434640000000002
ID_j1MRRc_Fe,-255.8408711111116
ID_j1MRRc_Mn,-365.8684444444445
ID_j1MRRc_Zn,-3.9411022222222205
ID_j1MRRc_Cu,-16.734321777777772
ID_j1MRRc_B,-0.8477955555555512
ID_khevjd_N,-3119.146666666667
ID_khevjd_P,16.427679999999956
ID_khevjd_K,-419.616
ID_khevjd_Ca,-12965.978666666668
ID_khevjd_Mg,-3987.424
ID_khevjd_S,-11.93301333333332
ID_khevjd_Fe,-310.2248533333331
ID_khevjd_Mn,-404.704
ID_khevjd_Zn,-6.250133333333333
ID_khevjd_Cu,-12.362826666666678
ID_khevjd_B,-0.8496533333333299
ID_AcInd1_N,-2578.5200000000004
ID_AcInd1_P,21.85263555555554
ID_AcInd1_K,-498.2697777777778
ID_AcInd1_Ca,-19053.8
ID_AcInd1_Mg,-5903.279111111112
ID_AcInd1_S,-12.166422222222248
ID_AcInd1_Fe,-305.11831111111167
ID_AcInd1_Mn,-459.9502222222223
ID_AcInd1_Zn,-3.5543688888888854
ID_AcInd1_Cu,-11.075044444444458
ID_AcInd1_B,-0.5101999999999981
ID_K29bjC_N,-2228.7142222222224
ID_K29bjC_P,20.382662666666658
ID_K29bjC_K,-525.7565777777779
ID_K29bjC_Ca,-19609.436177777778
ID_K29bjC_Mg,-5852.881777777779
ID_K29bjC_S,-12.926272444444464
ID_K29bjC_Fe,-290.1131555555554
ID_K29bjC_Mn,-471.95688888888895
ID_K29bjC_Zn,-5.0122213333333265
ID_K29bjC_Cu,-11.074209333333346
ID_K29bjC_B,-0.6676315555555546
ID_je4KzB_N,-4022.6319999999996
ID_je4KzB_P,20.802269333333317
ID_je4KzB_K,-506.2833333333333
ID_je4KzB_Ca,-14525.386400000001
ID_je4KzB_Mg,-5059.851466666667
ID_je4KzB_S,-13.02339333333332
ID_je4KzB_Fe,-320.2644400000002
ID_je4KzB_Mn,-420.5552
ID_je4KzB_Zn,-32.067900000000016
ID_je4KzB_Cu,-13.61382933333336
ID_je4KzB_B,-0.5698226666666654
ID_tdpw3z_N,-3370.616
ID_tdpw3z_P,14.543886222222184
ID_tdpw3z_K,-452.30053333333336
ID_tdpw3z_Ca,-14886.706222222223
ID_tdpw3z_Mg,-4590.218755555556
ID_tdpw3z_S,-13.254307555555556
ID_tdpw3z_Fe,-313.76859555555575
ID_tdpw3z_Mn,-377.2734222222222
ID_tdpw3z_Zn,-4.466424888888886
ID_tdpw3z_Cu,-13.41798666666668
ID_tdpw3z_B,-0.5879324444444414
ID_uownQV_N,-4639.188444444445
ID_uownQV_P,8.619485333333323
ID_uownQV_K,-450.46844444444446
ID_uownQV_Ca,-12883.811422222223
ID_uownQV_Mg,-4769.694844444445
ID_uownQV_S,-10.30949733333334
ID_uownQV_Fe,-319.67123555555577
ID_uownQV_Mn,-354.78795555555564
ID_uownQV_Zn,-3.0028097777777814
ID_uownQV_Cu,-11.492974666666695
ID_uownQV_B,-0.491951555555553
ID_6uWnDt_N,-3822.24
ID_6uWnDt_P,16.93735199999999
ID_6uWnDt_K,-438.37520000000006
ID_6uWnDt_Ca,-12601.804000000002
ID_6uWnDt_Mg,-3798.9472000000005
ID_6uWnDt_S,-12.083416000000021
ID_6uWnDt_Fe,-285.0077600000003
ID_6uWnDt_Mn,-337.3416000000001
ID_6uWnDt_Zn,-3.40816800000001
ID_6uWnDt_Cu,-10.627544000000006
ID_6uWnDt_B,-0.49607199999999824
ID_vdSnQT_N,-4585.071111111111
ID_vdSnQT_P,17.583991111111064
ID_vdSnQT_K,-392.2806222222222
ID_vdSnQT_Ca,-12306.285777777779
ID_vdSnQT_Mg,-3678.671911111111
ID_vdSnQT_S,-9.560219555555562
ID_vdSnQT_Fe,-317.09187555555565
ID_vdSnQT_Mn,-346.21555555555557
ID_vdSnQT_Zn,-4.562688888888896
ID_vdSnQT_Cu,-12.042889777777802
ID_vdSnQT_B,-0.44568444444444316
ID_aTNXy4_N,-4300.557333333333
ID_aTNXy4_P,17.73120533333328
ID_aTNXy4_K,-470.0612
ID_aTNXy4_Ca,-12836.027866666669
ID_aTNXy4_Mg,-4407.5196
ID_aTNXy4_S,-11.096229333333351
ID_aTNXy4_Fe,-332.3211733333332
ID_aTNXy4_Mn,-378.8390666666667
ID_aTNXy4_Zn,-4.162425333333337
ID_aTNXy4_Cu,-11.82355066666668
ID_aTNXy4_B,-0.46141866666666537
ID_VmzjON_N,-3334.6000000000004
ID_VmzjON_P,13.828168888888825
ID_VmzjON_K,-957.6377777777776
ID_VmzjON_Ca,-11316.286666666669
ID_VmzjON_Mg,-4084.1400000000003
ID_VmzjON_S,-9.383324444444458
ID_VmzjON_Fe,-383.5123555555557
ID_VmzjON_Mn,-427.3346666666667
ID_VmzjON_Zn,-5.587453333333341
ID_VmzjON_Cu,-8.751742222222221
ID_VmzjON_B,-0.5875644444444418
ID_J0piCL_N,-4478.886222222222
ID_J0piCL_P,7.700061777777812
ID_J0piCL_K,-430.5322666666667
ID_J0piCL_Ca,-12817.455333333333
ID_J0piCL_Mg,-3853.8950222222225
ID_J0piCL_S,-11.46666488888891
ID_J0piCL_Fe,-315.8194666666667
ID_J0piCL_Mn,-346.5696444444445
ID_J0piCL_Zn,-3.5381288888888993
ID_J0piCL_Cu,-11.240837333333369
ID_J0piCL_B,-0.4873231111111091
ID_ezLEE5_N,-3801.5537777777786
ID_ezLEE5_P,18.71103999999997
ID_ezLEE5_K,-380.86186666666674
ID_ezLEE5_Ca,-15133.568711111111
ID_ezLEE5_Mg,-4227.286755555556
ID_ezLEE5_S,-10.004110222222241
ID_ezLEE5_Fe,-302.8131555555559
ID_ezLEE5_Mn,-338.7089777777778
ID_ezLEE5_Zn,-3.9637191111111183
ID_ezLEE5_Cu,-11.44737422222224
ID_ezLEE5_B,-0.5020302222222202
ID_FqovAq_N,-2939.175111111111
ID_FqovAq_P,25.91317333333334
ID_FqovAq_K,-491.6017777777778
ID_FqovAq_Ca,-16095.451733333335
ID_FqovAq_Mg,-5890.752
ID_FqovAq_S,-10.912967111111133
ID_FqovAq_Fe,-343.45571555555597
ID_FqovAq_Mn,-441.5754666666667
ID_FqovAq_Zn,-4.297941333333328
ID_FqovAq_Cu,-16.192305777777772
ID_FqovAq_B,-0.6604088888888862
ID_Te8tkl_N,-2613.315555555556
ID_Te8tkl_P,17.222485333333317
ID_Te8tkl_K,-442.37013333333334
ID_Te8tkl_Ca,-18756.08817777778
ID_Te8tkl_Mg,-5408.573155555556
ID_Te8tkl_S,-11.210496000000028
ID_Te8tkl_Fe,-260.3040711111112
ID_Te8tkl_Mn,-430.4480000000001
ID_Te8tkl_Zn,-2.5483804444444464
ID_Te8tkl_Cu,-11.936960000000004
ID_Te8tkl_B,-0.4598186666666651
ID_IN6dMk_N,-3458.888888888889
ID_IN6dMk_P,18.09261111111109
ID_IN6dMk_K,-419.2833333333333
ID_IN6dMk_Ca,-15885.188888888888
ID_IN6dMk_Mg,-3908.7055555555557
ID_IN6dMk_S,-10.137833333333322
ID_IN6dMk_Fe,-256.58777777777806
ID_IN6dMk_Mn,-363.71666666666675
ID_IN6dMk_Zn,-3.7895000000000105
ID_IN6dMk_Cu,-11.487611111111132
ID_IN6dMk_B,-0.5064999999999976
ID_QOTnwa_N,-2450.8217777777777
ID_QOTnwa_P,16.18413333333331
ID_QOTnwa_K,-604.4229777777778
ID_QOTnwa_Ca,-19767.895955555556
ID_QOTnwa_Mg,-5391.2443555555565
ID_QOTnwa_S,-13.768543111111171
ID_QOTnwa_Fe,-272.9051333333335
ID_QOTnwa_Mn,-403.4057333333334
ID_QOTnwa_Zn,-2.646941333333337
ID_QOTnwa_Cu,-12.65891288888889
ID_QOTnwa_B,-0.48060977777777597
ID_Xozuap_N,-2549.576888888889
ID_Xozuap_P,17.415308888888855
ID_Xozuap_K,-455.1213777777778
ID_Xozuap_Ca,-17889.604133333338
ID_Xozuap_Mg,-5329.481466666667
ID_Xozuap_S,-13.823884444444474
ID_Xozuap_Fe,-286.27281777777796
ID_Xozuap_Mn,-442.54302222222225
ID_Xozuap_Zn,-4.11198933333333
ID_Xozuap_Cu,-12.358300444444456
ID_Xozuap_B,-0.544957333333331
ID_7JB8aj_N,-3593.7719999999995
ID_7JB8aj_P,14.224010666666633
ID_7JB8aj_K,-472.73440000000005
ID_7JB8aj_Ca,-15542.9408
ID_7JB8aj_Mg,-4330.565333333334
ID_7JB8aj_S,-11.851504000000002
ID_7JB8aj_Fe,-303.34128000000015
ID_7JB8aj_Mn,-441.2574666666667
ID_7JB8aj_Zn,-3.596352000000007
ID_7JB8aj_Cu,-11.241022666666693
ID_7JB8aj_B,-0.5261439999999977
ID_jnRm5W_N,-3469.6666666666665
ID_jnRm5W_P,15.005999999999936
ID_jnRm5W_K,-465.2055555555555
ID_jnRm5W_Ca,-13825.261111111113
ID_jnRm5W_Mg,-4110.4111111111115
ID_jnRm5W_S,-12.880888888888883
ID_jnRm5W_Fe,-340.01277777777744
ID_jnRm5W_Mn,-419.64444444444456
ID_jnRm5W_Zn,-5.30644444444445
ID_jnRm5W_Cu,-12.894499999999997
ID_jnRm5W_B,-0.5461111111111091
ID_yq8kto_N,-3000.493333333334
ID_yq8kto_P,9.989843555555545
ID_yq8kto_K,-367.608
ID_yq8kto_Ca,-15839.135288888889
ID_yq8kto_Mg,-4382.988311111111
ID_yq8kto_S,-9.854893777777797
ID_yq8kto_Fe,-284.6655200000006
ID_yq8kto_Mn,-393.4072444444445
ID_yq8kto_Zn,-3.0880408888888966
ID_yq8kto_Cu,-11.373876888888926
ID_yq8kto_B,-0.5076431111111086
ID_wZOPxg_N,-2930.04
ID_wZOPxg_P,22.127288000000025
ID_wZOPxg_K,-412.08439999999996
ID_wZOPxg_Ca,-16327.928800000002
ID_wZOPxg_Mg,-3740.6644
ID_wZOPxg_S,-11.83513600000001
ID_wZOPxg_Fe,-216.00396400000017
ID_wZOPxg_Mn,-312.4996
ID_wZOPxg_Zn,-3.0740160000000007
ID_wZOPxg_Cu,-10.469515999999995
ID_wZOPxg_B,-0.7334879999999986
ID_KElQdM_N,-3758.284444444445
ID_KElQdM_P,3.9832399999999453
ID_KElQdM_K,-585.8262222222223
ID_KElQdM_Ca,-10682.672444444444
ID_KElQdM_Mg,-3098.1795555555555
ID_KElQdM_S,-10.66766666666669
ID_KElQdM_Fe,-313.8704888888888
ID_KElQdM_Mn,-440.84888888888895
ID_KElQdM_Zn,-5.02296444444444
ID_KElQdM_Cu,-8.307431111111116
ID_KElQdM_B,-1.1110888888888846
ID_VaU78k_N,-6071.742222222223
ID_VaU78k_P,-16.584448000000023
ID_VaU78k_K,-521.6391111111111
ID_VaU78k_Ca,-14827.678133333335
ID_VaU78k_Mg,-3071.975111111112
ID_VaU78k_S,-17.126001777777773
ID_VaU78k_Fe,-283.2792257777779
ID_VaU78k_Mn,-469.2074666666668
ID_VaU78k_Zn,-4.925755555555554
ID_VaU78k_Cu,-9.427096000000004
ID_VaU78k_B,-2.201096888888891
ID_Rk0huW_N,-3090.1422222222227
ID_Rk0huW_P,-0.1847333333333978
ID_Rk0huW_K,-623.7977777777778
ID_Rk0huW_Ca,-10692.477333333334
ID_Rk0huW_Mg,-2937.054666666667
ID_Rk0huW_S,-10.357688888888912
ID_Rk0huW_Fe,-325.08284444444456
ID_Rk0huW_Mn,-436.6946666666667
ID_Rk0huW_Zn,-7.114924444444435
ID_Rk0huW_Cu,-9.411795555555555
ID_Rk0huW_B,-0.8616622222222198
ID_ZHf5fU_N,-3969.6666666666665
ID_ZHf5fU_P,2.353611111111043
ID_ZHf5fU_K,-524.3166666666667
ID_ZHf5fU_Ca,-10619.033333333333
ID_ZHf5fU_Mg,-3527.633333333333
ID_ZHf5fU_S,-10.709888888888901
ID_ZHf5fU_Fe,-325.91055555555533
ID_ZHf5fU_Mn,-414.52777777777777
ID_ZHf5fU_Zn,-5.4343888888888845
ID_ZHf5fU_Cu,-8.89111111111111
ID_ZHf5fU_B,-0.6219999999999976
ID_XS45LF_N,-2124.1742222222224
ID_XS45LF_P,22.207818666666657
ID_XS45LF_K,-510.89386666666667
ID_XS45LF_Ca,-17996.035022222222
ID_XS45LF_Mg,-5425.057244444444
ID_XS45LF_S,-11.416490666666679
ID_XS45LF_Fe,-241.15635022222213
ID_XS45LF_Mn,-417.2760888888889
ID_XS45LF_Zn,-5.37928177777777
ID_XS45LF_Cu,-10.303792000000005
ID_XS45LF_B,-0.5480462222222209
ID_7P1YYW_N,-3535.324
ID_7P1YYW_P,-7.6484555555555644
ID_7P1YYW_K,-449.6122222222223
ID_7P1YYW_Ca,-13733.815111111111
ID_7P1YYW_Mg,-3563.4682666666668
ID_7P1YYW_S,-8.593608444444456
ID_7P1YYW_Fe,-310.36413777777784
ID_7P1YYW_Mn,-358.6096888888889
ID_7P1YYW_Zn,-3.5284128888888904
ID_7P1YYW_Cu,-9.630792888888909
ID_7P1YYW_B,-0.5102648888888865
ID_W57bOP_N,-3178.024444444445
ID_W57bOP_P,-9.352565777777727
ID_W57bOP_K,-803.1742222222222
ID_W57bOP_Ca,-11735.432888888889
ID_W57bOP_Mg,-3099.4574666666667
ID_W57bOP_S,-8.351608444444459
ID_W57bOP_Fe,-289.3332622222223
ID_W57bOP_Mn,-389.2361333333334
ID_W57bOP_Zn,-12.120811111111108
ID_W57bOP_Cu,-9.82611377777778
ID_W57bOP_B,-0.5344648888888881
ID_9t3jew_N,-4387.697777777778
ID_9t3jew_P,-1.1306897777777678
ID_9t3jew_K,-525.9226666666667
ID_9t3jew_Ca,-10431.869688888888
ID_9t3jew_Mg,-3502.891911111111
ID_9t3jew_S,-7.631018666666709
ID_9t3jew_Fe,-303.39459555555584
ID_9t3jew_Mn,-442.9358222222223
ID_9t3jew_Zn,-5.325768888888889
ID_9t3jew_Cu,-9.319232000000007
ID_9t3jew_B,-0.5975911111111094
ID_IUUneF_N,-4944.840888888889
ID_IUUneF_P,27.729311111111095
ID_IUUneF_K,-384.5947555555555
ID_IUUneF_Ca,-6625.132888888889
ID_IUUneF_Mg,-1527.1957333333332
ID_IUUneF_S,-17.516100444444472
ID_IUUneF_Fe,-321.5020533333333
ID_IUUneF_Mn,-299.7762666666667
ID_IUUneF_Zn,-3.0805279999999984
ID_IUUneF_Cu,-13.626033777777767
ID_IUUneF_B,-0.3852871111111099
ID_MAHKax_N,-5219.192888888889
ID_MAHKax_P,29.331351111111097
ID_MAHKax_K,-378.5559111111111
ID_MAHKax_Ca,-5768.2696888888895
ID_MAHKax_Mg,-1643.4533333333334
ID_MAHKax_S,-16.857242666666693
ID_MAHKax_Fe,-268.0173688888887
ID_MAHKax_Mn,-304.8913777777778
ID_MAHKax_Zn,-2.542275555555554
ID_MAHKax_Cu,-13.355399111111096
ID_MAHKax_B,-0.3547679999999982
ID_IO1UOY_N,-5679.274666666666
ID_IO1UOY_P,31.078362666666653
ID_IO1UOY_K,-388.0163555555555
ID_IO1UOY_Ca,-6628.391644444445
ID_IO1UOY_Mg,-1616.355733333333
ID_IO1UOY_S,-14.55301866666667
ID_IO1UOY_Fe,-378.4065777777778
ID_IO1UOY_Mn,-285.5168
ID_IO1UOY_Zn,-5.948654222222222
ID_IO1UOY_Cu,-13.13577244444443
ID_IO1UOY_B,-0.6347662222222216
ID_ge1J8l_N,-4692.756888888889
ID_ge1J8l_P,5.790982666666693
ID_ge1J8l_K,-891.1432
ID_ge1J8l_Ca,-9822.249377777778
ID_ge1J8l_Mg,-2969.5198666666665
ID_ge1J8l_S,-9.625990222222214
ID_ge1J8l_Fe,-270.91025777777764
ID_ge1J8l_Mn,-256.7126666666667
ID_ge1J8l_Zn,-4.143604444444439
ID_ge1J8l_Cu,-4.326127111111107
ID_ge1J8l_B,-0.4353804444444433
ID_DaWPof_N,-4227.1359999999995
ID_DaWPof_P,5.568554666666728
ID_DaWPof_K,-787.5568
ID_DaWPof_Ca,-9201.287466666667
ID_DaWPof_Mg,-2555.414133333333
ID_DaWPof_S,-10.046282666666649
ID_DaWPof_Fe,-270.9815733333332
ID_DaWPof_Mn,-256.99173333333334
ID_DaWPof_Zn,-4.174135999999999
ID_DaWPof_Cu,-4.032338666666665
ID_DaWPof_B,-0.40037066666666554
ID_6FRlzL_N,-4723.544888888889
ID_6FRlzL_P,16.356341333333305
ID_6FRlzL_K,-1035.1934222222224
ID_6FRlzL_Ca,-6948.092444444445
ID_6FRlzL_Mg,-1586.2156444444445
ID_6FRlzL_S,-10.956864000000031
ID_6FRlzL_Fe,-405.3672355555557
ID_6FRlzL_Mn,-309.0312533333333
ID_6FRlzL_Zn,-4.461571555555546
ID_6FRlzL_Cu,-5.472972444444442
ID_6FRlzL_B,-0.412913777777777
ID_OYieT8_N,-5354.572444444446
ID_OYieT8_P,-7.379727999999901
ID_OYieT8_K,-944.2656000000002
ID_OYieT8_Ca,-10640.237688888888
ID_OYieT8_Mg,-2378.948177777778
ID_OYieT8_S,-14.892438222222228
ID_OYieT8_Fe,-325.95108888888893
ID_OYieT8_Mn,-373.9422711111112
ID_OYieT8_Zn,-4.1139991111111085
ID_OYieT8_Cu,-6.6492453333333374
ID_OYieT8_B,-0.514674666666666
ID_mqPrZn_N,-5543.240000000001
ID_mqPrZn_P,-0.07744533333323034
ID_mqPrZn_K,-1100.6466666666668
ID_mqPrZn_Ca,-10641.7188
ID_mqPrZn_Mg,-2552.980266666667
ID_mqPrZn_S,-15.730650666666676
ID_mqPrZn_Fe,-310.7026933333334
ID_mqPrZn_Mn,-393.49520000000007
ID_mqPrZn_Zn,-4.9633466666666655
ID_mqPrZn_Cu,-6.597144000000002
ID_mqPrZn_B,-0.44572933333333203
ID_nAi2Ct_N,-5492.0
ID_nAi2Ct_P,10.634560000000022
ID_nAi2Ct_K,-997.76
ID_nAi2Ct_Ca,-10844.069333333333
ID_nAi2Ct_Mg,-2349.349333333333
ID_nAi2Ct_S,-14.532479999999993
ID_nAi2Ct_Fe,-322.8863999999999
ID_nAi2Ct_Mn,-414.75733333333335
ID_nAi2Ct_Zn,-4.523840000000002
ID_nAi2Ct_Cu,-6.453920000000001
ID_nAi2Ct_B,-0.48559999999999875
ID_JHNDeE_N,-5197.013333333334
ID_JHNDeE_P,-20.846933333333347
ID_JHNDeE_K,-1302.16
ID_JHNDeE_Ca,-13092.671999999999
ID_JHNDeE_Mg,-2876.96
ID_JHNDeE_S,-13.09904000000001
ID_JHNDeE_Fe,-364.7749333333333
ID_JHNDeE_Mn,-382.352
ID_JHNDeE_Zn,-4.26805333333333
ID_JHNDeE_Cu,-5.911840000000005
ID_JHNDeE_B,-0.4604266666666654
ID_1pLCee_N,-4385.967111111112
ID_1pLCee_P,-1.5995057777777077
ID_1pLCee_K,-1030.2538666666667
ID_1pLCee_Ca,-12113.417333333335
ID_1pLCee_Mg,-2836.421866666667
ID_1pLCee_S,-15.198788444444457
ID_1pLCee_Fe,-392.57896888888877
ID_1pLCee_Mn,-359.93377777777783
ID_1pLCee_Zn,-4.513292444444451
ID_1pLCee_Cu,-5.791935111111118
ID_1pLCee_B,-0.38934755555555506
ID_fWc5IY_N,-5827.754666666666
ID_fWc5IY_P,18.321404444444447
ID_fWc5IY_K,-914.6460444444443
ID_fWc5IY_Ca,-7404.534755555555
ID_fWc5IY_Mg,-1584.1335111111111
ID_fWc5IY_S,-13.370128000000008
ID_fWc5IY_Fe,-344.3051555555555
ID_fWc5IY_Mn,-313.12995555555557
ID_fWc5IY_Zn,-3.899011555555554
ID_fWc5IY_Cu,-6.169843555555557
ID_fWc5IY_B,-0.429626666666666
ID_pYVffa_N,-5094.8
ID_pYVffa_P,9.015540000000026
ID_pYVffa_K,-754.1507999999999
ID_pYVffa_Ca,-9573.170399999999
ID_pYVffa_Mg,-2515.5028
ID_pYVffa_S,-9.947431999999992
ID_pYVffa_Fe,-267.1066
ID_pYVffa_Mn,-283.83200000000005
ID_pYVffa_Zn,-3.955676000000007
ID_pYVffa_Cu,-5.147160000000005
ID_pYVffa_B,-0.45825199999999894
ID_qB97hV_N,-5344.6466666666665
ID_qB97hV_P,-9.333486222222234
ID_qB97hV_K,-911.3129333333333
ID_qB97hV_Ca,-10712.539155555554
ID_qB97hV_Mg,-3294.0225777777778
ID_qB97hV_S,-10.192653777777764
ID_qB97hV_Fe,-314.23055111111114
ID_qB97hV_Mn,-255.30720000000002
ID_qB97hV_Zn,-3.8322746666666663
ID_qB97hV_Cu,-3.478527999999996
ID_qB97hV_B,-0.43434444444444326
ID_5Yqlwb_N,-5165.474666666666
ID_5Yqlwb_P,13.110264888888928
ID_5Yqlwb_K,-938.7437333333334
ID_5Yqlwb_Ca,-9306.727466666667
ID_5Yqlwb_Mg,-1718.4606222222221
ID_5Yqlwb_S,-11.67279288888891
ID_5Yqlwb_Fe,-361.81032888888893
ID_5Yqlwb_Mn,-321.7861511111111
ID_5Yqlwb_Zn,-4.550335999999988
ID_5Yqlwb_Cu,-6.439571555555555
ID_5Yqlwb_B,-0.47008977777777744
ID_cdQweP_N,-4321.433777777777
ID_cdQweP_P,22.259093333333347
ID_cdQweP_K,-861.4668444444444
ID_cdQweP_Ca,-7071.991022222223
ID_cdQweP_Mg,-1481.2439111111112
ID_cdQweP_S,-11.907534222222257
ID_cdQweP_Fe,-356.41169777777776
ID_cdQweP_Mn,-300.7202666666667
ID_cdQweP_Zn,-4.187997333333323
ID_cdQweP_Cu,-4.5765875555555535
ID_cdQweP_B,-0.34516711111111087
ID_zFtEVY_N,-5330.572444444445
ID_zFtEVY_P,22.990868444444466
ID_zFtEVY_K,-745.7769777777777
ID_zFtEVY_Ca,-6778.265155555556
ID_zFtEVY_Mg,-1577.0240000000001
ID_zFtEVY_S,-17.903013333333348
ID_zFtEVY_Fe,-392.0980177777778
ID_zFtEVY_Mn,-375.7720888888889
ID_zFtEVY_Zn,-3.784762666666666
ID_zFtEVY_Cu,-6.723906666666669
ID_zFtEVY_B,-0.430610666666666
ID_TNQilY_N,-4994.491999999999
ID_TNQilY_P,17.813524000000022
ID_TNQilY_K,-729.8512000000001
ID_TNQilY_Ca,-7719.7708
ID_TNQilY_Mg,-1941.6724000000004
ID_TNQilY_S,-15.122888000000025
ID_TNQilY_Fe,-300.88631999999996
ID_TNQilY_Mn,-359.8201200000001
ID_TNQilY_Zn,-4.004711999999999
ID_TNQilY_Cu,-6.068860000000004
ID_TNQilY_B,-0.38789599999999874
ID_FHBNUg_N,-5243.297777777778
ID_FHBNUg_P,15.30520711111117
ID_FHBNUg_K,-810.4833777777778
ID_FHBNUg_Ca,-8325.930844444445
ID_FHBNUg_Mg,-2167.6874666666663
ID_FHBNUg_S,-15.807303111111146
ID_FHBNUg_Fe,-327.9350222222222
ID_FHBNUg_Mn,-341.8603911111112
ID_FHBNUg_Zn,-3.817818666666667
ID_FHBNUg_Cu,-6.342295111111116
ID_FHBNUg_B,-0.42068444444444303
ID_uRydgP_N,-5694.534222222222
ID_uRydgP_P,-27.811191111111157
ID_uRydgP_K,-1322.144088888889
ID_uRydgP_Ca,-14510.674311111112
ID_uRydgP_Mg,-2561.6676444444447
ID_uRydgP_S,-13.417252444444443
ID_uRydgP_Fe,-383.38020444444436
ID_uRydgP_Mn,-333.84942222222224
ID_uRydgP_Zn,-4.480322666666669
ID_uRydgP_Cu,-6.462332444444448
ID_uRydgP_B,-0.7256515555555543
ID_1kW1LK_N,-4846.13688888889
ID_1kW1LK_P,16.86274311111114
ID_1kW1LK_K,-882.3464888888889
ID_1kW1LK_Ca,-9490.029155555556
ID_1kW1LK_Mg,-1975.3834666666662
ID_1kW1LK_S,-13.778860444444447
ID_1kW1LK_Fe,-313.61928888888895
ID_1kW1LK_Mn,-259.15128888888887
ID_1kW1LK_Zn,-3.97118933333333
ID_1kW1LK_Cu,-6.09678933333334
ID_1kW1LK_B,-0.44803199999999915
ID_rbMh0o_N,-4889.125777777778
ID_rbMh0o_P,20.885226666666696
ID_rbMh0o_K,-900.9529777777778
ID_rbMh0o_Ca,-7850.741333333333
ID_rbMh0o_Mg,-1806.9139555555555
ID_rbMh0o_S,-15.302063555555563
ID_rbMh0o_Fe,-382.30804888888883
ID_rbMh0o_Mn,-298.1580888888889
ID_rbMh0o_Zn,-3.7534728888888877
ID_rbMh0o_Cu,-6.132656000000002
ID_rbMh0o_B,-0.37732622222222095
ID_h5Ncoa_N,-5081.456
ID_h5Ncoa_P,-4.8099119999998905
ID_h5Ncoa_K,-903.2368000000001
ID_h5Ncoa_Ca,-11062.1064
ID_h5Ncoa_Mg,-2942.2312
ID_h5Ncoa_S,-13.798975999999996
ID_h5Ncoa_Fe,-332.5965599999999
ID_h5Ncoa_Mn,-387.46720000000005
ID_h5Ncoa_Zn,-4.259256000000005
ID_h5Ncoa_Cu,-5.461264000000005
ID_h5Ncoa_B,-0.4565919999999983
ID_p4zl0l_N,-4733.777777777778
ID_p4zl0l_P,-8.926499999999947
ID_p4zl0l_K,-845.3722222222223
ID_p4zl0l_Ca,-12180.272222222222
ID_p4zl0l_Mg,-2926.3055555555557
ID_p4zl0l_S,-12.521000000000015
ID_p4zl0l_Fe,-407.0261111111111
ID_p4zl0l_Mn,-236.95555555555558
ID_p4zl0l_Zn,-4.357833333333333
ID_p4zl0l_Cu,-4.798333333333328
ID_p4zl0l_B,-0.36172222222222167
ID_NH1a7g_N,-5324.2008888888895
ID_NH1a7g_P,13.683232000000004
ID_NH1a7g_K,-742.7904000000001
ID_NH1a7g_Ca,-6883.9872
ID_NH1a7g_Mg,-1579.4755555555557
ID_NH1a7g_S,-16.00950577777781
ID_NH1a7g_Fe,-360.7432177777779
ID_NH1a7g_Mn,-362.1925333333334
ID_NH1a7g_Zn,-3.5279342222222216
ID_NH1a7g_Cu,-5.502842666666669
ID_NH1a7g_B,-0.39593955555555416
ID_cnF2aa_N,-5477.728888888889
ID_cnF2aa_P,-11.971185777777727
ID_cnF2aa_K,-973.4776888888889
ID_cnF2aa_Ca,-10470.65848888889
ID_cnF2aa_Mg,-2163.2419555555553
ID_cnF2aa_S,-10.313800000000022
ID_cnF2aa_Fe,-376.6290311111112
ID_cnF2aa_Mn,-299.1076
ID_cnF2aa_Zn,-4.460026666666663
ID_cnF2aa_Cu,-6.671690666666665
ID_cnF2aa_B,-0.49195911111111007
ID_VYbZfC_N,-5138.432888888889
ID_VYbZfC_P,-13.72765377777769
ID_VYbZfC_K,-1087.8137333333332
ID_VYbZfC_Ca,-11863.142222222223
ID_VYbZfC_Mg,-2523.706488888889
ID_VYbZfC_S,-12.926744888888912
ID_VYbZfC_Fe,-361.1858355555556
ID_VYbZfC_Mn,-247.93977777777783
ID_VYbZfC_Zn,-4.310971999999993
ID_VYbZfC_Cu,-5.361266666666665
ID_VYbZfC_B,-0.44999955555555454
ID_KMLCxf_N,-4389.120000000001
ID_KMLCxf_P,10.793280000000077
ID_KMLCxf_K,-1060.8746666666668
ID_KMLCxf_Ca,-10148.426666666666
ID_KMLCxf_Mg,-2013.616
ID_KMLCxf_S,-10.90154666666674
ID_KMLCxf_Fe,-398.9306666666668
ID_KMLCxf_Mn,-225.24799999999996
ID_KMLCxf_Zn,-4.504906666666661
ID_KMLCxf_Cu,-4.689599999999999
ID_KMLCxf_B,-0.42805333333333234
ID_sQWukH_N,-5292.426666666667
ID_sQWukH_P,24.34624000000001
ID_sQWukH_K,-799.6906666666666
ID_sQWukH_Ca,-6841.605333333333
ID_sQWukH_Mg,-1670.6986666666664
ID_sQWukH_S,-15.16741333333336
ID_sQWukH_Fe,-366.6976
ID_sQWukH_Mn,-359.12373333333335
ID_sQWukH_Zn,-4.284586666666665
ID_sQWukH_Cu,-5.892320000000007
ID_sQWukH_B,-0.397919999999999
ID_jwTmUf_N,-3989.1111111111113
ID_jwTmUf_P,-41.20305555555548
ID_jwTmUf_K,-1039.9222222222222
ID_jwTmUf_Ca,-12347.344444444445
ID_jwTmUf_Mg,-3229.8388888888894
ID_jwTmUf_S,-9.609111111111122
ID_jwTmUf_Fe,-323.69777777777745
ID_jwTmUf_Mn,-353.6388888888889
ID_jwTmUf_Zn,-4.813388888888889
ID_jwTmUf_Cu,-9.529222222222215
ID_jwTmUf_B,-0.48372222222222133
ID_FjatrJ_N,-4852.983111111111
ID_FjatrJ_P,-21.109637333333325
ID_FjatrJ_K,-849.5908444444445
ID_FjatrJ_Ca,-11362.293155555555
ID_FjatrJ_Mg,-3373.3953777777783
ID_FjatrJ_S,-11.120789333333352
ID_FjatrJ_Fe,-355.38957333333315
ID_FjatrJ_Mn,-319.3159111111112
ID_FjatrJ_Zn,-5.704554666666671
ID_FjatrJ_Cu,-11.295002666666656
ID_FjatrJ_B,-0.47832622222222193
ID_bPVCYl_N,-4603.210666666666
ID_bPVCYl_P,11.833670222222246
ID_bPVCYl_K,-821.4548444444443
ID_bPVCYl_Ca,-10795.465644444443
ID_bPVCYl_Mg,-2849.1823999999997
ID_bPVCYl_S,-9.528056888888901
ID_bPVCYl_Fe,-277.75805777777754
ID_bPVCYl_Mn,-279.55373333333335
ID_bPVCYl_Zn,-4.118191999999999
ID_bPVCYl_Cu,-40.92295999999999
ID_bPVCYl_B,-0.4163964444444435
ID_A5MVlJ_N,-5058.14
ID_A5MVlJ_P,-12.612767999999996
ID_A5MVlJ_K,-996.3199999999999
ID_A5MVlJ_Ca,-10341.631599999999
ID_A5MVlJ_Mg,-2726.3888000000006
ID_A5MVlJ_S,-9.900059999999982
ID_A5MVlJ_Fe,-265.5283999999998
ID_A5MVlJ_Mn,-278.16920000000005
ID_A5MVlJ_Zn,-5.407619999999996
ID_A5MVlJ_Cu,-4.327015999999998
ID_A5MVlJ_B,-0.42855999999999844
ID_uy6Tol_N,-5003.845333333335
ID_uy6Tol_P,-3.356263111111083
ID_uy6Tol_K,-998.0268444444444
ID_uy6Tol_Ca,-10473.518399999999
ID_uy6Tol_Mg,-2662.6293333333333
ID_uy6Tol_S,-10.561742222222211
ID_uy6Tol_Fe,-281.90849777777777
ID_uy6Tol_Mn,-248.58755555555555
ID_uy6Tol_Zn,-3.753624888888894
ID_uy6Tol_Cu,-5.482298666666666
ID_uy6Tol_B,-0.43797866666666524
ID_YjA7HF_N,-5834.823111111111
ID_YjA7HF_P,36.53515288888888
ID_YjA7HF_K,-688.9980444444444
ID_YjA7HF_Ca,-6589.717155555556
ID_YjA7HF_Mg,-2124.0764444444444
ID_YjA7HF_S,-12.82924533333333
ID_YjA7HF_Fe,-287.5175288888888
ID_YjA7HF_Mn,-249.28799999999998
ID_YjA7HF_Zn,-3.47984
ID_YjA7HF_Cu,-3.154608888888884
ID_YjA7HF_B,-0.39068888888888686
ID_rWornD_N,-4584.637333333334
ID_rWornD_P,35.38032088888888
ID_rWornD_K,-643.1017777777779
ID_rWornD_Ca,-6506.096711111111
ID_rWornD_Mg,-1802.7456888888892
ID_rWornD_S,-14.198768000000015
ID_rWornD_Fe,-299.5710488888888
ID_rWornD_Mn,-258.16951111111115
ID_rWornD_Zn,-3.4266791111111172
ID_rWornD_Cu,-3.877511111111108
ID_rWornD_B,-0.4065902222222215
ID_VZMI43_N,-4509.91911111111
ID_VZMI43_P,24.622794666666692
ID_VZMI43_K,-723.0416
ID_VZMI43_Ca,-8254.779644444445
ID_VZMI43_Mg,-2346.914488888889
ID_VZMI43_S,-14.683460444444435
ID_VZMI43_Fe,-286.42161777777767
ID_VZMI43_Mn,-271.10693333333336
ID_VZMI43_Zn,-3.7727253333333377
ID_VZMI43_Cu,-3.966543999999997
ID_VZMI43_B,-0.4757777777777758
ID_A9pbjJ_N,-4852.169777777778
ID_A9pbjJ_P,23.070737777777804
ID_A9pbjJ_K,-728.5722666666668
ID_A9pbjJ_Ca,-7730.852000000001
ID_A9pbjJ_Mg,-2172.102044444445
ID_A9pbjJ_S,-12.004340444444427
ID_A9pbjJ_Fe,-292.056391111111
ID_A9pbjJ_Mn,-256.6821955555556
ID_A9pbjJ_Zn,-4.236108444444446
ID_A9pbjJ_Cu,-6.272994666666665
ID_A9pbjJ_B,-0.462113777777776
ID_L4MUiF_N,-5182.88
ID_L4MUiF_P,19.065653333333337
ID_L4MUiF_K,-1008.6346666666666
ID_L4MUiF_Ca,-9879.125333333333
ID_L4MUiF_Mg,-2550.938666666667
ID_L4MUiF_S,-11.861386666666661
ID_L4MUiF_Fe,-342.1098666666666
ID_L4MUiF_Mn,-267.5413333333334
ID_L4MUiF_Zn,-4.89781333333333
ID_L4MUiF_Cu,-6.749279999999998
ID_L4MUiF_B,-0.44554666666666515
ID_Un41IF_N,-5046.275555555556
ID_Un41IF_P,29.88985244444448
ID_Un41IF_K,-834.3946666666666
ID_Un41IF_Ca,-7454.358044444444
ID_Un41IF_Mg,-1728.4787555555556
ID_Un41IF_S,-9.492222222222185
ID_Un41IF_Fe,-326.8865955555554
ID_Un41IF_Mn,-246.2056888888889
ID_Un41IF_Zn,-3.8037368888888916
ID_Un41IF_Cu,-3.5746399999999965
ID_Un41IF_B,-0.4297297777777754
ID_Obc9P3_N,-4990.346666666667
ID_Obc9P3_P,37.05354666666666
ID_Obc9P3_K,-723.4026666666667
ID_Obc9P3_Ca,-6302.48
ID_Obc9P3_Mg,-1689.6000000000001
ID_Obc9P3_S,-12.677493333333327
ID_Obc9P3_Fe,-280.6405333333332
ID_Obc9P3_Mn,-264.62933333333336
ID_Obc9P3_Zn,-3.434720000000011
ID_Obc9P3_Cu,-5.550239999999998
ID_Obc9P3_B,-0.4383999999999983
ID_JHJKsp_N,-4627.850666666666
ID_JHJKsp_P,37.26198755555555
ID_JHJKsp_K,-884.130311111111
ID_JHJKsp_Ca,-5744.945955555556
ID_JHJKsp_Mg,-1358.629511111111
ID_JHJKsp_S,-16.699585777777788
ID_JHJKsp_Fe,-306.10248888888856
ID_JHJKsp_Mn,-289.78044444444447
ID_JHJKsp_Zn,-3.121347555555557
ID_JHJKsp_Cu,-3.486376888888887
ID_JHJKsp_B,-0.4110151111111091
ID_Uxa2o4_N,-5595.816
ID_Uxa2o4_P,21.002998666666645
ID_Uxa2o4_K,-1158.4732888888889
ID_Uxa2o4_Ca,-8375.918622222222
ID_Uxa2o4_Mg,-2571.533911111111
ID_Uxa2o4_S,-15.912163999999986
ID_Uxa2o4_Fe,-302.1078888888889
ID_Uxa2o4_Mn,-259.25800000000004
ID_Uxa2o4_Zn,-5.702796000000003
ID_Uxa2o4_Cu,-14.575516
ID_Uxa2o4_B,-0.40615466666666533
ID_NCn4Mn_N,-4750.586666666667
ID_NCn4Mn_P,36.00226488888889
ID_NCn4Mn_K,-938.9010666666668
ID_NCn4Mn_Ca,-7291.659822222223
ID_NCn4Mn_Mg,-2067.6986666666667
ID_NCn4Mn_S,-14.362353777777784
ID_NCn4Mn_Fe,-279.0619111111112
ID_NCn4Mn_Mn,-228.74026666666668
ID_NCn4Mn_Zn,-4.95452533333334
ID_NCn4Mn_Cu,-13.674964444444452
ID_NCn4Mn_B,-0.37820711111110966
ID_rxqp9x_N,-4503.240888888889
ID_rxqp9x_P,20.544428444444424
ID_rxqp9x_K,-851.2894222222221
ID_rxqp9x_Ca,-8627.324266666667
ID_rxqp9x_Mg,-2343.7788444444445
ID_rxqp9x_S,-8.278759111111167
ID_rxqp9x_Fe,-276.88904888888896
ID_rxqp9x_Mn,-247.15431111111113
ID_rxqp9x_Zn,-3.739704888888888
ID_rxqp9x_Cu,-11.565802666666668
ID_rxqp9x_B,-0.4145724444444426
ID_dnwtOs_N,-4714.464
ID_dnwtOs_P,17.517704888888858
ID_dnwtOs_K,-995.5367111111111
ID_dnwtOs_Ca,-7893.7299555555555
ID_dnwtOs_Mg,-1934.4895999999999
ID_dnwtOs_S,-13.73622400000001
ID_dnwtOs_Fe,-292.8217777777777
ID_dnwtOs_Mn,-255.32586666666666
ID_dnwtOs_Zn,-6.343776000000001
ID_dnwtOs_Cu,-11.509607111111132
ID_dnwtOs_B,-0.3991057777777768
ID_UkIjYK_N,-4611.2
ID_UkIjYK_P,20.572227999999996
ID_UkIjYK_K,-976.5704000000001
ID_UkIjYK_Ca,-7480.6696
ID_UkIjYK_Mg,-1786.2859999999998
ID_UkIjYK_S,-13.625495999999988
ID_UkIjYK_Fe,-293.06812000000025
ID_UkIjYK_Mn,-257.2132
ID_UkIjYK_Zn,-4.321860000000003
ID_UkIjYK_Cu,-10.471804000000006
ID_UkIjYK_B,-0.38342399999999827
ID_ucU3Hf_N,-4507.018666666666
ID_ucU3Hf_P,21.442877333333314
ID_ucU3Hf_K,-922.6594666666666
ID_ucU3Hf_Ca,-7147.316533333333
ID_ucU3Hf_Mg,-1730.5050666666666
ID_ucU3Hf_S,-12.157664000000004
ID_ucU3Hf_Fe,-261.1355200000002
ID_ucU3Hf_Mn,-272.9061333333333
ID_ucU3Hf_Zn,-3.317362666666666
ID_ucU3Hf_Cu,-10.755957333333338
ID_ucU3Hf_B,-0.37321333333333157
ID_wMFaF5_N,-4019.8608888888893
ID_wMFaF5_P,22.28536844444442
ID_wMFaF5_K,-827.0728888888891
ID_wMFaF5_Ca,-6656.319644444445
ID_wMFaF5_Mg,-1603.5432
ID_wMFaF5_S,-12.581389333333338
ID_wMFaF5_Fe,-302.41959111111123
ID_wMFaF5_Mn,-230.6364
ID_wMFaF5_Zn,-3.365538222222223
ID_wMFaF5_Cu,-11.143944888888885
ID_wMFaF5_B,-0.36006933333333185
ID_Hpaazs_N,-4490.092
ID_Hpaazs_P,34.876596
ID_Hpaazs_K,-769.9432000000002
ID_Hpaazs_Ca,-6938.517600000001
ID_Hpaazs_Mg,-1801.1476
ID_Hpaazs_S,-12.857716000000025
ID_Hpaazs_Fe,-339.60240000000016
ID_Hpaazs_Mn,-245.92763999999997
ID_Hpaazs_Zn,-6.17254
ID_Hpaazs_Cu,-11.230744000000016
ID_Hpaazs_B,-0.38706399999999846
ID_E5E6Jj_N,-4216.648
ID_E5E6Jj_P,15.873445333333265
ID_E5E6Jj_K,-690.5504000000001
ID_E5E6Jj_Ca,-7609.036799999999
ID_E5E6Jj_Mg,-1968.9221333333332
ID_E5E6Jj_S,-8.948589333333391
ID_E5E6Jj_Fe,-326.41242666666693
ID_E5E6Jj_Mn,-241.6752
ID_E5E6Jj_Zn,-6.999967999999988
ID_E5E6Jj_Cu,-12.151671999999984
ID_E5E6Jj_B,-0.3733146666666647
ID_G796eh_N,-4303.308444444444
ID_G796eh_P,36.504069333333334
ID_G796eh_K,-893.0184888888889
ID_G796eh_Ca,-7292.035377777778
ID_G796eh_Mg,-1926.4778666666666
ID_G796eh_S,-13.081262222222257
ID_G796eh_Fe,-273.65342222222245
ID_G796eh_Mn,-275.7160888888889
ID_G796eh_Zn,-3.2037848888888862
ID_G796eh_Cu,-11.264821333333332
ID_G796eh_B,-0.3877119999999986
ID_d2h7Qv_N,-3733.2311111111107
ID_d2h7Qv_P,10.348400000000026
ID_d2h7Qv_K,-840.992888888889
ID_d2h7Qv_Ca,-9838.03111111111
ID_d2h7Qv_Mg,-2281.046888888889
ID_d2h7Qv_S,-8.759033333333395
ID_d2h7Qv_Fe,-239.710488888889
ID_d2h7Qv_Mn,-263.7626666666667
ID_d2h7Qv_Zn,-3.352884444444446
ID_d2h7Qv_Cu,-12.114966666666659
ID_d2h7Qv_B,-0.4248755555555543
ID_QauHTk_N,-3821.4755555555553
ID_QauHTk_P,12.71261777777779
ID_QauHTk_K,-764.4004444444445
ID_QauHTk_Ca,-8547.261333333334
ID_QauHTk_Mg,-1980.3502222222226
ID_QauHTk_S,-8.199813333333402
ID_QauHTk_Fe,-233.6779555555557
ID_QauHTk_Mn,-225.74533333333338
ID_QauHTk_Zn,-4.427973333333336
ID_QauHTk_Cu,-10.021248888888902
ID_QauHTk_B,-0.3679688888888877
ID_AJy7ui_N,-3915.5679999999993
ID_AJy7ui_P,35.781835555555546
ID_AJy7ui_K,-699.3344888888889
ID_AJy7ui_Ca,-7149.1213777777775
ID_AJy7ui_Mg,-1641.820088888889
ID_AJy7ui_S,-11.749285333333347
ID_AJy7ui_Fe,-265.1568000000001
ID_AJy7ui_Mn,-223.42387111111108
ID_AJy7ui_Zn,-3.151615111111108
ID_AJy7ui_Cu,-11.317211111111126
ID_AJy7ui_B,-0.27707999999999966
ID_V5dvNw_N,-3942.7884444444444
ID_V5dvNw_P,34.87924177777778
ID_V5dvNw_K,-629.7164444444444
ID_V5dvNw_Ca,-6573.604844444443
ID_V5dvNw_Mg,-1803.1589777777776
ID_V5dvNw_S,-14.175772000000038
ID_V5dvNw_Fe,-244.9428577777779
ID_V5dvNw_Mn,-215.73635555555558
ID_V5dvNw_Zn,-2.290655555555559
ID_V5dvNw_Cu,-12.319696888888892
ID_V5dvNw_B,-0.2280128888888891
ID_M2sFyD_N,-4272.497333333333
ID_M2sFyD_P,17.983431555555534
ID_M2sFyD_K,-666.3836888888889
ID_M2sFyD_Ca,-8152.41071111111
ID_M2sFyD_Mg,-2022.6401333333333
ID_M2sFyD_S,-8.268081777777866
ID_M2sFyD_Fe,-263.8279200000003
ID_M2sFyD_Mn,-239.25542222222222
ID_M2sFyD_Zn,-3.0566951111111154
ID_M2sFyD_Cu,-10.012940000000011
ID_M2sFyD_B,-0.2718066666666669
ID_4zwPmM_N,-3921.7453333333324
ID_4zwPmM_P,12.310329333333225
ID_4zwPmM_K,-723.6772000000001
ID_4zwPmM_Ca,-7945.816577777778
ID_4zwPmM_Mg,-1604.3342222222223
ID_4zwPmM_S,-7.995124000000093
ID_4zwPmM_Fe,-279.74233777777795
ID_4zwPmM_Mn,-213.37942666666663
ID_4zwPmM_Zn,-3.3066511111111105
ID_4zwPmM_Cu,-10.683607555555565
ID_4zwPmM_B,-0.2597533333333332
ID_7sHLSq_N,-4030.932
ID_7sHLSq_P,7.7959320000000005
ID_7sHLSq_K,-844.3968000000001
ID_7sHLSq_Ca,-9602.025200000002
ID_7sHLSq_Mg,-2514.1508000000003
ID_7sHLSq_S,-8.926464000000056
ID_7sHLSq_Fe,-289.2346799999999
ID_7sHLSq_Mn,-285.2568
ID_7sHLSq_Zn,-5.270704000000006
ID_7sHLSq_Cu,-11.236100000000027
ID_7sHLSq_B,-0.413895999999999
ID_w4B0AI_N,-3591.8542222222227
ID_w4B0AI_P,11.068347999999997
ID_w4B0AI_K,-767.5685777777779
ID_w4B0AI_Ca,-8566.765066666667
ID_w4B0AI_Mg,-2032.978977777778
ID_w4B0AI_S,-7.235787111111165
ID_w4B0AI_Fe,-255.39408444444467
ID_w4B0AI_Mn,-217.10586666666669
ID_w4B0AI_Zn,-3.4690155555555564
ID_w4B0AI_Cu,-11.200043555555562
ID_w4B0AI_B,-0.33536266666666587
ID_wZz3iX_N,-4166.541777777779
ID_wZz3iX_P,5.632884000000047
ID_wZz3iX_K,-598.6646222222223
ID_wZz3iX_Ca,-6879.247022222223
ID_wZz3iX_Mg,-1675.1623111111112
ID_wZz3iX_S,-7.392061777777773
ID_wZz3iX_Fe,-331.61166888888897
ID_wZz3iX_Mn,-360.63084000000003
ID_wZz3iX_Zn,-3.608457777777779
ID_wZz3iX_Cu,-7.087651111111113
ID_wZz3iX_B,-0.3046768888888885
ID_eAiMou_N,-4468.069333333335
ID_eAiMou_P,20.28630133333334
ID_eAiMou_K,-630.3540000000002
ID_eAiMou_Ca,-5924.270133333334
ID_eAiMou_Mg,-1417.2400000000002
ID_eAiMou_S,-10.76067333333333
ID_eAiMou_Fe,-279.52976
ID_eAiMou_Mn,-365.92022666666674
ID_eAiMou_Zn,-2.9219586666666637
ID_eAiMou_Cu,-8.92064799999999
ID_eAiMou_B,-0.3048
ID_DaMp8Y_N,-5673.770666666666
ID_DaMp8Y_P,17.12004800000001
ID_DaMp8Y_K,-471.34106666666673
ID_DaMp8Y_Ca,-5990.469866666666
ID_DaMp8Y_Mg,-1423.308
ID_DaMp8Y_S,-16.81484266666666
ID_DaMp8Y_Fe,-293.9629599999998
ID_DaMp8Y_Mn,-380.24904000000004
ID_DaMp8Y_Zn,-3.319237333333332
ID_DaMp8Y_Cu,-8.944623999999994
ID_DaMp8Y_B,-0.4366986666666656
ID_lXCddv_N,-4075.4044444444444
ID_lXCddv_P,13.531702222222304
ID_lXCddv_K,-635.5342222222224
ID_lXCddv_Ca,-6774.227555555557
ID_lXCddv_Mg,-1935.0351111111115
ID_lXCddv_S,-9.245888888888924
ID_lXCddv_Fe,-307.67710666666653
ID_lXCddv_Mn,-375.71933333333345
ID_lXCddv_Zn,-3.3230844444444476
ID_lXCddv_Cu,-8.70481777777778
ID_lXCddv_B,-0.3189333333333329
ID_VKXk1U_N,-3475.662222222222
ID_VKXk1U_P,-4.172015111111051
ID_VKXk1U_K,-1068.0717333333332
ID_VKXk1U_Ca,-11621.342044444445
ID_VKXk1U_Mg,-2865.5464888888887
ID_VKXk1U_S,-11.858446222222256
ID_VKXk1U_Fe,-308.9977244444443
ID_VKXk1U_Mn,-322.99132444444444
ID_VKXk1U_Zn,-4.140902222222223
ID_VKXk1U_Cu,-10.352792444444464
ID_VKXk1U_B,-0.6764062222222218
ID_Gxg64h_N,-5242.792
ID_Gxg64h_P,-83.25456000000003
ID_Gxg64h_K,-1280.3544000000002
ID_Gxg64h_Ca,-9906.792000000001
ID_Gxg64h_Mg,-2621.8532
ID_Gxg64h_S,-11.40421200000003
ID_Gxg64h_Fe,-314.5222799999998
ID_Gxg64h_Mn,-402.25212000000005
ID_Gxg64h_Zn,-6.2587559999999955
ID_Gxg64h_Cu,-9.198688000000002
ID_Gxg64h_B,-1.597728000000001
ID_IDbnoL_N,-3796.7795555555554
ID_IDbnoL_P,-18.314918222222254
ID_IDbnoL_K,-1239.4916444444445
ID_IDbnoL_Ca,-15729.645777777778
ID_IDbnoL_Mg,-3656.618488888889
ID_IDbnoL_S,-12.71176977777781
ID_IDbnoL_Fe,-304.2084977777777
ID_IDbnoL_Mn,-315.76133333333337
ID_IDbnoL_Zn,-4.686114666666661
ID_IDbnoL_Cu,-13.399578666666631
ID_IDbnoL_B,-0.7687608888888878
ID_Dgcm3O_N,-5491.862222222222
ID_Dgcm3O_P,-28.812984444444396
ID_Dgcm3O_K,-1511.7393333333332
ID_Dgcm3O_Ca,-10902.098000000002
ID_Dgcm3O_Mg,-2784.2511111111107
ID_Dgcm3O_S,-8.988573333333356
ID_Dgcm3O_Fe,-353.48791111111103
ID_Dgcm3O_Mn,-321.20695555555557
ID_Dgcm3O_Zn,-4.6545311111111065
ID_Dgcm3O_Cu,-7.782328888888894
ID_Dgcm3O_B,-1.1242288888888885
ID_slnedn_N,-5714.639999999999
ID_slnedn_P,-57.36833599999993
ID_slnedn_K,-752.336
ID_slnedn_Ca,-9685.3708
ID_slnedn_Mg,-1818.0996
ID_slnedn_S,-12.718512000000015
ID_slnedn_Fe,-418.13071999999994
ID_slnedn_Mn,-221.65247999999997
ID_slnedn_Zn,-4.591375999999995
ID_slnedn_Cu,-8.493412000000003
ID_slnedn_B,-0.796199999999998
ID_jRaSaV_N,-5082.104444444445
ID_jRaSaV_P,-21.20366444444433
ID_jRaSaV_K,-1377.117777777778
ID_jRaSaV_Ca,-12496.636888888888
ID_jRaSaV_Mg,-3289.075555555555
ID_jRaSaV_S,-10.162186666666674
ID_jRaSaV_Fe,-333.9348444444445
ID_jRaSaV_Mn,-243.65555555555554
ID_jRaSaV_Zn,-4.015335555555554
ID_jRaSaV_Cu,-8.202819999999997
ID_jRaSaV_B,-1.1341444444444446
ID_y4F6Ck_N,-4452.349333333334
ID_y4F6Ck_P,-14.972725333333244
ID_y4F6Ck_K,-884.3605333333334
ID_y4F6Ck_Ca,-10330.799466666667
ID_y4F6Ck_Mg,-2358.599466666666
ID_y4F6Ck_S,-10.281072000000012
ID_y4F6Ck_Fe,-359.6598933333334
ID_y4F6Ck_Mn,-278.0736266666666
ID_y4F6Ck_Zn,-4.306375999999999
ID_y4F6Ck_Cu,-7.869781333333337
ID_y4F6Ck_B,-1.0107519999999977
ID_h6nLxU_N,-5286.835555555555
ID_h6nLxU_P,-12.787472888888821
ID_h6nLxU_K,-764.1563111111111
ID_h6nLxU_Ca,-8924.959066666666
ID_h6nLxU_Mg,-2513.0651555555555
ID_h6nLxU_S,-15.689720888888896
ID_h6nLxU_Fe,-344.3461955555555
ID_h6nLxU_Mn,-284.47249777777773
ID_h6nLxU_Zn,-4.117790222222226
ID_h6nLxU_Cu,-8.079183555555547
ID_h6nLxU_B,-0.7617746666666653
ID_fwOmYp_N,-4645.561333333334
ID_fwOmYp_P,-6.104090666666671
ID_fwOmYp_K,-1161.8370222222225
ID_fwOmYp_Ca,-8458.50991111111
ID_fwOmYp_Mg,-2636.962755555556
ID_fwOmYp_S,-10.057522666666689
ID_fwOmYp_Fe,-238.81152444444442
ID_fwOmYp_Mn,-330.19046222222227
ID_fwOmYp_Zn,-4.741857777777783
ID_fwOmYp_Cu,-8.399045777777784
ID_fwOmYp_B,-0.8462959999999994
ID_DIoO9l_N,-4562.008
ID_DIoO9l_P,-17.556563999999995
ID_DIoO9l_K,-1109.706
ID_DIoO9l_Ca,-9976.0768
ID_DIoO9l_Mg,-2901.6392
ID_DIoO9l_S,-10.693580000000022
ID_DIoO9l_Fe,-239.2330399999998
ID_DIoO9l_Mn,-436.53
ID_DIoO9l_Zn,-5.138207999999997
ID_DIoO9l_Cu,-8.093116000000006
ID_DIoO9l_B,-1.3234799999999993
ID_EZxieG_N,-5692.908444444445
ID_EZxieG_P,-15.569871111111084
ID_EZxieG_K,-959.9680000000001
ID_EZxieG_Ca,-11132.077333333333
ID_EZxieG_Mg,-2523.356977777778
ID_EZxieG_S,-11.954681777777793
ID_EZxieG_Fe,-320.9791822222222
ID_EZxieG_Mn,-325.5967644444445
ID_EZxieG_Zn,-4.294669333333332
ID_EZxieG_Cu,-8.278824444444448
ID_EZxieG_B,-0.885239999999997
ID_IkOT7L_N,-4658.755555555556
ID_IkOT7L_P,16.00103822222222
ID_IkOT7L_K,-1120.5902222222223
ID_IkOT7L_Ca,-8890.138311111112
ID_IkOT7L_Mg,-2261.3937777777783
ID_IkOT7L_S,-12.943047111111156
ID_IkOT7L_Fe,-259.6980622222221
ID_IkOT7L_Mn,-310.2432000000001
ID_IkOT7L_Zn,-3.8076159999999946
ID_IkOT7L_Cu,-14.382798222222213
ID_IkOT7L_B,-0.6853333333333326
ID_5Egyjj_N,-3584.8515555555555
ID_5Egyjj_P,-15.603225777777801
ID_5Egyjj_K,-1127.0507555555557
ID_5Egyjj_Ca,-15856.393511111113
ID_5Egyjj_Mg,-3617.688977777778
ID_5Egyjj_S,-12.73379644444448
ID_5Egyjj_Fe,-301.47299555555554
ID_5Egyjj_Mn,-327.5277688888889
ID_5Egyjj_Zn,-5.2152791111111005
ID_5Egyjj_Cu,-12.54546844444446
ID_5Egyjj_B,-0.8157511111111091
ID_fmx9KS_N,-5451.637777777778
ID_fmx9KS_P,-13.128517777777724
ID_fmx9KS_K,-916.898
ID_fmx9KS_Ca,-10304.777777777777
ID_fmx9KS_Mg,-2350.2104444444444
ID_fmx9KS_S,-10.580480000000005
ID_fmx9KS_Fe,-314.68691111111104
ID_fmx9KS_Mn,-316.6734
ID_fmx9KS_Zn,-4.4903622222222195
ID_fmx9KS_Cu,-7.886391111111107
ID_fmx9KS_B,-1.0610555555555548
ID_PG810a_N,-5460.528444444445
ID_PG810a_P,12.212860888888859
ID_PG810a_K,-1423.9009333333333
ID_PG810a_Ca,-6228.715555555556
ID_PG810a_Mg,-1597.2900888888892
ID_PG810a_S,-13.737732444444447
ID_PG810a_Fe,-348.20404
ID_PG810a_Mn,-386.1220444444445
ID_PG810a_Zn,-5.754449777777785
ID_PG810a_Cu,-10.745909777777785
ID_PG810a_B,-0.7396200000000002
ID_ll5Wxb_N,-6199.5271111111115
ID_ll5Wxb_P,31.22328177777777
ID_ll5Wxb_K,-730.8252444444446
ID_ll5Wxb_Ca,-4307.735466666667
ID_ll5Wxb_Mg,-1326.2286222222224
ID_ll5Wxb_S,-32.48739555555551
ID_ll5Wxb_Fe,-221.37962666666672
ID_ll5Wxb_Mn,-262.83086222222227
ID_ll5Wxb_Zn,-3.551409777777778
ID_ll5Wxb_Cu,-7.943893333333331
ID_ll5Wxb_B,-0.650588444444444
ID_MmhOtv_N,-5817.084444444445
ID_MmhOtv_P,28.916778666666666
ID_MmhOtv_K,-716.1308444444445
ID_MmhOtv_Ca,-4290.223644444445
ID_MmhOtv_Mg,-1204.4472888888893
ID_MmhOtv_S,-39.146766222222254
ID_MmhOtv_Fe,-254.62520888888895
ID_MmhOtv_Mn,-275.06026666666673
ID_MmhOtv_Zn,-4.093041777777779
ID_MmhOtv_Cu,-8.945820444444452
ID_MmhOtv_B,-0.44580266666666674
ID_Dbhmwd_N,-5980.911999999999
ID_Dbhmwd_P,30.77365066666667
ID_Dbhmwd_K,-741.4501333333334
ID_Dbhmwd_Ca,-5746.798666666666
ID_Dbhmwd_Mg,-1201.0890666666664
ID_Dbhmwd_S,-26.35613599999995
ID_Dbhmwd_Fe,-200.1313333333333
ID_Dbhmwd_Mn,-357.30666666666673
ID_Dbhmwd_Zn,-3.3401626666666666
ID_Dbhmwd_Cu,-7.4789893333333355
ID_Dbhmwd_B,-0.6705253333333323
ID_4EnLAT_N,-5612.210666666666
ID_4EnLAT_P,29.788386666666675
ID_4EnLAT_K,-521.3845333333333
ID_4EnLAT_Ca,-3114.2346666666663
ID_4EnLAT_Mg,-780.0338666666667
ID_4EnLAT_S,-35.8613546666667
ID_4EnLAT_Fe,-213.85575111111103
ID_4EnLAT_Mn,-321.53701333333333
ID_4EnLAT_Zn,-2.8584746666666647
ID_4EnLAT_Cu,-7.213343999999994
ID_4EnLAT_B,-0.6954026666666658
ID_M2HR46_N,-6119.181333333334
ID_M2HR46_P,30.820568
ID_M2HR46_K,-840.6706666666668
ID_M2HR46_Ca,-4530.383199999999
ID_M2HR46_Mg,-1181.622933333333
ID_M2HR46_S,-23.50583199999999
ID_M2HR46_Fe,-210.38423999999992
ID_M2HR46_Mn,-301.97360000000003
ID_M2HR46_Zn,-2.971208000000001
ID_M2HR46_Cu,-9.009477333333331
ID_M2HR46_B,-0.8162933333333312
ID_pGhj8z_N,-6085.52
ID_pGhj8z_P,31.410592
ID_pGhj8z_K,-903.4928
ID_pGhj8z_Ca,-5381.707200000001
ID_pGhj8z_Mg,-1245.8416000000004
ID_pGhj8z_S,-15.312383999999977
ID_pGhj8z_Fe,-338.21968000000004
ID_pGhj8z_Mn,-303.87680000000006
ID_pGhj8z_Zn,-3.4452800000000026
ID_pGhj8z_Cu,-10.357120000000005
ID_pGhj8z_B,-0.8355519999999977
ID_72PuIl_N,-5733.922222222223
ID_72PuIl_P,31.969606666666657
ID_72PuIl_K,-622.6421777777779
ID_72PuIl_Ca,-4499.5923555555555
ID_72PuIl_Mg,-1203.0045333333335
ID_72PuIl_S,-29.87256799999998
ID_72PuIl_Fe,-270.42881777777774
ID_72PuIl_Mn,-286.85714666666667
ID_72PuIl_Zn,-4.653143111111117
ID_72PuIl_Cu,-11.10296088888889
ID_72PuIl_B,-0.43302666666666706
ID_P9zHaz_N,-5812.009333333333
ID_P9zHaz_P,19.18961866666663
ID_P9zHaz_K,-1059.4931111111111
ID_P9zHaz_Ca,-6024.0532
ID_P9zHaz_Mg,-1246.8273333333334
ID_P9zHaz_S,-11.71051377777783
ID_P9zHaz_Fe,-381.1158933333333
ID_P9zHaz_Mn,-460.14480888888886
ID_P9zHaz_Zn,-4.105987999999998
ID_P9zHaz_Cu,-10.613095555555555
ID_P9zHaz_B,-0.854735999999999
ID_ZyS9FQ_N,-5052.950666666666
ID_ZyS9FQ_P,-3.0826311111110556
ID_ZyS9FQ_K,-1118.2480888888888
ID_ZyS9FQ_Ca,-9061.759377777778
ID_ZyS9FQ_Mg,-2188.976133333333
ID_ZyS9FQ_S,-12.05920666666671
ID_ZyS9FQ_Fe,-364.0541488888888
ID_ZyS9FQ_Mn,-384.2670666666667
ID_ZyS9FQ_Zn,-4.689771111111105
ID_ZyS9FQ_Cu,-10.575680000000006
ID_ZyS9FQ_B,-0.6673066666666655
ID_FtO21a_N,-5976.753333333333
ID_FtO21a_P,29.627408888888866
ID_FtO21a_K,-791.3384444444445
ID_FtO21a_Ca,-3761.870666666666
ID_FtO21a_Mg,-846.8946666666667
ID_FtO21a_S,-27.78299777777775
ID_FtO21a_Fe,-168.9584000000002
ID_FtO21a_Mn,-328.2802222222222
ID_FtO21a_Zn,-3.6176911111111187
ID_FtO21a_Cu,-10.368448888888903
ID_FtO21a_B,-0.6613155555555541
ID_2LfJUq_N,-4810.786222222222
ID_2LfJUq_P,20.42904844444442
ID_2LfJUq_K,-953.1321777777778
ID_2LfJUq_Ca,-6917.708488888889
ID_2LfJUq_Mg,-2008.9283555555555
ID_2LfJUq_S,-15.898254222222256
ID_2LfJUq_Fe,-346.2108755555557
ID_2LfJUq_Mn,-292.7895555555556
ID_2LfJUq_Zn,-4.119461333333326
ID_2LfJUq_Cu,-10.62741333333335
ID_2LfJUq_B,-0.47591511111111123
ID_UtQKvO_N,-5881.297777777779
ID_UtQKvO_P,32.06089244444444
ID_UtQKvO_K,-690.1020444444445
ID_UtQKvO_Ca,-4599.995733333334
ID_UtQKvO_Mg,-918.6880000000001
ID_UtQKvO_S,-18.715676444444426
ID_UtQKvO_Fe,-268.9364859259259
ID_UtQKvO_Mn,-367.2686222222223
ID_UtQKvO_Zn,-3.099477333333335
ID_UtQKvO_Cu,-9.970844444444463
ID_UtQKvO_B,-0.5813475555555546
ID_wpMM4E_N,-6359.240888888889
ID_wpMM4E_P,30.61333155555556
ID_wpMM4E_K,-964.2888888888889
ID_wpMM4E_Ca,-5815.742044444444
ID_wpMM4E_Mg,-1258.8076444444443
ID_wpMM4E_S,-16.401697777777784
ID_wpMM4E_Fe,-350.10927999999984
ID_wpMM4E_Mn,-406.4970666666667
ID_wpMM4E_Zn,-4.4046684444444475
ID_wpMM4E_Cu,-8.329505777777783
ID_wpMM4E_B,-0.3891555555555558
ID_HBXVpN_N,-6444.362666666668
ID_HBXVpN_P,21.317713333333298
ID_HBXVpN_K,-950.2806666666668
ID_HBXVpN_Ca,-5753.897466666667
ID_HBXVpN_Mg,-1167.0361333333335
ID_HBXVpN_S,-13.619342666666707
ID_HBXVpN_Fe,-356.24556
ID_HBXVpN_Mn,-479.26997333333344
ID_HBXVpN_Zn,-4.21972133333334
ID_HBXVpN_Cu,-11.185047999999998
ID_HBXVpN_B,-0.670853333333333
ID_YuT1pZ_N,-6463.648
ID_YuT1pZ_P,25.422943999999987
ID_YuT1pZ_K,-1168.024
ID_YuT1pZ_Ca,-6335.9416
ID_YuT1pZ_Mg,-1224.5299999999997
ID_YuT1pZ_S,-16.112864
ID_YuT1pZ_Fe,-351.55564
ID_YuT1pZ_Mn,-435.18840000000006
ID_YuT1pZ_Zn,-5.363420000000007
ID_YuT1pZ_Cu,-8.284268000000013
ID_YuT1pZ_B,-0.762035999999999
ID_8YT7Rx_N,-6232.092000000001
ID_8YT7Rx_P,30.554979999999993
ID_8YT7Rx_K,-863.4756
ID_8YT7Rx_Ca,-4845.6892
ID_8YT7Rx_Mg,-1251.6116
ID_8YT7Rx_S,-21.414523999999993
ID_8YT7Rx_Fe,-188.65974666666665
ID_8YT7Rx_Mn,-420.4568
ID_8YT7Rx_Zn,-2.9314319999999983
ID_8YT7Rx_Cu,-8.299036000000013
ID_8YT7Rx_B,-0.31795599999999985
ID_ydzJH2_N,-5745.318222222223
ID_ydzJH2_P,31.12203288888888
ID_ydzJH2_K,-768.3768
ID_ydzJH2_Ca,-4878.513688888889
ID_ydzJH2_Mg,-1297.763288888889
ID_ydzJH2_S,-25.952735999999952
ID_ydzJH2_Fe,-211.2110577777778
ID_ydzJH2_Mn,-388.8450666666667
ID_ydzJH2_Zn,-2.76766222222222
ID_ydzJH2_Cu,-10.830426666666671
ID_ydzJH2_B,-0.8067502222222199
ID_Iy5QsI_N,-5068.014222222223
ID_Iy5QsI_P,27.552824888888885
ID_Iy5QsI_K,-946.8437333333334
ID_Iy5QsI_Ca,-6461.1648000000005
ID_Iy5QsI_Mg,-1711.7397333333336
ID_Iy5QsI_S,-16.35325155555558
ID_Iy5QsI_Fe,-350.70336000000015
ID_Iy5QsI_Mn,-360.0992
ID_Iy5QsI_Zn,-3.0773333333333337
ID_Iy5QsI_Cu,-11.162019555555565
ID_Iy5QsI_B,-0.3639608888888893
ID_BpD918_N,-5386.752
ID_BpD918_P,27.458529777777773
ID_BpD918_K,-909.3912888888889
ID_BpD918_Ca,-6771.797511111112
ID_BpD918_Mg,-1645.063288888889
ID_BpD918_S,-15.954229333333345
ID_BpD918_Fe,-329.1375466666667
ID_BpD918_Mn,-371.5669333333334
ID_BpD918_Zn,-3.7077617777777774
ID_BpD918_Cu,-8.238007111111125
ID_BpD918_B,-0.7854097777777761
ID_tJ6uLY_N,-6565.297777777778
ID_tJ6uLY_P,22.30344222222223
ID_tJ6uLY_K,-859.2497777777777
ID_tJ6uLY_Ca,-5915.728666666668
ID_tJ6uLY_Mg,-1166.850222222222
ID_tJ6uLY_S,-12.347237777777806
ID_tJ6uLY_Fe,-308.6675555555554
ID_tJ6uLY_Mn,-376.6671111111111
ID_tJ6uLY_Zn,-5.35378222222223
ID_tJ6uLY_Cu,-7.53633111111112
ID_tJ6uLY_B,-0.7877133333333323
ID_4jBN0Z_N,-6236.704444444445
ID_4jBN0Z_P,28.689213333333317
ID_4jBN0Z_K,-1106.571333333333
ID_4jBN0Z_Ca,-6001.288666666667
ID_4jBN0Z_Mg,-1304.2368888888889
ID_4jBN0Z_S,-16.098895555555544
ID_4jBN0Z_Fe,-298.54397777777785
ID_4jBN0Z_Mn,-326.9411111111111
ID_4jBN0Z_Zn,-4.020753333333337
ID_4jBN0Z_Cu,-8.194846666666681
ID_4jBN0Z_B,-0.6866155555555542
ID_wxsLoH_N,-6322.481777777777
ID_wxsLoH_P,19.553840000000008
ID_wxsLoH_K,-919.7809777777779
ID_wxsLoH_Ca,-5828.8784
ID_wxsLoH_Mg,-1261.8597333333335
ID_wxsLoH_S,-11.42828800000003
ID_wxsLoH_Fe,-313.5986666666667
ID_wxsLoH_Mn,-335.76284444444445
ID_wxsLoH_Zn,-4.262478222222222
ID_wxsLoH_Cu,-7.533642666666672
ID_wxsLoH_B,-0.4240586666666672
ID_r0Jbzq_N,-6170.264
ID_r0Jbzq_P,31.238987999999992
ID_r0Jbzq_K,-870.1628
ID_r0Jbzq_Ca,-4707.457600000001
ID_r0Jbzq_Mg,-1245.8032000000003
ID_r0Jbzq_S,-23.050703999999996
ID_r0Jbzq_Fe,-192.8471333333333
ID_r0Jbzq_Mn,-346.32040000000006
ID_r0Jbzq_Zn,-3.2227359999999994
ID_r0Jbzq_Cu,-8.365388000000015
ID_r0Jbzq_B,-0.7540799999999989
ID_IxccQh_N,-6021.095555555556
ID_IxccQh_P,31.257360888888883
ID_IxccQh_K,-818.7468000000001
ID_IxccQh_Ca,-4679.582933333333
ID_IxccQh_Mg,-1205.3557333333333
ID_IxccQh_S,-23.609665777777778
ID_IxccQh_Fe,-192.34193629629638
ID_IxccQh_Mn,-358.5410222222223
ID_IxccQh_Zn,-2.836852888888887
ID_IxccQh_Cu,-11.74046000000001
ID_IxccQh_B,-0.5522866666666661
ID_fJA5hF_N,-5762.082666666667
ID_fJA5hF_P,31.557717333333322
ID_fJA5hF_K,-886.448
ID_fJA5hF_Ca,-5326.853066666667
ID_fJA5hF_Mg,-1331.3834666666667
ID_fJA5hF_S,-18.77538933333334
ID_fJA5hF_Fe,-217.0705511111111
ID_fJA5hF_Mn,-295.6250666666666
ID_fJA5hF_Zn,-2.8086186666666664
ID_fJA5hF_Cu,-8.211021333333337
ID_fJA5hF_B,-0.8001813333333327
ID_sbd9v7_N,-5443.997333333333
ID_sbd9v7_P,32.034591999999996
ID_sbd9v7_K,-650.3666666666667
ID_sbd9v7_Ca,-4646.3135999999995
ID_sbd9v7_Mg,-1247.368
ID_sbd9v7_S,-23.37653066666669
ID_sbd9v7_Fe,-216.03340444444447
ID_sbd9v7_Mn,-281.8842666666667
ID_sbd9v7_Zn,-2.2542239999999993
ID_sbd9v7_Cu,-8.803314666666681
ID_sbd9v7_B,-0.3537573333333342
ID_CkYmaO_N,-4345.255111111112
ID_CkYmaO_P,19.98450488888887
ID_CkYmaO_K,-805.591466666667
ID_CkYmaO_Ca,-7746.692977777779
ID_CkYmaO_Mg,-1880.4593777777782
ID_CkYmaO_S,-10.72639288888891
ID_CkYmaO_Fe,-273.6114488888887
ID_CkYmaO_Mn,-226.5398755555556
ID_CkYmaO_Zn,-3.377934222222221
ID_CkYmaO_Cu,-7.736618666666664
ID_CkYmaO_B,-0.7095751111111094
ID_rH1SyL_N,-5040.044
ID_rH1SyL_P,-13.030899999999953
ID_rH1SyL_K,-1147.4164
ID_rH1SyL_Ca,-11997.717200000001
ID_rH1SyL_Mg,-3170.4323999999997
ID_rH1SyL_S,-11.490896000000014
ID_rH1SyL_Fe,-339.7480000000002
ID_rH1SyL_Mn,-224.97840000000002
ID_rH1SyL_Zn,-4.357896000000002
ID_rH1SyL_Cu,-8.388320000000014
ID_rH1SyL_B,-1.177516000000001
ID_EVEfu6_N,-6097.155555555556
ID_EVEfu6_P,26.63553777777778
ID_EVEfu6_K,-1112.552888888889
ID_EVEfu6_Ca,-5856.338666666667
ID_EVEfu6_Mg,-1199.193777777778
ID_EVEfu6_S,-15.456733333333336
ID_EVEfu6_Fe,-297.64613333333335
ID_EVEfu6_Mn,-327.53688888888894
ID_EVEfu6_Zn,-4.074017777777784
ID_EVEfu6_Cu,-8.073613333333341
ID_EVEfu6_B,-0.7177688888888875
ID_jWv9Ql_N,-6214.442666666667
ID_jWv9Ql_P,21.515247111111105
ID_jWv9Ql_K,-866.4824444444445
ID_jWv9Ql_Ca,-5536.516622222223
ID_jWv9Ql_Mg,-1224.8917333333334
ID_jWv9Ql_S,-13.357081777777786
ID_jWv9Ql_Fe,-349.0677155555556
ID_jWv9Ql_Mn,-312.2120000000001
ID_jWv9Ql_Zn,-3.512470222222222
ID_jWv9Ql_Cu,-8.813185777777774
ID_jWv9Ql_B,-0.652237777777777
ID_wGWnG6_N,-5040.398222222222
ID_wGWnG6_P,12.838625777777807
ID_wGWnG6_K,-807.5651555555555
ID_wGWnG6_Ca,-7505.681600000001
ID_wGWnG6_Mg,-1960.7674666666667
ID_wGWnG6_S,-13.766693333333361
ID_wGWnG6_Fe,-415.9169048888889
ID_wGWnG6_Mn,-451.0410666666667
ID_wGWnG6_Zn,-3.417482666666663
ID_wGWnG6_Cu,-7.464403555555552
ID_wGWnG6_B,-0.6316213333333323
ID_SXJxZH_N,-5845.04
ID_SXJxZH_P,31.682177777777774
ID_SXJxZH_K,-679.5277777777778
ID_SXJxZH_Ca,-4110.330888888889
ID_SXJxZH_Mg,-868.5351111111112
ID_SXJxZH_S,-25.979746666666664
ID_SXJxZH_Fe,-194.08683703703693
ID_SXJxZH_Mn,-386.51622222222227
ID_SXJxZH_Zn,-2.97813777777778
ID_SXJxZH_Cu,-8.215086666666673
ID_SXJxZH_B,-0.7238755555555546
ID_tQivj4_N,-5525.9648888888905
ID_tQivj4_P,31.526836444444434
ID_tQivj4_K,-899.5391111111112
ID_tQivj4_Ca,-4298.492622222223
ID_tQivj4_Mg,-956.8213777777779
ID_tQivj4_S,-20.41025244444444
ID_tQivj4_Fe,-238.06442222222222
ID_tQivj4_Mn,-310.9129333333334
ID_tQivj4_Zn,-3.600753777777775
ID_tQivj4_Cu,-7.914880000000006
ID_tQivj4_B,-0.5136359999999998
ID_DcMLiU_N,-5918.531555555557
ID_DcMLiU_P,31.886023111111115
ID_DcMLiU_K,-890.6666666666666
ID_DcMLiU_Ca,-5495.741866666668
ID_DcMLiU_Mg,-1165.6554666666668
ID_DcMLiU_S,-15.852060444444454
ID_DcMLiU_Fe,-277.93464888888894
ID_DcMLiU_Mn,-415.9214222222223
ID_DcMLiU_Zn,-3.682424888888892
ID_DcMLiU_Cu,-7.738808888888883
ID_DcMLiU_B,-0.6341119999999987
ID_3UnCQd_N,-5201.406222222223
ID_3UnCQd_P,25.215516444444454
ID_3UnCQd_K,-839.5863111111112
ID_3UnCQd_Ca,-4928.202844444444
ID_3UnCQd_Mg,-1382.2161777777778
ID_3UnCQd_S,-16.420051555555553
ID_3UnCQd_Fe,-349.1101333333333
ID_3UnCQd_Mn,-327.3489777777778
ID_3UnCQd_Zn,-4.5317013333333325
ID_3UnCQd_Cu,-6.274604444444444
ID_3UnCQd_B,-0.6617813333333309
ID_6q9eL0_N,-5425.034666666667
ID_6q9eL0_P,19.799232000000018
ID_6q9eL0_K,-621.0254222222223
ID_6q9eL0_Ca,-5087.5342222222225
ID_6q9eL0_Mg,-1389.2423111111113
ID_6q9eL0_S,-19.87350755555556
ID_6q9eL0_Fe,-274.7309511111111
ID_6q9eL0_Mn,-301.9601777777778
ID_6q9eL0_Zn,-2.723008000000006
ID_6q9eL0_Cu,-9.794730666666663
ID_6q9eL0_B,-0.5631786666666662
ID_ApaE2w_N,-5278.902222222223
ID_ApaE2w_P,12.954080000000033
ID_ApaE2w_K,-615.0595555555557
ID_ApaE2w_Ca,-5131.160000000001
ID_ApaE2w_Mg,-1337.4271111111113
ID_ApaE2w_S,-18.7137111111111
ID_ApaE2w_Fe,-279.7097777777777
ID_ApaE2w_Mn,-352.4492000000001
ID_ApaE2w_Zn,-5.3068977777777855
ID_ApaE2w_Cu,-8.08495555555555
ID_ApaE2w_B,-0.5627911111111109
ID_huvH4z_N,-5381.673333333334
ID_huvH4z_P,25.030046666666664
ID_huvH4z_K,-919.0181333333336
ID_huvH4z_Ca,-5542.435066666668
ID_huvH4z_Mg,-1296.467066666667
ID_huvH4z_S,-13.573314666666697
ID_huvH4z_Fe,-299.9744799999999
ID_huvH4z_Mn,-302.39320000000004
ID_huvH4z_Zn,-3.3716813333333353
ID_huvH4z_Cu,-8.805553333333323
ID_huvH4z_B,-0.718213333333333
ID_S6gvek_N,-5172.704000000001
ID_S6gvek_P,30.531423999999994
ID_S6gvek_K,-556.5488
ID_S6gvek_Ca,-5144.894400000001
ID_S6gvek_Mg,-1410.3184
ID_S6gvek_S,-20.58177599999999
ID_S6gvek_Fe,-209.3752
ID_S6gvek_Mn,-272.1512000000001
ID_S6gvek_Zn,-3.5442080000000105
ID_S6gvek_Cu,-8.266527999999987
ID_S6gvek_B,-0.5669439999999993
ID_gofxX5_N,-5131.0160000000005
ID_gofxX5_P,27.732854222222226
ID_gofxX5_K,-455.8838222222223
ID_gofxX5_Ca,-4299.852711111112
ID_gofxX5_Mg,-1329.7235111111113
ID_gofxX5_S,-18.739245333333322
ID_gofxX5_Fe,-223.41303111111114
ID_gofxX5_Mn,-259.18437777777785
ID_gofxX5_Zn,-2.772526222222225
ID_gofxX5_Cu,-8.815962666666659
ID_gofxX5_B,-0.5831146666666656
ID_RDUU31_N,-5428.88
ID_RDUU31_P,31.54830399999999
ID_RDUU31_K,-581.9792
ID_RDUU31_Ca,-5540.3328
ID_RDUU31_Mg,-1243.384
ID_RDUU31_S,-15.768383999999994
ID_RDUU31_Fe,-204.82048
ID_RDUU31_Mn,-300.3248000000001
ID_RDUU31_Zn,-2.7499040000000035
ID_RDUU31_Cu,-7.480623999999982
ID_RDUU31_B,-0.44852799999999865
ID_zLYIsB_N,-5997.3208888888885
ID_zLYIsB_P,31.246949333333333
ID_zLYIsB_K,-694.1068444444444
ID_zLYIsB_Ca,-5148.819377777778
ID_zLYIsB_Mg,-1290.199822222222
ID_zLYIsB_S,-14.583127111111136
ID_zLYIsB_Fe,-307.5706192592592
ID_zLYIsB_Mn,-301.45262222222226
ID_zLYIsB_Zn,-2.901256888888891
ID_zLYIsB_Cu,-8.832120888888872
ID_zLYIsB_B,-0.5308302222222211
ID_sZp592_N,-5782.177333333333
ID_sZp592_P,31.31587466666666
ID_sZp592_K,-1010.3506666666667
ID_sZp592_Ca,-5346.861777777778
ID_sZp592_Mg,-1269.733688888889
ID_sZp592_S,-12.952157777777774
ID_sZp592_Fe,-258.94631999999996
ID_sZp592_Mn,-297.8296
ID_sZp592_Zn,-2.883177333333332
ID_sZp592_Cu,-10.081844888888885
ID_sZp592_B,-0.6041271111111098
ID_YhVPAv_N,-5347.328
ID_YhVPAv_P,26.998528
ID_YhVPAv_K,-883.7648000000002
ID_YhVPAv_Ca,-5743.392
ID_YhVPAv_Mg,-1279.9456000000002
ID_YhVPAv_S,-12.489888
ID_YhVPAv_Fe,-333.0184
ID_YhVPAv_Mn,-282.1616
ID_YhVPAv_Zn,-3.8771840000000046
ID_YhVPAv_Cu,-8.444847999999988
ID_YhVPAv_B,-0.6758079999999992
ID_4h0oeB_N,-6102.344
ID_4h0oeB_P,31.85189644444445
ID_4h0oeB_K,-605.459111111111
ID_4h0oeB_Ca,-4882.647733333334
ID_4h0oeB_Mg,-1323.5668888888888
ID_4h0oeB_S,-15.421584444444449
ID_4h0oeB_Fe,-272.31738399999995
ID_4h0oeB_Mn,-327.1493333333334
ID_4h0oeB_Zn,-3.6005515555555534
ID_4h0oeB_Cu,-7.519707999999982
ID_4h0oeB_B,-0.6589697777777769
ID_xpOP7P_N,-5575.559555555556
ID_xpOP7P_P,31.864683999999997
ID_xpOP7P_K,-594.6988888888889
ID_xpOP7P_Ca,-6366.823111111113
ID_xpOP7P_Mg,-1363.5411111111114
ID_xpOP7P_S,-15.632487555555556
ID_xpOP7P_Fe,-279.74011999999993
ID_xpOP7P_Mn,-318.55173333333335
ID_xpOP7P_Zn,-2.589174222222225
ID_xpOP7P_Cu,-10.100745777777774
ID_xpOP7P_B,-0.4949551111111093
ID_YLFTdp_N,-5499.499555555555
ID_YLFTdp_P,30.81062177777777
ID_YLFTdp_K,-936.0147555555558
ID_YLFTdp_Ca,-6068.514133333333
ID_YLFTdp_Mg,-1333.6737333333338
ID_YLFTdp_S,-11.54928044444446
ID_YLFTdp_Fe,-322.5133777777778
ID_YLFTdp_Mn,-298.36173333333335
ID_YLFTdp_Zn,-4.946232000000007
ID_YLFTdp_Cu,-8.883333333333317
ID_YLFTdp_B,-0.7318319999999995
ID_YUTjZF_N,-5470.1066666666675
ID_YUTjZF_P,30.55979999999999
ID_YUTjZF_K,-1084.8133333333335
ID_YUTjZF_Ca,-5816.215555555556
ID_YUTjZF_Mg,-1301.8457777777778
ID_YUTjZF_S,-16.839213333333348
ID_YUTjZF_Fe,-263.14915555555547
ID_YUTjZF_Mn,-282.7644444444445
ID_YUTjZF_Zn,-4.161480000000001
ID_YUTjZF_Cu,-9.977493333333324
ID_YUTjZF_B,-0.7418222222222219
ID_d4cDrB_N,-5525.993777777778
ID_d4cDrB_P,31.546695999999997
ID_d4cDrB_K,-773.1159555555556
ID_d4cDrB_Ca,-4724.050977777778
ID_d4cDrB_Mg,-1233.2874222222222
ID_d4cDrB_S,-13.094588000000012
ID_d4cDrB_Fe,-268.1826888888888
ID_d4cDrB_Mn,-292.62607555555553
ID_d4cDrB_Zn,-2.796192444444445
ID_d4cDrB_Cu,-9.49831288888888
ID_d4cDrB_B,-0.6086471111111097
ID_Juxn4Y_N,-5613.540000000001
ID_Juxn4Y_P,25.629397333333337
ID_Juxn4Y_K,-1075.3258666666668
ID_Juxn4Y_Ca,-7072.483733333334
ID_Juxn4Y_Mg,-2178.108
ID_Juxn4Y_S,-11.116909333333336
ID_Juxn4Y_Fe,-318.18883999999997
ID_Juxn4Y_Mn,-298.5106666666667
ID_Juxn4Y_Zn,-3.7913600000000014
ID_Juxn4Y_Cu,-9.871547999999986
ID_Juxn4Y_B,-0.6947306666666658
ID_fS4hnS_N,-5640.148888888889
ID_fS4hnS_P,26.379180888888875
ID_fS4hnS_K,-915.6164888888889
ID_fS4hnS_Ca,-6213.154933333333
ID_fS4hnS_Mg,-1452.3215999999998
ID_fS4hnS_S,-13.155959555555555
ID_fS4hnS_Fe,-345.55604888888865
ID_fS4hnS_Mn,-213.54164444444442
ID_fS4hnS_Zn,-5.395142222222227
ID_fS4hnS_Cu,-8.907749777777768
ID_fS4hnS_B,-0.6405382222222207
ID_4FwVOj_N,-5873.88311111111
ID_4FwVOj_P,30.84313288888889
ID_4FwVOj_K,-798.6740444444445
ID_4FwVOj_Ca,-6704.187644444444
ID_4FwVOj_Mg,-1329.668888888889
ID_4FwVOj_S,-15.04828266666668
ID_4FwVOj_Fe,-327.18224888888886
ID_4FwVOj_Mn,-282.1853777777778
ID_4FwVOj_Zn,-3.994846222222218
ID_4FwVOj_Cu,-9.213854222222212
ID_4FwVOj_B,-0.5977488888888871
ID_wbEJMJ_N,-5984.471111111112
ID_wbEJMJ_P,32.25835333333331
ID_wbEJMJ_K,-404.00822222222223
ID_wbEJMJ_Ca,-4547.366666666666
ID_wbEJMJ_Mg,-1377.5762222222222
ID_wbEJMJ_S,-21.076555555555544
ID_wbEJMJ_Fe,-245.6874222222222
ID_wbEJMJ_Mn,-254.17933333333335
ID_wbEJMJ_Zn,-4.047433333333328
ID_wbEJMJ_Cu,-8.618864444444437
ID_wbEJMJ_B,-0.4945399999999988
ID_08G9Z9_N,-5935.38
ID_08G9Z9_P,32.535712
ID_08G9Z9_K,-731.2656
ID_08G9Z9_Ca,-5562.992800000001
ID_08G9Z9_Mg,-1251.7676000000001
ID_08G9Z9_S,-15.84563600000001
ID_08G9Z9_Fe,-343.90487999999993
ID_08G9Z9_Mn,-348.56160000000006
ID_08G9Z9_Zn,-3.4812800000000075
ID_08G9Z9_Cu,-9.663359999999987
ID_08G9Z9_B,-0.6393679999999979
ID_Z6ltst_N,-5693.8133333333335
ID_Z6ltst_P,32.10880355555555
ID_Z6ltst_K,-721.7767111111111
ID_Z6ltst_Ca,-3568.5281777777777
ID_Z6ltst_Mg,-800.6901333333333
ID_Z6ltst_S,-15.883976888888874
ID_Z6ltst_Fe,-293.4971555555556
ID_Z6ltst_Mn,-310.2428444444444
ID_Z6ltst_Zn,-3.0969102222222222
ID_Z6ltst_Cu,-9.774608000000011
ID_Z6ltst_B,-0.3703893333333327
ID_ENbah1_N,-5631.6613333333335
ID_ENbah1_P,32.33538577777777
ID_ENbah1_K,-729.7189333333333
ID_ENbah1_Ca,-4920.947199999999
ID_ENbah1_Mg,-1301.1426666666666
ID_ENbah1_S,-14.399964000000018
ID_ENbah1_Fe,-239.71623111111109
ID_ENbah1_Mn,-304.3584888888889
ID_ENbah1_Zn,-2.9459551111111106
ID_ENbah1_Cu,-9.387572888888883
ID_ENbah1_B,-0.6454097777777776
ID_RTSYn6_N,-4587.7991111111105
ID_RTSYn6_P,19.348216888888906
ID_RTSYn6_K,-740.7135111111111
ID_RTSYn6_Ca,-5266.638222222223
ID_RTSYn6_Mg,-1701.4896
ID_RTSYn6_S,-14.880242666666692
ID_RTSYn6_Fe,-265.0498044444443
ID_RTSYn6_Mn,-374.53582222222224
ID_RTSYn6_Zn,-9.426935111111133
ID_RTSYn6_Cu,-10.396662222222208
ID_RTSYn6_B,-0.5939635555555548
ID_h10nHy_N,-5747.013333333334
ID_h10nHy_P,24.010644444444463
ID_h10nHy_K,-899.7737777777779
ID_h10nHy_Ca,-5445.896888888889
ID_h10nHy_Mg,-1335.6182222222224
ID_h10nHy_S,-15.348982222222226
ID_h10nHy_Fe,-339.2354222222222
ID_h10nHy_Mn,-344.41528888888894
ID_h10nHy_Zn,-4.532253333333335
ID_h10nHy_Cu,-9.539839999999993
ID_h10nHy_B,-0.6998755555555544
ID_ImNtwn_N,-5673.466666666667
ID_ImNtwn_P,29.891949333333322
ID_ImNtwn_K,-1121.06
ID_ImNtwn_Ca,-6034.5144
ID_ImNtwn_Mg,-1307.56
ID_ImNtwn_S,-17.751112000000003
ID_ImNtwn_Fe,-351.46
ID_ImNtwn_Mn,-275.27733333333333
ID_ImNtwn_Zn,-6.268037333333339
ID_ImNtwn_Cu,-8.959266666666654
ID_ImNtwn_B,-0.6430133333333321
ID_f2dcJs_N,-4521.404444444444
ID_f2dcJs_P,27.447055111111105
ID_f2dcJs_K,-1142.0865777777778
ID_f2dcJs_Ca,-8173.880266666667
ID_f2dcJs_Mg,-2377.0632
ID_f2dcJs_S,-8.334074666666638
ID_f2dcJs_Fe,-295.1560622222222
ID_f2dcJs_Mn,-295.63315555555556
ID_f2dcJs_Zn,-3.637015999999995
ID_f2dcJs_Cu,-10.75123911111112
ID_f2dcJs_B,-0.6693786666666652
ID_9lQ4ST_N,-4844.54
ID_9lQ4ST_P,28.466062222222213
ID_9lQ4ST_K,-1008.8264444444446
ID_9lQ4ST_Ca,-5860.620666666667
ID_9lQ4ST_Mg,-1372.4855555555557
ID_9lQ4ST_S,-13.974053333333316
ID_9lQ4ST_Fe,-263.572222222222
ID_9lQ4ST_Mn,-318.9728888888889
ID_9lQ4ST_Zn,-3.1378599999999994
ID_9lQ4ST_Cu,-8.860364444444444
ID_9lQ4ST_B,-0.6595266666666655
ID_jHVkTM_N,-6123.1355555555565
ID_jHVkTM_P,31.421613333333326
ID_jHVkTM_K,-707.1942222222223
ID_jHVkTM_Ca,-4906.938444444444
ID_jHVkTM_Mg,-1254.0917777777777
ID_jHVkTM_S,-16.506864444444474
ID_jHVkTM_Fe,-244.66775555555552
ID_jHVkTM_Mn,-288.48204444444445
ID_jHVkTM_Zn,-4.064862222222225
ID_jHVkTM_Cu,-9.086991111111104
ID_jHVkTM_B,-0.5861822222222206
ID_2bV5Ra_N,-5875.031111111111
ID_2bV5Ra_P,28.703455999999996
ID_2bV5Ra_K,-801.378488888889
ID_2bV5Ra_Ca,-4884.576533333333
ID_2bV5Ra_Mg,-1309.610488888889
ID_2bV5Ra_S,-14.29585955555557
ID_2bV5Ra_Fe,-255.73082074074068
ID_2bV5Ra_Mn,-267.8141688888889
ID_2bV5Ra_Zn,-3.9089617777777756
ID_2bV5Ra_Cu,-9.48197866666666
ID_2bV5Ra_B,-0.5923359999999982
ID_NweUUX_N,-4858.6648888888885
ID_NweUUX_P,28.373500444444446
ID_NweUUX_K,-916.1102222222222
ID_NweUUX_Ca,-6143.877688888888
ID_NweUUX_Mg,-1399.1624888888891
ID_NweUUX_S,-17.976462222222228
ID_NweUUX_Fe,-322.1470933333333
ID_NweUUX_Mn,-355.9107555555555
ID_NweUUX_Zn,-4.802058666666673
ID_NweUUX_Cu,-8.645747555555536
ID_NweUUX_B,-0.6733297777777768
ID_tDMDbk_N,-4797.665333333333
ID_tDMDbk_P,22.488492000000008
ID_tDMDbk_K,-943.5812000000001
ID_tDMDbk_Ca,-5564.294666666668
ID_tDMDbk_Mg,-1405.6565333333335
ID_tDMDbk_S,-14.785730666666684
ID_tDMDbk_Fe,-310.5885466666667
ID_tDMDbk_Mn,-272.77840000000003
ID_tDMDbk_Zn,-3.516968000000005
ID_tDMDbk_Cu,-8.854541333333323
ID_tDMDbk_B,-0.5241853333333324
ID_v8wsZZ_N,-4471.696
ID_v8wsZZ_P,32.27605333333333
ID_v8wsZZ_K,-935.9466666666666
ID_v8wsZZ_Ca,-5008.1066666666675
ID_v8wsZZ_Mg,-1370.6346666666668
ID_v8wsZZ_S,-17.039199999999994
ID_v8wsZZ_Fe,-257.1546666666666
ID_v8wsZZ_Mn,-305.3546666666667
ID_v8wsZZ_Zn,-4.766026666666673
ID_v8wsZZ_Cu,-10.340266666666654
ID_v8wsZZ_B,-0.6857599999999976
ID_04cLhK_N,-5527.895555555555
ID_04cLhK_P,7.841655555555519
ID_04cLhK_K,-627.1695555555556
ID_04cLhK_Ca,-5528.168444444444
ID_04cLhK_Mg,-1324.073111111111
ID_04cLhK_S,-16.45979111111113
ID_04cLhK_Fe,-280.4399111111112
ID_04cLhK_Mn,-346.342888888889
ID_04cLhK_Zn,-2.919155555555552
ID_04cLhK_Cu,-9.229846666666662
ID_04cLhK_B,-0.5312888888888868
ID_XV6ndi_N,-4621.038222222222
ID_XV6ndi_P,-15.166350222222292
ID_XV6ndi_K,-779.0328888888889
ID_XV6ndi_Ca,-7944.508444444444
ID_XV6ndi_Mg,-2195.0677333333333
ID_XV6ndi_S,-13.7371591111111
ID_XV6ndi_Fe,-369.74634666666674
ID_XV6ndi_Mn,-383.58862222222234
ID_XV6ndi_Zn,-4.455239111111108
ID_XV6ndi_Cu,-9.547968000000001
ID_XV6ndi_B,-0.7258879999999983
ID_PuRjVx_N,-4486.947555555555
ID_PuRjVx_P,20.31491422222222
ID_PuRjVx_K,-598.692
ID_PuRjVx_Ca,-6880.2155555555555
ID_PuRjVx_Mg,-1942.372977777778
ID_PuRjVx_S,-12.311065333333325
ID_PuRjVx_Fe,-291.55126666666655
ID_PuRjVx_Mn,-381.0399555555556
ID_PuRjVx_Zn,-3.6966675555555493
ID_PuRjVx_Cu,-9.648545777777768
ID_PuRjVx_B,-0.46152933333333285
ID_JhT7cO_N,-4730.166666666666
ID_JhT7cO_P,32.56616666666667
ID_JhT7cO_K,-895.1722222222223
ID_JhT7cO_Ca,-6433.433333333333
ID_JhT7cO_Mg,-1755.8055555555557
ID_JhT7cO_S,-15.480666666666707
ID_JhT7cO_Fe,-304.76833333333326
ID_JhT7cO_Mn,-317.9222222222222
ID_JhT7cO_Zn,-5.835611111111119
ID_JhT7cO_Cu,-10.616222222222223
ID_JhT7cO_B,-0.7937222222222203
ID_i6euc4_N,-4960.068000000001
ID_i6euc4_P,33.01354
ID_i6euc4_K,-699.7432
ID_i6euc4_Ca,-5147.164400000001
ID_i6euc4_Mg,-1275.4432
ID_i6euc4_S,-14.492908000000028
ID_i6euc4_Fe,-257.34037599999994
ID_i6euc4_Mn,-303.94664000000006
ID_i6euc4_Zn,-3.072092000000003
ID_i6euc4_Cu,-10.030844000000007
ID_i6euc4_B,-0.452895999999999
ID_dHtC9i_N,-6087.500444444444
ID_dHtC9i_P,31.40052711111111
ID_dHtC9i_K,-799.5823999999999
ID_dHtC9i_Ca,-4752.614488888888
ID_dHtC9i_Mg,-964.7605333333333
ID_dHtC9i_S,-17.075200000000002
ID_dHtC9i_Fe,-371.5450666666667
ID_dHtC9i_Mn,-298.1242666666667
ID_dHtC9i_Zn,-3.1998391111111113
ID_dHtC9i_Cu,-9.66291199999999
ID_dHtC9i_B,-0.5431448888888871
ID_Zcaggu_N,-5017.112
ID_Zcaggu_P,28.96325999999999
ID_Zcaggu_K,-1112.9664
ID_Zcaggu_Ca,-5768.325199999999
ID_Zcaggu_Mg,-1192.0507999999998
ID_Zcaggu_S,-14.739023999999997
ID_Zcaggu_Fe,-260.99053333333325
ID_Zcaggu_Mn,-327.1506
ID_Zcaggu_Zn,-3.758024000000003
ID_Zcaggu_Cu,-9.047160000000005
ID_Zcaggu_B,-0.37614399999999965
ID_oMnhua_N,-4213.564888888889
ID_oMnhua_P,31.650272444444443
ID_oMnhua_K,-878.7809777777777
ID_oMnhua_Ca,-10726.025822222224
ID_oMnhua_Mg,-2380.4569333333334
ID_oMnhua_S,-10.483331111111092
ID_oMnhua_Fe,-273.83824888888887
ID_oMnhua_Mn,-311.40115555555565
ID_oMnhua_Zn,-2.996630222222217
ID_oMnhua_Cu,-10.439393333333339
ID_oMnhua_B,-0.510610222222221
ID_HVbbKE_N,-5581.810666666666
ID_HVbbKE_P,32.01275466666666
ID_HVbbKE_K,-686.6085333333333
ID_HVbbKE_Ca,-5636.649333333333
ID_HVbbKE_Mg,-1425.7146666666665
ID_HVbbKE_S,-16.023074666666652
ID_HVbbKE_Fe,-217.95485333333326
ID_HVbbKE_Mn,-303.3897333333333
ID_HVbbKE_Zn,-3.8903013333333365
ID_HVbbKE_Cu,-8.73602933333333
ID_HVbbKE_B,-0.5672666666666654
ID_Q5cKrM_N,-4770.782222222223
ID_Q5cKrM_P,19.202361777777796
ID_Q5cKrM_K,-787.9998222222223
ID_Q5cKrM_Ca,-6555.514844444446
ID_Q5cKrM_Mg,-1416.2822222222221
ID_Q5cKrM_S,-17.900627555555587
ID_Q5cKrM_Fe,-267.9372622222223
ID_Q5cKrM_Mn,-369.55280000000005
ID_Q5cKrM_Zn,-3.4499404444444433
ID_Q5cKrM_Cu,-9.999362666666658
ID_Q5cKrM_B,-0.5976693333333314
ID_qAwWx4_N,-5911.599999999999
ID_qAwWx4_P,15.813279111111111
ID_qAwWx4_K,-860.839111111111
ID_qAwWx4_Ca,-4984.618933333333
ID_qAwWx4_Mg,-1216.0411111111111
ID_qAwWx4_S,-13.77776088888892
ID_qAwWx4_Fe,-296.788262222222
ID_qAwWx4_Mn,-400.89062222222225
ID_qAwWx4_Zn,-3.073218222222223
ID_qAwWx4_Cu,-10.236981333333334
ID_qAwWx4_B,-0.5178955555555542
ID_kue435_N,-5983.246222222223
ID_kue435_P,32.00940444444444
ID_kue435_K,-777.3484444444443
ID_kue435_Ca,-6958.259555555556
ID_kue435_Mg,-1666.0656
ID_kue435_S,-15.468387555555559
ID_kue435_Fe,-244.63176888888887
ID_kue435_Mn,-310.3562666666667
ID_kue435_Zn,-3.031486222222222
ID_kue435_Cu,-9.875863111111093
ID_kue435_B,-0.4878844444444424
ID_qI1tsI_N,-5596.34
ID_qI1tsI_P,21.61751333333333
ID_qI1tsI_K,-877.5084000000002
ID_qI1tsI_Ca,-6030.703244444445
ID_qI1tsI_Mg,-1482.8341777777782
ID_qI1tsI_S,-12.054120000000026
ID_qI1tsI_Fe,-419.16004444444445
ID_qI1tsI_Mn,-254.2336888888889
ID_qI1tsI_Zn,-6.243913333333329
ID_qI1tsI_Cu,-7.607645777777783
ID_qI1tsI_B,-0.6805293333333322
ID_54INbd_N,-5425.242222222223
ID_54INbd_P,11.261559555555582
ID_54INbd_K,-872.9270222222224
ID_54INbd_Ca,-7011.408666666667
ID_54INbd_Mg,-1641.611866666667
ID_54INbd_S,-13.208914666666686
ID_54INbd_Fe,-359.0286355555555
ID_54INbd_Mn,-275.00516
ID_54INbd_Zn,-6.846135111111107
ID_54INbd_Cu,-7.1688284444444434
ID_54INbd_B,-0.44334888888888796
ID_hiunqZ_N,-5769.488000000001
ID_hiunqZ_P,31.702384
ID_hiunqZ_K,-730.64
ID_hiunqZ_Ca,-5546.1216
ID_hiunqZ_Mg,-1312.3024000000003
ID_hiunqZ_S,-14.312784
ID_hiunqZ_Fe,-309.446608
ID_hiunqZ_Mn,-222.02816000000004
ID_hiunqZ_Zn,-3.3512000000000044
ID_hiunqZ_Cu,-7.257375999999988
ID_hiunqZ_B,-0.3519999999999988
ID_Gh8epq_N,-5973.187555555556
ID_Gh8epq_P,33.412209777777775
ID_Gh8epq_K,-880.760888888889
ID_Gh8epq_Ca,-4623.406222222223
ID_Gh8epq_Mg,-952.7459555555557
ID_Gh8epq_S,-16.891818666666666
ID_Gh8epq_Fe,-294.38222222222214
ID_Gh8epq_Mn,-307.2615111111112
ID_Gh8epq_Zn,-3.0087822222222216
ID_Gh8epq_Cu,-13.005397333333336
ID_Gh8epq_B,-0.42514488888888774
ID_8yfBc1_N,-5386.624444444445
ID_8yfBc1_P,29.330197777777762
ID_8yfBc1_K,-856.4744444444443
ID_8yfBc1_Ca,-6873.315777777778
ID_8yfBc1_Mg,-1489.1415555555557
ID_8yfBc1_S,-12.356897777777789
ID_8yfBc1_Fe,-328.86922222222216
ID_8yfBc1_Mn,-200.75646666666668
ID_8yfBc1_Zn,-5.860600000000006
ID_8yfBc1_Cu,-8.779353333333328
ID_8yfBc1_B,-0.320404444444445
ID_JqquHx_N,-5227.3386666666665
ID_JqquHx_P,30.71257022222221
ID_JqquHx_K,-642.4075111111113
ID_JqquHx_Ca,-4944.205777777779
ID_JqquHx_Mg,-1103.0442666666665
ID_JqquHx_S,-14.424022222222227
ID_JqquHx_Fe,-294.3041777777778
ID_JqquHx_Mn,-204.33397333333332
ID_JqquHx_Zn,-6.281409333333326
ID_JqquHx_Cu,-10.260560444444438
ID_JqquHx_B,-0.3433559999999999
ID_lBFBtP_N,-4667.746666666667
ID_lBFBtP_P,25.732273333333346
ID_lBFBtP_K,-836.5846666666669
ID_lBFBtP_Ca,-7016.499333333333
ID_lBFBtP_Mg,-1644.3640000000005
ID_lBFBtP_S,-11.535773333333317
ID_lBFBtP_Fe,-344.78794666666664
ID_lBFBtP_Mn,-206.37626666666665
ID_lBFBtP_Zn,-3.5634933333333367
ID_lBFBtP_Cu,-5.857659999999998
ID_lBFBtP_B,-0.25357333333333404
ID_8yMuUw_N,-5505.264444444445
ID_8yMuUw_P,19.59815511111111
ID_8yMuUw_K,-979.212666666667
ID_8yMuUw_Ca,-7370.3277777777785
ID_8yMuUw_Mg,-1900.5657777777778
ID_8yMuUw_S,-10.628690666666675
ID_8yMuUw_Fe,-340.0512355555555
ID_8yMuUw_Mn,-196.94183555555554
ID_8yMuUw_Zn,-3.762104444444445
ID_8yMuUw_Cu,-7.255067111111126
ID_8yMuUw_B,-0.8416555555555535
ID_zZ59zj_N,-4714.143999999999
ID_zZ59zj_P,-3.668687999999918
ID_zZ59zj_K,-1130.1850666666667
ID_zZ59zj_Ca,-10764.673333333332
ID_zZ59zj_Mg,-2883.496
ID_zZ59zj_S,-15.568898666666719
ID_zZ59zj_Fe,-310.03240000000005
ID_zZ59zj_Mn,-270.6768
ID_zZ59zj_Zn,-4.93418666666666
ID_zZ59zj_Cu,-11.638925333333333
ID_zZ59zj_B,-0.8697466666666654
ID_BDUnGT_N,-5760.506666666668
ID_BDUnGT_P,5.7633066666667006
ID_BDUnGT_K,-802.0106666666669
ID_BDUnGT_Ca,-7961.948888888892
ID_BDUnGT_Mg,-2075.492888888889
ID_BDUnGT_S,-8.899755555555576
ID_BDUnGT_Fe,-346.6646266666666
ID_BDUnGT_Mn,-206.16142222222226
ID_BDUnGT_Zn,-3.5950044444444447
ID_BDUnGT_Cu,-7.0427422222222225
ID_BDUnGT_B,-0.5512044444444422
ID_4IfK1E_N,-5062.928000000001
ID_4IfK1E_P,29.775711999999977
ID_4IfK1E_K,-729.5216
ID_4IfK1E_Ca,-5692.512000000001
ID_4IfK1E_Mg,-1219.6096000000002
ID_4IfK1E_S,-12.339456000000006
ID_4IfK1E_Fe,-264.5699199999998
ID_4IfK1E_Mn,-215.47808000000006
ID_4IfK1E_Zn,-4.0820000000000025
ID_4IfK1E_Cu,-6.567712000000006
ID_4IfK1E_B,-0.4889439999999992
ID_CxhZFi_N,-4853.618666666667
ID_CxhZFi_P,20.52678533333331
ID_CxhZFi_K,-1202.5259999999998
ID_CxhZFi_Ca,-7741.015377777776
ID_CxhZFi_Mg,-2244.657511111111
ID_CxhZFi_S,-12.189232000000036
ID_CxhZFi_Fe,-272.16430666666656
ID_CxhZFi_Mn,-297.28720000000004
ID_CxhZFi_Zn,-9.381280000000006
ID_CxhZFi_Cu,-12.355706222222222
ID_CxhZFi_B,-0.8257075555555529
ID_CrcvZl_N,-5258.34
ID_CrcvZl_P,18.405714666666658
ID_CrcvZl_K,-723.7518666666667
ID_CrcvZl_Ca,-5726.502666666667
ID_CrcvZl_Mg,-1266.1862666666668
ID_CrcvZl_S,-15.473042666666693
ID_CrcvZl_Fe,-378.81457333333327
ID_CrcvZl_Mn,-220.24727999999988
ID_CrcvZl_Zn,-4.823511999999998
ID_CrcvZl_Cu,-7.531643333333332
ID_CrcvZl_B,-0.30889466666666726
ID_AiVTAc_N,-5594.207111111112
ID_AiVTAc_P,29.562649333333333
ID_AiVTAc_K,-590.4755555555556
ID_AiVTAc_Ca,-5007.322444444445
ID_AiVTAc_Mg,-1185.1356
ID_AiVTAc_S,-15.751615111111125
ID_AiVTAc_Fe,-326.37271111111113
ID_AiVTAc_Mn,-235.4612888888889
ID_AiVTAc_Zn,-4.420659111111113
ID_AiVTAc_Cu,-5.556599999999981
ID_AiVTAc_B,-0.4493408888888872
ID_I3YM2m_N,-5146.128000000001
ID_I3YM2m_P,-20.620690666666682
ID_I3YM2m_K,-943.9394666666666
ID_I3YM2m_Ca,-11897.737066666668
ID_I3YM2m_Mg,-3171.242133333333
ID_I3YM2m_S,-7.860877333333313
ID_I3YM2m_Fe,-401.5536266666666
ID_I3YM2m_Mn,-242.07546666666667
ID_I3YM2m_Zn,-3.8752533333333274
ID_I3YM2m_Cu,-12.606101333333338
ID_I3YM2m_B,-1.0991146666666645
ID_iUTVHn_N,-4507.838666666666
ID_iUTVHn_P,-39.138860888888914
ID_iUTVHn_K,-1493.6672
ID_iUTVHn_Ca,-15156.755466666667
ID_iUTVHn_Mg,-3285.5021777777783
ID_iUTVHn_S,-8.515282666666671
ID_iUTVHn_Fe,-349.4936888888887
ID_iUTVHn_Mn,-283.43880000000007
ID_iUTVHn_Zn,-3.985864000000005
ID_iUTVHn_Cu,-11.785098222222231
ID_iUTVHn_B,-1.054995555555555
ID_hQHdRi_N,-5762.720000000001
ID_hQHdRi_P,20.587984000000006
ID_hQHdRi_K,-433.29440000000005
ID_hQHdRi_Ca,-4337.0544
ID_hQHdRi_Mg,-602.4688000000001
ID_hQHdRi_S,-22.383072000000013
ID_hQHdRi_Fe,-362.03344000000004
ID_hQHdRi_Mn,-230.87936000000005
ID_hQHdRi_Zn,-4.164272
ID_hQHdRi_Cu,-6.693759999999995
ID_hQHdRi_B,-0.2208160000000004
ID_g72WMs_N,-5066.284444444445
ID_g72WMs_P,29.271235555555542
ID_g72WMs_K,-498.75777777777773
ID_g72WMs_Ca,-5164.218666666668
ID_g72WMs_Mg,-967.2991111111113
ID_g72WMs_S,-17.36555111111112
ID_g72WMs_Fe,-328.80937777777785
ID_g72WMs_Mn,-227.99666666666667
ID_g72WMs_Zn,-4.472706666666673
ID_g72WMs_Cu,-6.136048888888893
ID_g72WMs_B,-0.32753777777777715
ID_fg0HcT_N,-6023.1680000000015
ID_fg0HcT_P,26.601327999999995
ID_fg0HcT_K,-986.2400000000002
ID_fg0HcT_Ca,-6467.097600000001
ID_fg0HcT_Mg,-1347.5968
ID_fg0HcT_S,-9.000528000000006
ID_fg0HcT_Fe,-333.3966399999999
ID_fg0HcT_Mn,-226.99328
ID_fg0HcT_Zn,-6.431360000000002
ID_fg0HcT_Cu,-7.758784000000006
ID_fg0HcT_B,-0.6427359999999989
ID_K3bx9T_N,-5976.464000000002
ID_K3bx9T_P,12.912208000000035
ID_K3bx9T_K,-1159.5344000000002
ID_K3bx9T_Ca,-8929.7664
ID_K3bx9T_Mg,-1685.8528000000003
ID_K3bx9T_S,-10.679520000000032
ID_K3bx9T_Fe,-359.54559999999987
ID_K3bx9T_Mn,-217.49504000000002
ID_K3bx9T_Zn,-4.736432000000008
ID_K3bx9T_Cu,-10.571488000000006
ID_K3bx9T_B,-1.0058079999999976
ID_bowgE9_N,-5545.667111111112
ID_bowgE9_P,27.387488888888875
ID_bowgE9_K,-600.4594666666667
ID_bowgE9_Ca,-6302.878666666667
ID_bowgE9_Mg,-908.1038222222223
ID_bowgE9_S,-14.593238666666679
ID_bowgE9_Fe,-266.116293333333
ID_bowgE9_Mn,-216.06334222222222
ID_bowgE9_Zn,-4.844401777777778
ID_bowgE9_Cu,-9.881967111111107
ID_bowgE9_B,-0.45104799999999895
ID_chWouz_N,-5746.394666666667
ID_chWouz_P,9.657533333333372
ID_chWouz_K,-1074.5316
ID_chWouz_Ca,-8213.978133333336
ID_chWouz_Mg,-1858.9805333333338
ID_chWouz_S,-11.805652000000006
ID_chWouz_Fe,-429.66441333333336
ID_chWouz_Mn,-210.91439999999994
ID_chWouz_Zn,-7.369358666666663
ID_chWouz_Cu,-10.333061333333346
ID_chWouz_B,-0.9558026666666642
ID_kAseMR_N,-5461.781333333334
ID_kAseMR_P,32.112408888888886
ID_kAseMR_K,-691.5399111111111
ID_kAseMR_Ca,-5105.85848888889
ID_kAseMR_Mg,-1206.988088888889
ID_kAseMR_S,-14.992298666666684
ID_kAseMR_Fe,-281.36817777777776
ID_kAseMR_Mn,-237.0837688888889
ID_kAseMR_Zn,-7.264430222222212
ID_kAseMR_Cu,-6.826170666666677
ID_kAseMR_B,-0.18674844444444572
ID_MRQwFN_N,-5980.168000000001
ID_MRQwFN_P,26.67317377777779
ID_MRQwFN_K,-1091.3687111111112
ID_MRQwFN_Ca,-5782.8346666666675
ID_MRQwFN_Mg,-1240.3761333333337
ID_MRQwFN_S,-10.52497422222224
ID_MRQwFN_Fe,-311.64713333333333
ID_MRQwFN_Mn,-271.31817777777786
ID_MRQwFN_Zn,-5.786264444444436
ID_MRQwFN_Cu,-9.553549333333335
ID_MRQwFN_B,-0.8607915555555529
ID_RFmYY5_N,-5308.676888888889
ID_RFmYY5_P,-7.641332444444416
ID_RFmYY5_K,-1419.7083111111112
ID_RFmYY5_Ca,-9594.218444444445
ID_RFmYY5_Mg,-2814.702755555556
ID_RFmYY5_S,-8.266733333333335
ID_RFmYY5_Fe,-372.09239111111106
ID_RFmYY5_Mn,-245.3082844444444
ID_RFmYY5_Zn,-4.5907466666666625
ID_RFmYY5_Cu,-9.728349777777776
ID_RFmYY5_B,-0.8717879999999992
ID_qUixA6_N,-6047.207111111112
ID_qUixA6_P,22.879779555555565
ID_qUixA6_K,-712.9898666666668
ID_qUixA6_Ca,-7185.129955555557
ID_qUixA6_Mg,-1788.8035555555555
ID_qUixA6_S,-12.267413333333337
ID_qUixA6_Fe,-344.9967644444443
ID_qUixA6_Mn,-219.53813333333338
ID_qUixA6_Zn,-3.585557333333338
ID_qUixA6_Cu,-7.557742222222226
ID_qUixA6_B,-0.5778133333333316
ID_P4WLSC_N,-4865.14488888889
ID_P4WLSC_P,30.275445333333323
ID_P4WLSC_K,-623.2003555555557
ID_P4WLSC_Ca,-4811.090133333334
ID_P4WLSC_Mg,-1063.5189333333333
ID_P4WLSC_S,-13.365923555555579
ID_P4WLSC_Fe,-283.88127999999995
ID_P4WLSC_Mn,-226.60565333333344
ID_P4WLSC_Zn,-2.484867555555555
ID_P4WLSC_Cu,-6.55209600000001
ID_P4WLSC_B,-0.206161777777779
ID_2ryQo8_N,-4569.756
ID_2ryQo8_P,17.724344
ID_2ryQo8_K,-1001.8424000000002
ID_2ryQo8_Ca,-10105.348800000002
ID_2ryQo8_Mg,-2531.6332
ID_2ryQo8_S,-11.452936000000019
ID_2ryQo8_Fe,-322.8022399999999
ID_2ryQo8_Mn,-314.2884
ID_2ryQo8_Zn,-3.4597520000000013
ID_2ryQo8_Cu,-12.580976000000005
ID_2ryQo8_B,-0.843311999999998
ID_3xtRql_N,-5756.528
ID_3xtRql_P,22.702000000000016
ID_3xtRql_K,-385.6016000000001
ID_3xtRql_Ca,-3664.1856000000002
ID_3xtRql_Mg,-466.90240000000006
ID_3xtRql_S,-26.184287999999988
ID_3xtRql_Fe,-397.8592000000001
ID_3xtRql_Mn,-210.65648000000007
ID_3xtRql_Zn,-3.9201920000000015
ID_3xtRql_Cu,-6.579039999999991
ID_3xtRql_B,-0.1677760000000011
ID_AMju1Y_N,-5657.816000000001
ID_AMju1Y_P,32.08393555555556
ID_AMju1Y_K,-741.9899111111113
ID_AMju1Y_Ca,-4802.912711111111
ID_AMju1Y_Mg,-1030.0288000000003
ID_AMju1Y_S,-20.497017777777764
ID_AMju1Y_Fe,-279.1221733333333
ID_AMju1Y_Mn,-315.11382222222227
ID_AMju1Y_Zn,-3.2167168888888926
ID_AMju1Y_Cu,-8.765225777777774
ID_AMju1Y_B,-0.37053333333333277
ID_8JCURl_N,-6131.796444444445
ID_8JCURl_P,31.31332977777777
ID_8JCURl_K,-782.8576444444445
ID_8JCURl_Ca,-4513.728444444445
ID_8JCURl_Mg,-925.5050666666668
ID_8JCURl_S,-18.865118222222225
ID_8JCURl_Fe,-290.21256
ID_8JCURl_Mn,-316.9692444444445
ID_8JCURl_Zn,-4.140649333333337
ID_8JCURl_Cu,-8.595912444444455
ID_8JCURl_B,-0.33192311111111106
ID_CdYwJM_N,-5344.9617777777785
ID_CdYwJM_P,32.428327111111116
ID_CdYwJM_K,-802.157911111111
ID_CdYwJM_Ca,-4895.683822222224
ID_CdYwJM_Mg,-1119.8932444444447
ID_CdYwJM_S,-18.826750222222213
ID_CdYwJM_Fe,-282.36649777777785
ID_CdYwJM_Mn,-332.757288888889
ID_CdYwJM_Zn,-2.951725777777779
ID_CdYwJM_Cu,-9.126330666666671
ID_CdYwJM_B,-0.36472
ID_oiOA0t_N,-5716.9182222222225
ID_oiOA0t_P,32.691816444444434
ID_oiOA0t_K,-707.0663111111112
ID_oiOA0t_Ca,-3118.693155555556
ID_oiOA0t_Mg,-809.4612444444446
ID_oiOA0t_S,-28.60070755555553
ID_oiOA0t_Fe,-266.20688444444437
ID_oiOA0t_Mn,-307.63400000000007
ID_oiOA0t_Zn,-5.225708000000002
ID_oiOA0t_Cu,-9.558212888888887
ID_oiOA0t_B,-0.47817688888888826
ID_cjtyDp_N,-5580.796444444444
ID_cjtyDp_P,31.00548488888888
ID_cjtyDp_K,-760.9574666666667
ID_cjtyDp_Ca,-5868.838888888889
ID_cjtyDp_Mg,-1510.268177777778
ID_cjtyDp_S,-12.33622266666666
ID_cjtyDp_Fe,-312.63771555555553
ID_cjtyDp_Mn,-223.15153333333333
ID_cjtyDp_Zn,-3.6295248888888882
ID_cjtyDp_Cu,-6.66973288888889
ID_cjtyDp_B,-0.4055422222222214
ID_WttAfH_N,-5785.616
ID_WttAfH_P,32.883376
ID_WttAfH_K,-808.6784000000002
ID_WttAfH_Ca,-4352.0976
ID_WttAfH_Mg,-944.8768
ID_WttAfH_S,-20.20924800000001
ID_WttAfH_Fe,-240.50607999999983
ID_WttAfH_Mn,-309.74720000000013
ID_WttAfH_Zn,-4.5818720000000015
ID_WttAfH_Cu,-9.198016
ID_WttAfH_B,-0.47454399999999947
ID_LLU2Ja_N,-5659.172444444444
ID_LLU2Ja_P,-6.533795555555486
ID_LLU2Ja_K,-1328.5843111111112
ID_LLU2Ja_Ca,-8733.486622222224
ID_LLU2Ja_Mg,-1677.4500444444448
ID_LLU2Ja_S,-11.165503555555603
ID_LLU2Ja_Fe,-376.18885333333327
ID_LLU2Ja_Mn,-312.7109777777779
ID_LLU2Ja_Zn,-7.234456888888886
ID_LLU2Ja_Cu,-9.483705333333331
ID_LLU2Ja_B,-1.070700888888888
ID_QazlJ6_N,-5860.112000000001
ID_QazlJ6_P,31.621311999999996
ID_QazlJ6_K,-799.5296000000001
ID_QazlJ6_Ca,-4478.4144
ID_QazlJ6_Mg,-1086.6688000000001
ID_QazlJ6_S,-21.210144000000014
ID_QazlJ6_Fe,-278.46639999999996
ID_QazlJ6_Mn,-302.3504000000001
ID_QazlJ6_Zn,-4.107440000000003
ID_QazlJ6_Cu,-7.01171199999999
ID_QazlJ6_B,-0.5986239999999978
ID_Lwnoe3_N,-5607.126666666667
ID_Lwnoe3_P,32.40128533333334
ID_Lwnoe3_K,-803.7853333333335
ID_Lwnoe3_Ca,-5110.936133333334
ID_Lwnoe3_Mg,-1190.2721333333336
ID_Lwnoe3_S,-18.036007999999995
ID_Lwnoe3_Fe,-328.62185333333343
ID_Lwnoe3_Mn,-333.7790666666668
ID_Lwnoe3_Zn,-3.528561333333333
ID_Lwnoe3_Cu,-9.259419999999992
ID_Lwnoe3_B,-0.5124933333333326
ID_5NGnRZ_N,-6051.176
ID_5NGnRZ_P,0.25070266666668317
ID_5NGnRZ_K,-977.157466666667
ID_5NGnRZ_Ca,-9994.970666666668
ID_5NGnRZ_Mg,-2460.028266666667
ID_5NGnRZ_S,-10.122546666666679
ID_5NGnRZ_Fe,-336.50384
ID_5NGnRZ_Mn,-227.08192000000005
ID_5NGnRZ_Zn,-4.144537333333333
ID_5NGnRZ_Cu,-6.675290666666668
ID_5NGnRZ_B,-0.6895506666666648
ID_KV6Lqc_N,-5834.182222222223
ID_KV6Lqc_P,32.53549777777778
ID_KV6Lqc_K,-649.2573333333335
ID_KV6Lqc_Ca,-4553.792
ID_KV6Lqc_Mg,-1175.2480000000003
ID_KV6Lqc_S,-17.887048888888884
ID_KV6Lqc_Fe,-260.53343703703706
ID_KV6Lqc_Mn,-335.2760000000001
ID_KV6Lqc_Zn,-3.234106666666673
ID_KV6Lqc_Cu,-8.084808888888874
ID_KV6Lqc_B,-0.2645688888888892
ID_VNOGnU_N,-5346.14
ID_VNOGnU_P,27.072119999999995
ID_VNOGnU_K,-667.4413333333334
ID_VNOGnU_Ca,-4987.171333333334
ID_VNOGnU_Mg,-1133.0420000000001
ID_VNOGnU_S,-14.973380000000017
ID_VNOGnU_Fe,-286.74786666666654
ID_VNOGnU_Mn,-219.12980000000002
ID_VNOGnU_Zn,-5.9138133333333345
ID_VNOGnU_Cu,-6.188433333333335
ID_VNOGnU_B,-0.47075999999999835
ID_LiBhyV_N,-4966.804444444446
ID_LiBhyV_P,27.706011111111085
ID_LiBhyV_K,-645.8034666666667
ID_LiBhyV_Ca,-5312.218844444445
ID_LiBhyV_Mg,-1075.6053333333336
ID_LiBhyV_S,-14.472563555555567
ID_LiBhyV_Fe,-266.30474222222216
ID_LiBhyV_Mn,-221.7759111111111
ID_LiBhyV_Zn,-11.466708888888894
ID_LiBhyV_Cu,-6.00868844444445
ID_LiBhyV_B,-0.3367191111111106
ID_ylpLD7_N,-5994.892444444445
ID_ylpLD7_P,20.977949777777766
ID_ylpLD7_K,-723.566488888889
ID_ylpLD7_Ca,-6653.345155555556
ID_ylpLD7_Mg,-1394.447288888889
ID_ylpLD7_S,-9.483173333333369
ID_ylpLD7_Fe,-313.44554666666664
ID_ylpLD7_Mn,-222.62998666666672
ID_ylpLD7_Zn,-3.8774506666666677
ID_ylpLD7_Cu,-6.07515422222223
ID_ylpLD7_B,-0.25257111111111236
ID_MSMDQZ_N,-5535.143111111112
ID_MSMDQZ_P,24.77123688888885
ID_MSMDQZ_K,-812.6218222222224
ID_MSMDQZ_Ca,-5387.5956888888895
ID_MSMDQZ_Mg,-1320.3883555555558
ID_MSMDQZ_S,-13.922390666666661
ID_MSMDQZ_Fe,-284.21376000000004
ID_MSMDQZ_Mn,-200.30917333333335
ID_MSMDQZ_Zn,-5.303100000000008
ID_MSMDQZ_Cu,-5.85073111111112
ID_MSMDQZ_B,-0.28389511111111165
ID_ApbXip_N,-5325.000000000001
ID_ApbXip_P,29.43354666666666
ID_ApbXip_K,-607.008
ID_ApbXip_Ca,-4798.633333333334
ID_ApbXip_Mg,-1083.0946666666666
ID_ApbXip_S,-15.751453333333359
ID_ApbXip_Fe,-332.9791333333333
ID_ApbXip_Mn,-217.52960000000004
ID_ApbXip_Zn,-4.783780000000007
ID_ApbXip_Cu,-6.558359999999993
ID_ApbXip_B,-0.1876333333333347
ID_qAkosV_N,-6090.023111111111
ID_qAkosV_P,29.975132444444426
ID_qAkosV_K,-499.67111111111114
ID_qAkosV_Ca,-6108.336355555556
ID_qAkosV_Mg,-983.599377777778
ID_qAkosV_S,-17.44015733333332
ID_qAkosV_Fe,-300.2725066666666
ID_qAkosV_Mn,-224.70395555555555
ID_qAkosV_Zn,-3.3807608888888896
ID_qAkosV_Cu,-6.365875555555552
ID_qAkosV_B,-0.3431048888888874
ID_U8UVJd_N,-4896.656888888889
ID_U8UVJd_P,-0.770263111111035
ID_U8UVJd_K,-989.8995111111115
ID_U8UVJd_Ca,-9403.938355555556
ID_U8UVJd_Mg,-1665.3728444444446
ID_U8UVJd_S,-11.768588444444447
ID_U8UVJd_Fe,-361.2769751111111
ID_U8UVJd_Mn,-229.50619111111115
ID_U8UVJd_Zn,-4.7182524444444445
ID_U8UVJd_Cu,-7.4405608888888795
ID_U8UVJd_B,-0.6082502222222198
ID_48gacB_N,-5716.02
ID_48gacB_P,31.469193333333322
ID_48gacB_K,-361.51800000000003
ID_48gacB_Ca,-5559.864666666666
ID_48gacB_Mg,-619.7506666666668
ID_48gacB_S,-21.73654666666662
ID_48gacB_Fe,-331.98186666666675
ID_48gacB_Mn,-225.41533333333336
ID_48gacB_Zn,-2.518999999999996
ID_48gacB_Cu,-6.346819999999987
ID_48gacB_B,-0.1717200000000012
ID_gQBp7p_N,-6013.931111111112
ID_gQBp7p_P,33.2591008888889
ID_gQBp7p_K,-719.2210222222224
ID_gQBp7p_Ca,-4777.808800000001
ID_gQBp7p_Mg,-1258.7398666666668
ID_gQBp7p_S,-17.464831555555566
ID_gQBp7p_Fe,-316.27470222222223
ID_gQBp7p_Mn,-302.56671111111115
ID_gQBp7p_Zn,-2.9551653333333356
ID_gQBp7p_Cu,-10.305274666666678
ID_gQBp7p_B,-0.2872088888888888
ID_eLx1jk_N,-6160.400888888889
ID_eLx1jk_P,31.671498222222223
ID_eLx1jk_K,-787.8210222222223
ID_eLx1jk_Ca,-4566.1975111111105
ID_eLx1jk_Mg,-1205.1227999999999
ID_eLx1jk_S,-22.756740888888892
ID_eLx1jk_Fe,-198.84153629629625
ID_eLx1jk_Mn,-336.1692444444445
ID_eLx1jk_Zn,-2.8945777777777817
ID_eLx1jk_Cu,-6.473579111111114
ID_eLx1jk_B,-0.55079111111111
ID_4kMweV_N,-5885.5848888888895
ID_4kMweV_P,32.69286755555556
ID_4kMweV_K,-721.5477777777778
ID_4kMweV_Ca,-6457.671866666667
ID_4kMweV_Mg,-1373.6685777777777
ID_4kMweV_S,-22.079092444444427
ID_4kMweV_Fe,-250.51919851851852
ID_4kMweV_Mn,-334.37631111111114
ID_4kMweV_Zn,-3.025657777777779
ID_4kMweV_Cu,-10.450023999999997
ID_4kMweV_B,-0.46531288888888794
ID_0XfHoJ_N,-6178.352000000001
ID_0XfHoJ_P,31.883487999999986
ID_0XfHoJ_K,-863.0576000000001
ID_0XfHoJ_Ca,-4812.4800000000005
ID_0XfHoJ_Mg,-1229.5696000000003
ID_0XfHoJ_S,-16.607376000000013
ID_0XfHoJ_Fe,-251.42031999999995
ID_0XfHoJ_Mn,-262.6928000000001
ID_0XfHoJ_Zn,-4.781984000000003
ID_0XfHoJ_Cu,-7.277584
ID_0XfHoJ_B,-0.46355199999999913
ID_dudoSu_N,-5906.466666666667
ID_dudoSu_P,32.2202
ID_dudoSu_K,-1055.6660000000002
ID_dudoSu_Ca,-5011.671333333334
ID_dudoSu_Mg,-1341.1566666666668
ID_dudoSu_S,-14.704906666666684
ID_dudoSu_Fe,-234.3286
ID_dudoSu_Mn,-289.2460000000001
ID_dudoSu_Zn,-7.771566666666667
ID_dudoSu_Cu,-10.229440000000002
ID_dudoSu_B,-0.812499999999998
ID_ou6BHB_N,-5738.846666666668
ID_ou6BHB_P,17.658314666666637
ID_ou6BHB_K,-990.8277333333335
ID_ou6BHB_Ca,-6810.109333333334
ID_ou6BHB_Mg,-1855.788666666667
ID_ou6BHB_S,-14.935260000000042
ID_ou6BHB_Fe,-289.0520800000001
ID_ou6BHB_Mn,-335.69813333333343
ID_ou6BHB_Zn,-3.5418813333333343
ID_ou6BHB_Cu,-11.234134666666666
ID_ou6BHB_B,-0.8351333333333333
ID_UNBgV5_N,-5617.326222222223
ID_UNBgV5_P,21.255132444444417
ID_UNBgV5_K,-865.2003555555556
ID_UNBgV5_Ca,-6734.576355555557
ID_UNBgV5_Mg,-1495.7717333333337
ID_UNBgV5_S,-16.963996444444486
ID_UNBgV5_Fe,-242.49784888888894
ID_UNBgV5_Mn,-287.16124444444455
ID_UNBgV5_Zn,-3.6024320000000016
ID_UNBgV5_Cu,-12.97826844444445
ID_UNBgV5_B,-0.9124693333333335
ID_HjT5EL_N,-4846.029333333333
ID_HjT5EL_P,32.37998666666666
ID_HjT5EL_K,-812.7685333333334
ID_HjT5EL_Ca,-4771.267733333333
ID_HjT5EL_Mg,-1202.7863999999997
ID_HjT5EL_S,-22.804250666666675
ID_HjT5EL_Fe,-211.20554666666658
ID_HjT5EL_Mn,-334.70933333333335
ID_HjT5EL_Zn,-3.0488293333333334
ID_HjT5EL_Cu,-12.987063999999986
ID_HjT5EL_B,-0.8245013333333308
ID_I2PJHO_N,-6106.64
ID_I2PJHO_P,32.251844444444444
ID_I2PJHO_K,-852.8502222222223
ID_I2PJHO_Ca,-6322.694666666667
ID_I2PJHO_Mg,-1318.9471111111116
ID_I2PJHO_S,-21.226306666666652
ID_I2PJHO_Fe,-218.10440000000003
ID_I2PJHO_Mn,-302.6671111111112
ID_I2PJHO_Zn,-3.4975200000000046
ID_I2PJHO_Cu,-7.225635555555556
ID_I2PJHO_B,-0.4438444444444433
ID_z9Ds6s_N,-6071.205333333333
ID_z9Ds6s_P,32.77375200000001
ID_z9Ds6s_K,-378.72933333333344
ID_z9Ds6s_Ca,-4047.2749333333336
ID_z9Ds6s_Mg,-651.2610666666667
ID_z9Ds6s_S,-30.467613333333304
ID_z9Ds6s_Fe,-293.60406666666665
ID_z9Ds6s_Mn,-215.63560000000004
ID_z9Ds6s_Zn,-3.238284000000002
ID_z9Ds6s_Cu,-9.24210400000001
ID_z9Ds6s_B,-0.24061733333333396
ID_whNrEX_N,-5837.448
ID_whNrEX_P,32.29214977777778
ID_whNrEX_K,-460.4308
ID_whNrEX_Ca,-4557.1395111111115
ID_whNrEX_Mg,-955.918488888889
ID_whNrEX_S,-26.509457777777754
ID_whNrEX_Fe,-277.8616488888889
ID_whNrEX_Mn,-307.97795555555564
ID_whNrEX_Zn,-3.2151182222222205
ID_whNrEX_Cu,-7.436200888888879
ID_whNrEX_B,-0.21890222222222339
ID_bBDDOt_N,-5909.786666666668
ID_bBDDOt_P,32.84395333333333
ID_bBDDOt_K,-569.5753333333333
ID_bBDDOt_Ca,-5878.666400000001
ID_bBDDOt_Mg,-884.9777333333334
ID_bBDDOt_S,-21.674489333333348
ID_bBDDOt_Fe,-270.48745333333346
ID_bBDDOt_Mn,-260.76178666666675
ID_bBDDOt_Zn,-3.8265346666666704
ID_bBDDOt_Cu,-8.92025333333334
ID_bBDDOt_B,-0.25462800000000113
ID_XnR5uY_N,-5572.846666666667
ID_XnR5uY_P,31.408993333333328
ID_XnR5uY_K,-665.1546666666667
ID_XnR5uY_Ca,-6160.063333333333
ID_XnR5uY_Mg,-949.2966666666667
ID_XnR5uY_S,-17.229106666666684
ID_XnR5uY_Fe,-267.4372
ID_XnR5uY_Mn,-234.1522666666667
ID_XnR5uY_Zn,-6.148966666666665
ID_XnR5uY_Cu,-9.237586666666669
ID_XnR5uY_B,-0.35488666666666563
ID_YRPNxe_N,-5914.4871111111115
ID_YRPNxe_P,31.96986400000001
ID_YRPNxe_K,-648.7212444444446
ID_YRPNxe_Ca,-4999.670577777779
ID_YRPNxe_Mg,-1170.5221333333334
ID_YRPNxe_S,-17.442324444444445
ID_YRPNxe_Fe,-281.1670666666667
ID_YRPNxe_Mn,-241.79351111111114
ID_YRPNxe_Zn,-2.988231111111109
ID_YRPNxe_Cu,-6.603409777777763
ID_YRPNxe_B,-0.3357555555555547
ID_gjpDuY_N,-5795.301333333335
ID_gjpDuY_P,31.731889777777774
ID_gjpDuY_K,-902.2344444444448
ID_gjpDuY_Ca,-4944.336577777779
ID_gjpDuY_Mg,-1296.4490222222223
ID_gjpDuY_S,-17.40020666666666
ID_gjpDuY_Fe,-364.84413333333333
ID_gjpDuY_Mn,-298.9576
ID_gjpDuY_Zn,-3.2311048888888894
ID_gjpDuY_Cu,-10.222047111111104
ID_gjpDuY_B,-0.8135577777777767
ID_uvRGmS_N,-6328.873333333334
ID_uvRGmS_P,15.322036
ID_uvRGmS_K,-1329.2395999999999
ID_uvRGmS_Ca,-7211.426133333334
ID_uvRGmS_Mg,-1701.2668000000003
ID_uvRGmS_S,-114.35781199999988
ID_uvRGmS_Fe,-470.91349333333346
ID_uvRGmS_Mn,-251.12698666666665
ID_uvRGmS_Zn,-6.712584000000001
ID_uvRGmS_Cu,-13.6777133333333
ID_uvRGmS_B,-0.8689266666666643
ID_ArQsp4_N,-5823.946666666667
ID_ArQsp4_P,32.310168000000004
ID_ArQsp4_K,-975.6466666666668
ID_ArQsp4_Ca,-6951.353066666667
ID_ArQsp4_Mg,-1599.324
ID_ArQsp4_S,-11.490080000000013
ID_ArQsp4_Fe,-263.63642666666647
ID_ArQsp4_Mn,-339.9786666666667
ID_ArQsp4_Zn,-4.338346666666665
ID_ArQsp4_Cu,-42.88037199999997
ID_ArQsp4_B,-0.9227439999999981
ID_CzepeB_N,-5586.414222222222
ID_CzepeB_P,22.647416888888873
ID_CzepeB_K,-1108.5290666666667
ID_CzepeB_Ca,-7068.097422222223
ID_CzepeB_Mg,-2021.9975111111116
ID_CzepeB_S,-14.85277155555562
ID_CzepeB_Fe,-307.4334577777776
ID_CzepeB_Mn,-306.7239111111112
ID_CzepeB_Zn,-4.4959928888888925
ID_CzepeB_Cu,-11.34889244444444
ID_CzepeB_B,-0.8920106666666658
ID_hNdof5_N,-6004.242222222223
ID_hNdof5_P,32.122206666666656
ID_hNdof5_K,-408.05751111111124
ID_hNdof5_Ca,-4143.1429777777785
ID_hNdof5_Mg,-904.0248000000001
ID_hNdof5_S,-30.99541333333329
ID_hNdof5_Fe,-263.84247259259257
ID_hNdof5_Mn,-225.51679111111113
ID_hNdof5_Zn,-3.080055111111115
ID_hNdof5_Cu,-6.320912888888883
ID_hNdof5_B,-0.30891199999999996
ID_ouOm0b_N,-5550.317777777778
ID_ouOm0b_P,12.751162666666701
ID_ouOm0b_K,-1177.3843555555559
ID_ouOm0b_Ca,-8240.7824
ID_ouOm0b_Mg,-2147.666355555556
ID_ouOm0b_S,-14.507007555555617
ID_ouOm0b_Fe,-298.8472977777776
ID_ouOm0b_Mn,-326.20275555555565
ID_ouOm0b_Zn,-4.0329573333333295
ID_ouOm0b_Cu,-10.784874666666674
ID_ouOm0b_B,-0.8988684444444429
ID_s1DAtN_N,-3041.550666666666
ID_s1DAtN_P,-15.524483555555562
ID_s1DAtN_K,-1443.2009333333333
ID_s1DAtN_Ca,-16503.326666666668
ID_s1DAtN_Mg,-3488.471111111111
ID_s1DAtN_S,-10.055992888888905
ID_s1DAtN_Fe,-282.9922177777777
ID_s1DAtN_Mn,-308.1854222222222
ID_s1DAtN_Zn,-3.9280004444444425
ID_s1DAtN_Cu,-11.906468444444435
ID_s1DAtN_B,-1.1312093333333326
ID_0a2tpU_N,-4047.453333333334
ID_0a2tpU_P,-3.2313426666666203
ID_0a2tpU_K,-1518.6401333333338
ID_0a2tpU_Ca,-11026.441866666668
ID_0a2tpU_Mg,-3265.2962666666667
ID_0a2tpU_S,-12.689458666666702
ID_0a2tpU_Fe,-483.96955999999994
ID_0a2tpU_Mn,-296.7840000000001
ID_0a2tpU_Zn,-5.723647999999997
ID_0a2tpU_Cu,-9.67105733333334
ID_0a2tpU_B,-1.2067119999999991
ID_sFPlRC_N,-5958.7040000000015
ID_sFPlRC_P,31.918240000000004
ID_sFPlRC_K,-1055.2016
ID_sFPlRC_Ca,-5073.355200000001
ID_sFPlRC_Mg,-1206.784
ID_sFPlRC_S,-13.112640000000003
ID_sFPlRC_Fe,-472.3815999999998
ID_sFPlRC_Mn,-275.28896000000003
ID_sFPlRC_Zn,-5.943487999999997
ID_sFPlRC_Cu,-8.246463999999998
ID_sFPlRC_B,-0.9436959999999982
ID_0rogGD_N,-4737.504000000001
ID_0rogGD_P,15.535118222222238
ID_0rogGD_K,-1269.0773333333334
ID_0rogGD_Ca,-10110.1568
ID_0rogGD_Mg,-2560.3640888888895
ID_0rogGD_S,-8.456426666666673
ID_0rogGD_Fe,-324.28671999999995
ID_0rogGD_Mn,-284.6126222222223
ID_0rogGD_Zn,-4.030222222222221
ID_0rogGD_Cu,-10.961223111111117
ID_0rogGD_B,-1.0334293333333318
ID_QQgIQi_N,-5380.592
ID_QQgIQi_P,31.482607999999992
ID_QQgIQi_K,-831.6307999999999
ID_QQgIQi_Ca,-5648.5484
ID_QQgIQi_Mg,-1276.0724
ID_QQgIQi_S,-17.356392000000014
ID_QQgIQi_Fe,-256.5074399999998
ID_QQgIQi_Mn,-334.116
ID_QQgIQi_Zn,-3.418931999999994
ID_QQgIQi_Cu,-14.009364000000009
ID_QQgIQi_B,-0.9714919999999992
ID_xVP7EP_N,-4625.559555555556
ID_xVP7EP_P,27.657688
ID_xVP7EP_K,-1141.7470666666668
ID_xVP7EP_Ca,-7566.829644444444
ID_xVP7EP_Mg,-2218.657466666667
ID_xVP7EP_S,-8.789438666666676
ID_xVP7EP_Fe,-293.6815155555555
ID_xVP7EP_Mn,-296.04671111111116
ID_xVP7EP_Zn,-3.2985653333333285
ID_xVP7EP_Cu,-13.10768355555557
ID_xVP7EP_B,-0.8242008888888884
ID_woSwnu_N,-5445.008000000001
ID_woSwnu_P,16.506256
ID_woSwnu_K,-1299.2432000000001
ID_woSwnu_Ca,-8995.272000000003
ID_woSwnu_Mg,-1991.2864
ID_woSwnu_S,-9.60052800000004
ID_woSwnu_Fe,-306.78208
ID_woSwnu_Mn,-260.80640000000005
ID_woSwnu_Zn,-5.5406240000000135
ID_woSwnu_Cu,-12.849568000000003
ID_woSwnu_B,-0.8523999999999997
ID_cZaj3N_N,-4810.866666666666
ID_cZaj3N_P,23.420448000000007
ID_cZaj3N_K,-917.2685333333334
ID_cZaj3N_Ca,-6701.784266666667
ID_cZaj3N_Mg,-1696.1125333333334
ID_cZaj3N_S,-15.677527999999995
ID_cZaj3N_Fe,-287.86066666666676
ID_cZaj3N_Mn,-290.1125333333333
ID_cZaj3N_Zn,-3.7905893333333336
ID_cZaj3N_Cu,-13.086573333333323
ID_cZaj3N_B,-0.7891866666666653
ID_RISlfy_N,-3812.0871111111114
ID_RISlfy_P,29.04929066666667
ID_RISlfy_K,-863.7761777777778
ID_RISlfy_Ca,-5993.2375111111105
ID_RISlfy_Mg,-1606.1116444444444
ID_RISlfy_S,-16.976748444444425
ID_RISlfy_Fe,-253.7282311111111
ID_RISlfy_Mn,-267.88995555555556
ID_RISlfy_Zn,-3.308958222222225
ID_RISlfy_Cu,-13.63812977777776
ID_RISlfy_B,-0.7758737777777763
ID_utOA0H_N,-2863.1155555555556
ID_utOA0H_P,-43.35603777777787
ID_utOA0H_K,-847.7906666666667
ID_utOA0H_Ca,-13345.745777777778
ID_utOA0H_Mg,-3271.0742222222216
ID_utOA0H_S,-10.98379777777778
ID_utOA0H_Fe,-264.5484444444446
ID_utOA0H_Mn,-270.4735555555556
ID_utOA0H_Zn,-3.4713599999999993
ID_utOA0H_Cu,-10.901333333333335
ID_utOA0H_B,-0.7480511111111087
ID_6qvSz5_N,-4335.375999999999
ID_6qvSz5_P,25.854650666666657
ID_6qvSz5_K,-1060.4967111111112
ID_6qvSz5_Ca,-9099.031822222221
ID_6qvSz5_Mg,-2069.3125333333332
ID_6qvSz5_S,-15.386053333333344
ID_6qvSz5_Fe,-271.85464888888896
ID_6qvSz5_Mn,-284.6352
ID_6qvSz5_Zn,-3.6628355555555543
ID_6qvSz5_Cu,-13.254607999999998
ID_6qvSz5_B,-0.826655999999999
ID_n1Mt1T_N,-3766.207111111111
ID_n1Mt1T_P,-2.4037773333332595
ID_n1Mt1T_K,-1161.2282666666667
ID_n1Mt1T_Ca,-12342.505955555556
ID_n1Mt1T_Mg,-3205.7852888888883
ID_n1Mt1T_S,-11.712723555555577
ID_n1Mt1T_Fe,-322.9510266666666
ID_n1Mt1T_Mn,-279.8199111111111
ID_n1Mt1T_Zn,-4.4937035555555545
ID_n1Mt1T_Cu,-13.659826666666662
ID_n1Mt1T_B,-0.7719697777777768
ID_8Xhn8A_N,-4881.140444444443
ID_8Xhn8A_P,19.0979631111111
ID_8Xhn8A_K,-1366.9937333333335
ID_8Xhn8A_Ca,-7497.246755555556
ID_8Xhn8A_Mg,-2389.3728444444446
ID_8Xhn8A_S,-13.341681333333398
ID_8Xhn8A_Fe,-337.2136355555556
ID_8Xhn8A_Mn,-259.2639555555555
ID_8Xhn8A_Zn,-4.463168444444449
ID_8Xhn8A_Cu,-12.48673600000002
ID_8Xhn8A_B,-0.8407742222222222
ID_U940oM_N,-5449.2337777777775
ID_U940oM_P,30.85796266666666
ID_U940oM_K,-834.064711111111
ID_U940oM_Ca,-5482.806577777777
ID_U940oM_Mg,-1382.6286222222225
ID_U940oM_S,-18.482376888888894
ID_U940oM_Fe,-230.9597511111108
ID_U940oM_Mn,-339.73262222222223
ID_U940oM_Zn,-4.336099555555567
ID_U940oM_Cu,-13.620549333333342
ID_U940oM_B,-0.9182702222222204
ID_hu9nZU_N,-5664.695111111112
ID_hu9nZU_P,30.78949999999999
ID_hu9nZU_K,-895.9463555555557
ID_hu9nZU_Ca,-4631.269200000002
ID_hu9nZU_Mg,-1177.2272444444445
ID_hu9nZU_S,-20.28793155555556
ID_hu9nZU_Fe,-208.06580000000008
ID_hu9nZU_Mn,-324.9044444444445
ID_hu9nZU_Zn,-4.274016888888893
ID_hu9nZU_Cu,-11.88553244444444
ID_hu9nZU_B,-0.8320151111111086
ID_rQ9qyN_N,-6226.03288888889
ID_rQ9qyN_P,31.450275555555542
ID_rQ9qyN_K,-298.9259555555556
ID_rQ9qyN_Ca,-4182.405866666667
ID_rQ9qyN_Mg,-553.4278222222223
ID_rQ9qyN_S,-24.834104888888852
ID_rQ9qyN_Fe,-321.07536
ID_rQ9qyN_Mn,-207.93004444444446
ID_rQ9qyN_Zn,-2.956713777777784
ID_rQ9qyN_Cu,-6.7223182222222135
ID_rQ9qyN_B,-0.23319466666666772
ID_vpi9sw_N,-5763.950222222222
ID_vpi9sw_P,29.599655111111097
ID_vpi9sw_K,-629.3152444444445
ID_vpi9sw_Ca,-6125.362577777778
ID_vpi9sw_Mg,-1497.9561333333334
ID_vpi9sw_S,-12.709654222222238
ID_vpi9sw_Fe,-320.6602533333334
ID_vpi9sw_Mn,-197.12287111111112
ID_vpi9sw_Zn,-5.07548
ID_vpi9sw_Cu,-6.167643111111107
ID_vpi9sw_B,-0.35379022222222156
ID_lC77vr_N,-5491.884000000002
ID_lC77vr_P,18.432404
ID_lC77vr_K,-873.9126666666667
ID_lC77vr_Ca,-5831.247200000002
ID_lC77vr_Mg,-1348.770266666667
ID_lC77vr_S,-12.544418666666662
ID_lC77vr_Fe,-275.30436000000026
ID_lC77vr_Mn,-313.9964000000001
ID_lC77vr_Zn,-4.37763733333333
ID_lC77vr_Cu,-12.687149333333345
ID_lC77vr_B,-0.7543253333333316
ID_MWiTZu_N,-5481.693333333334
ID_MWiTZu_P,17.62805333333333
ID_MWiTZu_K,-712.8715555555557
ID_MWiTZu_Ca,-5187.1573333333345
ID_MWiTZu_Mg,-1335.5253333333337
ID_MWiTZu_S,-13.409755555555556
ID_MWiTZu_Fe,-292.75382222222225
ID_MWiTZu_Mn,-332.6262222222223
ID_MWiTZu_Zn,-3.0990266666666693
ID_MWiTZu_Cu,-10.618524444444443
ID_MWiTZu_B,-0.7092133333333321
ID_bw8v00_N,-5169.176888888889
ID_bw8v00_P,23.843079111111116
ID_bw8v00_K,-953.3418666666666
ID_bw8v00_Ca,-6257.969066666668
ID_bw8v00_Mg,-1469.8026666666672
ID_bw8v00_S,-15.411128888888886
ID_bw8v00_Fe,-280.1955555555556
ID_bw8v00_Mn,-317.0976000000001
ID_bw8v00_Zn,-4.227491555555555
ID_bw8v00_Cu,-12.328668444444453
ID_bw8v00_B,-0.7943466666666648
ID_i8bB6S_N,-5324.564444444446
ID_i8bB6S_P,25.86470666666667
ID_i8bB6S_K,-1065.8102222222221
ID_i8bB6S_Ca,-6131.206666666668
ID_i8bB6S_Mg,-1397.7560000000003
ID_i8bB6S_S,-15.064742222222232
ID_i8bB6S_Fe,-291.5922222222224
ID_i8bB6S_Mn,-319.78800000000007
ID_i8bB6S_Zn,-4.646164444444444
ID_i8bB6S_Cu,-11.271924444444434
ID_i8bB6S_B,-0.7208977777777764
ID_N9S6w6_N,-3965.5004444444444
ID_N9S6w6_P,20.116714666666674
ID_N9S6w6_K,-1258.4896
ID_N9S6w6_Ca,-7169.8133333333335
ID_N9S6w6_Mg,-2054.3032888888893
ID_N9S6w6_S,-7.992896000000009
ID_N9S6w6_Fe,-364.4708266666668
ID_N9S6w6_Mn,-275.89504
ID_N9S6w6_Zn,-3.504320000000002
ID_N9S6w6_Cu,-8.697678222222228
ID_N9S6w6_B,-0.6746808888888886
ID_bzyVzf_N,-5402.344000000001
ID_bzyVzf_P,-1.9399440000000396
ID_bzyVzf_K,-1194.9444
ID_bzyVzf_Ca,-6540.991066666667
ID_bzyVzf_Mg,-1477.9397333333334
ID_bzyVzf_S,-14.215092000000034
ID_bzyVzf_Fe,-365.6188933333334
ID_bzyVzf_Mn,-316.79853333333347
ID_bzyVzf_Zn,-4.404326666666667
ID_bzyVzf_Cu,-9.966563999999995
ID_bzyVzf_B,-0.7664119999999991
ID_FZThC2_N,-5279.86488888889
ID_FZThC2_P,3.7196764444444312
ID_FZThC2_K,-930.8021333333332
ID_FZThC2_Ca,-6253.872444444445
ID_FZThC2_Mg,-1446.7006666666666
ID_FZThC2_S,-13.237685777777806
ID_FZThC2_Fe,-304.3164444444443
ID_FZThC2_Mn,-306.10982222222225
ID_FZThC2_Zn,-4.707561777777772
ID_FZThC2_Cu,-8.666709555555551
ID_FZThC2_B,-0.7188857777777775
ID_8lb6rF_N,-5260.116000000002
ID_8lb6rF_P,22.565155999999998
ID_8lb6rF_K,-961.5138666666668
ID_8lb6rF_Ca,-6558.484666666668
ID_8lb6rF_Mg,-1512.0488000000005
ID_8lb6rF_S,-14.979660000000003
ID_8lb6rF_Fe,-335.3173733333333
ID_8lb6rF_Mn,-312.3486666666667
ID_8lb6rF_Zn,-4.004480000000002
ID_8lb6rF_Cu,-8.904145999999999
ID_8lb6rF_B,-0.6839759999999999
ID_kctDO0_N,-5316.379555555555
ID_kctDO0_P,15.671248444444426
ID_kctDO0_K,-695.3863555555556
ID_kctDO0_Ca,-6019.9001333333335
ID_kctDO0_Mg,-1327.5406666666668
ID_kctDO0_S,-13.877472000000008
ID_kctDO0_Fe,-279.38328888888884
ID_kctDO0_Mn,-298.8994666666667
ID_kctDO0_Zn,-3.1584382222222236
ID_kctDO0_Cu,-8.159282666666677
ID_kctDO0_B,-0.6342648888888883
ID_uTZbIr_N,-5291.075555555557
ID_uTZbIr_P,5.936862222222182
ID_uTZbIr_K,-1101.7973333333337
ID_uTZbIr_Ca,-6055.991111111112
ID_uTZbIr_Mg,-1538.9715555555558
ID_uTZbIr_S,-11.210195555555572
ID_uTZbIr_Fe,-428.2112444444444
ID_uTZbIr_Mn,-311.51306666666676
ID_uTZbIr_Zn,-4.011684444444449
ID_uTZbIr_Cu,-12.576964444444469
ID_uTZbIr_B,-0.7160577777777772
ID_qzhSJT_N,-5454.882222222223
ID_qzhSJT_P,14.027431555555552
ID_qzhSJT_K,-1472.9972
ID_qzhSJT_Ca,-8288.194977777779
ID_qzhSJT_Mg,-1657.5636000000004
ID_qzhSJT_S,-11.652612444444443
ID_qzhSJT_Fe,-339.75087999999994
ID_qzhSJT_Mn,-297.8724444444445
ID_qzhSJT_Zn,-5.3062226666666685
ID_qzhSJT_Cu,-9.820587999999999
ID_qzhSJT_B,-0.8949928888888866
ID_7CFzM4_N,-4842.764444444445
ID_7CFzM4_P,29.59170222222221
ID_7CFzM4_K,-752.1146666666668
ID_7CFzM4_Ca,-5069.8093333333345
ID_7CFzM4_Mg,-1521.2933333333335
ID_7CFzM4_S,-13.830297777777801
ID_7CFzM4_Fe,-283.9420888888887
ID_7CFzM4_Mn,-301.9924444444445
ID_7CFzM4_Zn,-3.0497466666666635
ID_7CFzM4_Cu,-9.753337777777771
ID_7CFzM4_B,-0.6507422222222219
ID_NvHUr3_N,-5347.616
ID_NvHUr3_P,27.662608
ID_NvHUr3_K,-667.2800000000001
ID_NvHUr3_Ca,-6439.641600000001
ID_NvHUr3_Mg,-1549.1152000000002
ID_NvHUr3_S,-14.583456000000002
ID_NvHUr3_Fe,-257.6056
ID_NvHUr3_Mn,-301.5488000000001
ID_NvHUr3_Zn,-3.0583040000000037
ID_NvHUr3_Cu,-9.159471999999996
ID_NvHUr3_B,-0.61312
ID_p4jgCB_N,-5091.071111111111
ID_p4jgCB_P,29.678382222222208
ID_p4jgCB_K,-642.1684444444445
ID_p4jgCB_Ca,-4977.521777777778
ID_p4jgCB_Mg,-1335.593777777778
ID_p4jgCB_S,-23.32163555555556
ID_p4jgCB_Fe,-251.41435555555555
ID_p4jgCB_Mn,-272.9842222222223
ID_p4jgCB_Zn,-3.5590711111111166
ID_p4jgCB_Cu,-8.977080000000004
ID_p4jgCB_B,-0.7298933333333328
ID_KIwp7X_N,-5449.844000000001
ID_KIwp7X_P,26.993248
ID_KIwp7X_K,-651.7621333333334
ID_KIwp7X_Ca,-6636.132844444444
ID_KIwp7X_Mg,-1429.8795555555557
ID_KIwp7X_S,-14.636112000000004
ID_KIwp7X_Fe,-226.6277733333333
ID_KIwp7X_Mn,-292.8681333333334
ID_KIwp7X_Zn,-3.2123568888888934
ID_KIwp7X_Cu,-8.156085333333326
ID_KIwp7X_B,-0.5834466666666654
ID_E8UbD6_N,-5094.737777777779
ID_E8UbD6_P,26.722217777777786
ID_E8UbD6_K,-568.1311111111113
ID_E8UbD6_Ca,-4740.958222222223
ID_E8UbD6_Mg,-1392.485777777778
ID_E8UbD6_S,-22.71287111111109
ID_E8UbD6_Fe,-263.83164444444446
ID_E8UbD6_Mn,-309.2436444444445
ID_E8UbD6_Zn,-2.765604444444444
ID_E8UbD6_Cu,-9.322333333333326
ID_E8UbD6_B,-0.6412577777777783
ID_coGpQq_N,-5315.744000000001
ID_coGpQq_P,26.20676800000001
ID_coGpQq_K,-668.0288000000002
ID_coGpQq_Ca,-5000.803200000001
ID_coGpQq_Mg,-1407.2752000000003
ID_coGpQq_S,-14.998176
ID_coGpQq_Fe,-326.80288
ID_coGpQq_Mn,-323.46656
ID_coGpQq_Zn,-3.0930080000000006
ID_coGpQq_Cu,-9.00260799999999
ID_coGpQq_B,-0.7013439999999994
ID_gOzmad_N,-4973.441333333334
ID_gOzmad_P,25.094807111111123
ID_gOzmad_K,-695.2507111111112
ID_gOzmad_Ca,-4985.170400000002
ID_gOzmad_Mg,-1235.2394666666667
ID_gOzmad_S,-23.4135671111111
ID_gOzmad_Fe,-286.5210933333334
ID_gOzmad_Mn,-265.14337777777786
ID_gOzmad_Zn,-3.8958111111111227
ID_gOzmad_Cu,-9.08568577777777
ID_gOzmad_B,-0.7149733333333331
ID_t7ngMm_N,-5303.738666666668
ID_t7ngMm_P,23.773944000000007
ID_t7ngMm_K,-590.2186666666668
ID_t7ngMm_Ca,-4671.8243555555555
ID_t7ngMm_Mg,-1263.990577777778
ID_t7ngMm_S,-21.325552000000016
ID_t7ngMm_Fe,-232.97616888888894
ID_t7ngMm_Mn,-255.35680000000002
ID_t7ngMm_Zn,-2.6387137777777774
ID_t7ngMm_Cu,-7.954085333333338
ID_t7ngMm_B,-0.6120622222222226
ID_hTwMm3_N,-5404.8888888888905
ID_hTwMm3_P,15.404244444444451
ID_hTwMm3_K,-836.7706666666668
ID_hTwMm3_Ca,-6167.462666666667
ID_hTwMm3_Mg,-1457.1413333333337
ID_hTwMm3_S,-15.272764444444466
ID_hTwMm3_Fe,-412.1013777777778
ID_hTwMm3_Mn,-355.212888888889
ID_hTwMm3_Zn,-4.421813333333342
ID_hTwMm3_Cu,-8.903257777777773
ID_hTwMm3_B,-0.4655511111111101
ID_bhMHfg_N,-5389.792000000001
ID_bhMHfg_P,31.402631111111106
ID_bhMHfg_K,-660.8874666666668
ID_bhMHfg_Ca,-4893.316266666668
ID_bhMHfg_Mg,-1310.488888888889
ID_bhMHfg_S,-23.025137777777793
ID_bhMHfg_Fe,-259.4845155555556
ID_bhMHfg_Mn,-258.58880000000005
ID_bhMHfg_Zn,-3.31924622222222
ID_bhMHfg_Cu,-10.955299555555536
ID_bhMHfg_B,-0.5898097777777767
ID_YZAziY_N,-5517.882666666666
ID_YZAziY_P,28.661917333333328
ID_YZAziY_K,-920.3304000000003
ID_YZAziY_Ca,-4979.753866666667
ID_YZAziY_Mg,-1233.1526666666668
ID_YZAziY_S,-16.120345333333344
ID_YZAziY_Fe,-265.53192
ID_YZAziY_Mn,-296.8530666666667
ID_YZAziY_Zn,-3.726437333333338
ID_YZAziY_Cu,-9.04521466666667
ID_YZAziY_B,-0.6742573333333328
ID_1GfbJD_N,-5483.013333333334
ID_1GfbJD_P,26.223208888888898
ID_1GfbJD_K,-1064.0648888888888
ID_1GfbJD_Ca,-5876.1973333333335
ID_1GfbJD_Mg,-1309.8977777777782
ID_1GfbJD_S,-11.775595555555562
ID_1GfbJD_Fe,-315.6377333333333
ID_1GfbJD_Mn,-287.00800000000004
ID_1GfbJD_Zn,-4.769462222222223
ID_1GfbJD_Cu,-9.280435555555545
ID_1GfbJD_B,-0.7975066666666661
ID_qrNSP4_N,-5056.4800000000005
ID_qrNSP4_P,26.897679999999994
ID_qrNSP4_K,-1073.362
ID_qrNSP4_Ca,-5777.527333333333
ID_qrNSP4_Mg,-1303.4640000000002
ID_qrNSP4_S,-10.8277
ID_qrNSP4_Fe,-320.70766666666674
ID_qrNSP4_Mn,-274.434
ID_qrNSP4_Zn,-6.301846666666668
ID_qrNSP4_Cu,-7.502519999999997
ID_qrNSP4_B,-0.7294333333333336
ID_U67tOl_N,-5177.5377777777785
ID_U67tOl_P,29.599849777777763
ID_U67tOl_K,-1101.0795111111113
ID_U67tOl_Ca,-4933.141066666668
ID_U67tOl_Mg,-1294.5209333333335
ID_U67tOl_S,-14.207427111111116
ID_U67tOl_Fe,-321.57936888888884
ID_U67tOl_Mn,-268.7040444444445
ID_U67tOl_Zn,-3.156597333333336
ID_U67tOl_Cu,-9.666147111111112
ID_U67tOl_B,-0.7717502222222229
ID_Qd7Qia_N,-4949.557333333334
ID_Qd7Qia_P,30.75024355555555
ID_Qd7Qia_K,-501.2899555555556
ID_Qd7Qia_Ca,-5237.82328888889
ID_Qd7Qia_Mg,-1514.4035555555556
ID_Qd7Qia_S,-20.32817777777776
ID_Qd7Qia_Fe,-229.46453333333338
ID_Qd7Qia_Mn,-271.09297777777783
ID_Qd7Qia_Zn,-3.1471146666666736
ID_Qd7Qia_Cu,-9.191423999999996
ID_Qd7Qia_B,-0.6488959999999996
ID_TPpqEM_N,-5585.966222222223
ID_TPpqEM_P,31.489991111111102
ID_TPpqEM_K,-599.5214222222222
ID_TPpqEM_Ca,-5203.760355555556
ID_TPpqEM_Mg,-1413.648355555556
ID_TPpqEM_S,-17.208305777777767
ID_TPpqEM_Fe,-187.38090666666668
ID_TPpqEM_Mn,-293.3934222222222
ID_TPpqEM_Zn,-2.810965333333335
ID_TPpqEM_Cu,-8.840639999999997
ID_TPpqEM_B,-0.5807004444444428
ID_zCuVeX_N,-5379.271111111111
ID_zCuVeX_P,31.31884888888888
ID_zCuVeX_K,-668.7053333333333
ID_zCuVeX_Ca,-5027.183111111111
ID_zCuVeX_Mg,-1393.7715555555558
ID_zCuVeX_S,-21.451244444444427
ID_zCuVeX_Fe,-229.7526666666667
ID_zCuVeX_Mn,-292.1755555555556
ID_zCuVeX_Zn,-2.8362977777777796
ID_zCuVeX_Cu,-8.260515555555534
ID_zCuVeX_B,-0.4910711111111096
ID_XDKlzJ_N,-5578.591111111113
ID_XDKlzJ_P,29.21608888888887
ID_XDKlzJ_K,-1041.3706666666667
ID_XDKlzJ_Ca,-6411.7555555555555
ID_XDKlzJ_Mg,-1391.7720000000002
ID_XDKlzJ_S,-11.263680000000022
ID_XDKlzJ_Fe,-562.8678666666668
ID_XDKlzJ_Mn,-273.8911111111112
ID_XDKlzJ_Zn,-5.381551111111108
ID_XDKlzJ_Cu,-9.373079999999986
ID_XDKlzJ_B,-0.6706888888888879
ID_wwLm5k_N,-5045.984
ID_wwLm5k_P,29.76448
ID_wwLm5k_K,-569.9936000000001
ID_wwLm5k_Ca,-4789.392000000001
ID_wwLm5k_Mg,-1262.5792000000001
ID_wwLm5k_S,-28.02844800000002
ID_wwLm5k_Fe,-228.73647999999997
ID_wwLm5k_Mn,-211.74560000000002
ID_wwLm5k_Zn,-3.6418399999999997
ID_wwLm5k_Cu,-8.932576
ID_wwLm5k_B,-0.6263199999999999
ID_xqDBgK_N,-5549.058222222222
ID_xqDBgK_P,27.932779555555562
ID_xqDBgK_K,-1021.3448000000003
ID_xqDBgK_Ca,-4890.461511111112
ID_xqDBgK_Mg,-1277.618666666667
ID_xqDBgK_S,-14.268515555555567
ID_xqDBgK_Fe,-308.29735555555544
ID_xqDBgK_Mn,-288.64765333333344
ID_xqDBgK_Zn,-5.937938222222232
ID_xqDBgK_Cu,-10.157664444444439
ID_xqDBgK_B,-0.7892871111111102
ID_p5Tp7B_N,-5147.405333333333
ID_p5Tp7B_P,32.21042399999999
ID_p5Tp7B_K,-552.2184888888889
ID_p5Tp7B_Ca,-4782.149422222223
ID_p5Tp7B_Mg,-1302.3350222222225
ID_p5Tp7B_S,-23.227831111111122
ID_p5Tp7B_Fe,-204.4857555555555
ID_p5Tp7B_Mn,-265.1482222222223
ID_p5Tp7B_Zn,-3.3181111111111155
ID_p5Tp7B_Cu,-9.03021688888889
ID_p5Tp7B_B,-0.6598919999999998
ID_Wi8s4p_N,-5593.482666666667
ID_Wi8s4p_P,-24.220351999999977
ID_Wi8s4p_K,-1095.517155555556
ID_Wi8s4p_Ca,-9733.538133333335
ID_Wi8s4p_Mg,-2073.701688888889
ID_Wi8s4p_S,-15.001856000000018
ID_Wi8s4p_Fe,-594.2141866666667
ID_Wi8s4p_Mn,-212.9251555555555
ID_Wi8s4p_Zn,-7.5414968888888865
ID_Wi8s4p_Cu,-9.933461333333337
ID_Wi8s4p_B,-0.9221262222222203
ID_gEoarY_N,-5539.611555555556
ID_gEoarY_P,20.38566799999998
ID_gEoarY_K,-1075.8060444444443
ID_gEoarY_Ca,-8365.299155555556
ID_gEoarY_Mg,-1942.673688888889
ID_gEoarY_S,-9.499741333333361
ID_gEoarY_Fe,-574.7355022222224
ID_gEoarY_Mn,-211.2121155555556
ID_gEoarY_Zn,-5.495591999999999
ID_gEoarY_Cu,-9.54740977777778
ID_gEoarY_B,-0.8937817777777765
ID_9uTw53_N,-4848.268444444446
ID_9uTw53_P,32.665129777777764
ID_9uTw53_K,-569.5510222222224
ID_9uTw53_Ca,-6221.977777777778
ID_9uTw53_Mg,-853.007377777778
ID_9uTw53_S,-16.400839111111107
ID_9uTw53_Fe,-314.17311111111115
ID_9uTw53_Mn,-196.72042666666673
ID_9uTw53_Zn,-3.070345777777781
ID_9uTw53_Cu,-7.334432888888887
ID_9uTw53_B,-0.6018862222222208
ID_MEugX2_N,-5315.523555555556
ID_MEugX2_P,18.630698666666685
ID_MEugX2_K,-371.96231111111115
ID_MEugX2_Ca,-4287.446044444445
ID_MEugX2_Mg,-604.8888888888889
ID_MEugX2_S,-31.52628622222221
ID_MEugX2_Fe,-382.11505777777774
ID_MEugX2_Mn,-216.6385777777778
ID_MEugX2_Zn,-3.293710222222223
ID_MEugX2_Cu,-9.742613333333349
ID_MEugX2_B,-0.3875626666666661
ID_qPOm7M_N,-5882.110666666667
ID_qPOm7M_P,29.88054933333332
ID_qPOm7M_K,-635.9878666666667
ID_qPOm7M_Ca,-6438.915466666668
ID_qPOm7M_Mg,-994.2708000000001
ID_qPOm7M_S,-17.83314933333333
ID_qPOm7M_Fe,-311.7143333333333
ID_qPOm7M_Mn,-306.3753866666667
ID_qPOm7M_Zn,-16.52606933333333
ID_qPOm7M_Cu,-9.894340000000005
ID_qPOm7M_B,-0.6349879999999982
ID_N0qiLX_N,-5508.704000000001
ID_N0qiLX_P,32.00845911111111
ID_N0qiLX_K,-793.9853333333335
ID_N0qiLX_Ca,-7001.563822222223
ID_N0qiLX_Mg,-1863.3556
ID_N0qiLX_S,-10.453273333333396
ID_N0qiLX_Fe,-555.1779955555555
ID_N0qiLX_Mn,-272.9448711111112
ID_N0qiLX_Zn,-4.103008000000007
ID_N0qiLX_Cu,-10.846970755555542
ID_N0qiLX_B,-0.6835328888888884
ID_pSEAOt_N,-5429.329333333335
ID_pSEAOt_P,28.28486266666667
ID_pSEAOt_K,-869.6354666666668
ID_pSEAOt_Ca,-5352.136666666667
ID_pSEAOt_Mg,-1249.8224000000002
ID_pSEAOt_S,-12.937556000000011
ID_pSEAOt_Fe,-438.6845199999999
ID_pSEAOt_Mn,-310.3802666666667
ID_pSEAOt_Zn,-3.4189920000000016
ID_pSEAOt_Cu,-9.878503999999998
ID_pSEAOt_B,-0.7338026666666667
ID_x0Ebse_N,-5680.412444444444
ID_x0Ebse_P,29.641738666666654
ID_x0Ebse_K,-487.0851555555556
ID_x0Ebse_Ca,-4047.697777777778
ID_x0Ebse_Mg,-631.5168
ID_x0Ebse_S,-27.449557333333296
ID_x0Ebse_Fe,-266.5867733333333
ID_x0Ebse_Mn,-220.56718222222227
ID_x0Ebse_Zn,-2.423854222222222
ID_x0Ebse_Cu,-6.090890666666659
ID_x0Ebse_B,-0.315107555555555
ID_nq4bIo_N,-5580.433777777778
ID_nq4bIo_P,31.67958399999999
ID_nq4bIo_K,-600.1539555555556
ID_nq4bIo_Ca,-5960.146844444445
ID_nq4bIo_Mg,-842.9557333333335
ID_nq4bIo_S,-15.900426666666647
ID_nq4bIo_Fe,-237.79680000000002
ID_nq4bIo_Mn,-235.12995555555554
ID_nq4bIo_Zn,-3.026915555555561
ID_nq4bIo_Cu,-7.218574222222209
ID_nq4bIo_B,-0.37501155555555454
ID_dvd2qf_N,-5271.232
ID_dvd2qf_P,29.266298666666657
ID_dvd2qf_K,-593.8933333333334
ID_dvd2qf_Ca,-4101.421866666667
ID_dvd2qf_Mg,-652.9594666666667
ID_dvd2qf_S,-29.348621333333313
ID_dvd2qf_Fe,-244.32397925925937
ID_dvd2qf_Mn,-208.6423644444444
ID_dvd2qf_Zn,-3.3488195555555653
ID_dvd2qf_Cu,-5.918320000000008
ID_dvd2qf_B,-0.4589511111111107
ID_RUVPUR_N,-5463.5377777777785
ID_RUVPUR_P,29.285642666666643
ID_RUVPUR_K,-453.98542222222227
ID_RUVPUR_Ca,-5460.382933333334
ID_RUVPUR_Mg,-706.1379555555557
ID_RUVPUR_S,-19.153223111111085
ID_RUVPUR_Fe,-245.98290962962955
ID_RUVPUR_Mn,-249.74080000000004
ID_RUVPUR_Zn,-3.0105528888888906
ID_RUVPUR_Cu,-6.825454222222215
ID_RUVPUR_B,-0.47915022222222187
ID_2Z7BZs_N,-5414.116444444445
ID_2Z7BZs_P,31.695865333333323
ID_2Z7BZs_K,-428.35537777777773
ID_2Z7BZs_Ca,-4801.647777777778
ID_2Z7BZs_Mg,-586.6258666666666
ID_2Z7BZs_S,-19.85931911111109
ID_2Z7BZs_Fe,-324.93635555555545
ID_2Z7BZs_Mn,-230.4216266666667
ID_2Z7BZs_Zn,-5.055154666666668
ID_2Z7BZs_Cu,-7.720883111111097
ID_2Z7BZs_B,-0.4555999999999995
ID_8bZnvJ_N,-5390.380000000001
ID_8bZnvJ_P,-37.667426666666685
ID_8bZnvJ_K,-975.796
ID_8bZnvJ_Ca,-9610.237333333336
ID_8bZnvJ_Mg,-2346.618
ID_8bZnvJ_S,-9.216253333333366
ID_8bZnvJ_Fe,-433.17013333333335
ID_8bZnvJ_Mn,-196.72793333333334
ID_8bZnvJ_Zn,-4.248373333333335
ID_8bZnvJ_Cu,-6.433713333333344
ID_8bZnvJ_B,-0.9510066666666662
ID_2E4pRc_N,-5299.310222222222
ID_2E4pRc_P,32.65015822222222
ID_2E4pRc_K,-699.4346666666667
ID_2E4pRc_Ca,-5555.499022222222
ID_2E4pRc_Mg,-1342.788977777778
ID_2E4pRc_S,-19.488796444444432
ID_2E4pRc_Fe,-335.2276977777777
ID_2E4pRc_Mn,-280.3260444444445
ID_2E4pRc_Zn,-4.303896888888894
ID_2E4pRc_Cu,-8.534058666666668
ID_2E4pRc_B,-0.5482986666666657
ID_boXGE0_N,-5301.100444444445
ID_boXGE0_P,31.282418666666665
ID_boXGE0_K,-801.6486222222222
ID_boXGE0_Ca,-5871.636
ID_boXGE0_Mg,-1326.6295111111112
ID_boXGE0_S,-14.54593333333332
ID_boXGE0_Fe,-303.7902933333331
ID_boXGE0_Mn,-301.4267555555556
ID_boXGE0_Zn,-3.777342222222225
ID_boXGE0_Cu,-10.061789333333335
ID_boXGE0_B,-0.7931102222222227
ID_91GFSQ_N,-5385.97688888889
ID_91GFSQ_P,33.34668088888889
ID_91GFSQ_K,-577.7870222222223
ID_91GFSQ_Ca,-4743.684266666667
ID_91GFSQ_Mg,-1228.1856000000002
ID_91GFSQ_S,-21.639100444444438
ID_91GFSQ_Fe,-211.7889422222222
ID_91GFSQ_Mn,-287.45351111111114
ID_91GFSQ_Zn,-2.5265137777777795
ID_91GFSQ_Cu,-9.46968888888889
ID_91GFSQ_B,-0.60746311111111
ID_K3TT0a_N,-4390.798222222223
ID_K3TT0a_P,29.650737777777778
ID_K3TT0a_K,-807.8693333333333
ID_K3TT0a_Ca,-5481.115555555556
ID_K3TT0a_Mg,-1465.2567111111111
ID_K3TT0a_S,-17.378727111111132
ID_K3TT0a_Fe,-286.3180444444441
ID_K3TT0a_Mn,-338.6912
ID_K3TT0a_Zn,-10.135377777777782
ID_K3TT0a_Cu,-9.881224888888886
ID_K3TT0a_B,-0.6854968888888876
ID_9D2TRG_N,-5799.347555555556
ID_9D2TRG_P,28.79170133333332
ID_9D2TRG_K,-460.1448888888889
ID_9D2TRG_Ca,-4459.739555555555
ID_9D2TRG_Mg,-803.96
ID_9D2TRG_S,-21.157223999999992
ID_9D2TRG_Fe,-344.95504
ID_9D2TRG_Mn,-293.55072
ID_9D2TRG_Zn,-10.274011555555552
ID_9D2TRG_Cu,-9.579889777777767
ID_9D2TRG_B,-0.5979288888888862
ID_FqunFo_N,-5535.367111111111
ID_FqunFo_P,29.216494222222213
ID_FqunFo_K,-428.84053333333344
ID_FqunFo_Ca,-4267.442844444445
ID_FqunFo_Mg,-524.8867555555556
ID_FqunFo_S,-25.52449422222218
ID_FqunFo_Fe,-314.8815999999999
ID_FqunFo_Mn,-236.61045333333337
ID_FqunFo_Zn,-3.1588800000000052
ID_FqunFo_Cu,-7.5195271111111
ID_FqunFo_B,-0.3739484444444435
ID_7qPsg0_N,-5618.1973333333335
ID_7qPsg0_P,20.114922666666686
ID_7qPsg0_K,-477.75288888888906
ID_7qPsg0_Ca,-5439.9712
ID_7qPsg0_Mg,-698.2154666666667
ID_7qPsg0_S,-17.327491555555554
ID_7qPsg0_Fe,-314.2021333333334
ID_7qPsg0_Mn,-281.3600355555556
ID_7qPsg0_Zn,-4.340273777777781
ID_7qPsg0_Cu,-8.313208888888875
ID_7qPsg0_B,-0.389571555555555
ID_cSVwRv_N,-5732.449777777779
ID_cSVwRv_P,27.98515911111111
ID_cSVwRv_K,-656.3626666666667
ID_cSVwRv_Ca,-4404.742044444444
ID_cSVwRv_Mg,-1077.6708444444446
ID_cSVwRv_S,-14.910903111111125
ID_cSVwRv_Fe,-254.72187259259258
ID_cSVwRv_Mn,-286.2051555555556
ID_cSVwRv_Zn,-3.1216968888888936
ID_cSVwRv_Cu,-8.311988444444442
ID_cSVwRv_B,-0.41565599999999925
ID_rwTWGt_N,-5641.572444444445
ID_rwTWGt_P,30.989999999999995
ID_rwTWGt_K,-712.7358222222224
ID_rwTWGt_Ca,-4384.1592
ID_rwTWGt_Mg,-1052.1272000000001
ID_rwTWGt_S,-13.775996444444473
ID_rwTWGt_Fe,-321.58039111111094
ID_rwTWGt_Mn,-245.46535111111112
ID_rwTWGt_Zn,-2.842469333333334
ID_rwTWGt_Cu,-7.573262666666674
ID_rwTWGt_B,-0.4272924444444441
ID_h2nNy0_N,-5201.034666666667
ID_h2nNy0_P,27.714247111111113
ID_h2nNy0_K,-759.8855111111112
ID_h2nNy0_Ca,-5442.300444444446
ID_h2nNy0_Mg,-1289.3980444444446
ID_h2nNy0_S,-17.072810666666705
ID_h2nNy0_Fe,-411.1952355555554
ID_h2nNy0_Mn,-260.81884444444455
ID_h2nNy0_Zn,-3.4697244444444437
ID_h2nNy0_Cu,-7.4922595555555604
ID_h2nNy0_B,-0.6813511111111114
ID_u6OurR_N,-4420.317777777777
ID_u6OurR_P,26.80372444444445
ID_u6OurR_K,-627.6908888888889
ID_u6OurR_Ca,-6490.611111111111
ID_u6OurR_Mg,-1396.6917777777778
ID_u6OurR_S,-21.183684444444445
ID_u6OurR_Fe,-266.39764444444444
ID_u6OurR_Mn,-340.70022222222224
ID_u6OurR_Zn,-3.4813777777777797
ID_u6OurR_Cu,-7.89763555555555
ID_u6OurR_B,-0.6713333333333328
ID_gSKtP8_N,-5050.225777777779
ID_gSKtP8_P,24.305840888888895
ID_gSKtP8_K,-1100.1784444444445
ID_gSKtP8_Ca,-6528.615244444445
ID_gSKtP8_Mg,-1568.5275555555559
ID_gSKtP8_S,-11.402009333333357
ID_gSKtP8_Fe,-321.0736088888888
ID_gSKtP8_Mn,-295.88137777777786
ID_gSKtP8_Zn,-4.592248444444453
ID_gSKtP8_Cu,-9.113444444444438
ID_gSKtP8_B,-0.888162222222222
ID_qJcGl2_N,-5252.4328888888895
ID_qJcGl2_P,27.345293777777776
ID_qJcGl2_K,-882.7500888888889
ID_qJcGl2_Ca,-5933.3638222222235
ID_qJcGl2_Mg,-1338.1693777777782
ID_qJcGl2_S,-15.06891466666664
ID_qJcGl2_Fe,-384.5624755555555
ID_qJcGl2_Mn,-320.8060444444446
ID_qJcGl2_Zn,-3.537273777777781
ID_qJcGl2_Cu,-9.136794666666667
ID_qJcGl2_B,-0.6871662222222217
ID_1bHXaA_N,-4030.8279999999995
ID_1bHXaA_P,22.445216000000016
ID_1bHXaA_K,-944.7099999999999
ID_1bHXaA_Ca,-8107.7324
ID_1bHXaA_Mg,-1854.6971999999998
ID_1bHXaA_S,-15.285699999999991
ID_1bHXaA_Fe,-377.00287999999983
ID_1bHXaA_Mn,-335.92040000000003
ID_1bHXaA_Zn,-3.136052000000005
ID_1bHXaA_Cu,-10.340400000000002
ID_1bHXaA_B,-0.7691599999999988
ID_UcLMkG_N,-4432.1755555555565
ID_UcLMkG_P,13.4284066666667
ID_UcLMkG_K,-919.4433333333333
ID_UcLMkG_Ca,-8387.339333333333
ID_UcLMkG_Mg,-2482.767111111111
ID_UcLMkG_S,-11.710086666666673
ID_UcLMkG_Fe,-449.66726666666665
ID_UcLMkG_Mn,-252.0122222222222
ID_UcLMkG_Zn,-3.101877777777778
ID_UcLMkG_Cu,-9.936917777777774
ID_UcLMkG_B,-0.7171288888888873
ID_pxTuqE_N,-4181.276444444444
ID_pxTuqE_P,16.33068977777779
ID_pxTuqE_K,-1031.6307555555557
ID_pxTuqE_Ca,-6981.428622222222
ID_pxTuqE_Mg,-2144.4289777777776
ID_pxTuqE_S,-10.862362666666666
ID_pxTuqE_Fe,-302.65393777777774
ID_pxTuqE_Mn,-361.3550222222222
ID_pxTuqE_Zn,-3.815491555555553
ID_pxTuqE_Cu,-10.370487111111114
ID_pxTuqE_B,-0.8388746666666652
ID_6MMf1D_N,-4396.96
ID_6MMf1D_P,29.838548888888887
ID_6MMf1D_K,-885.6486666666666
ID_6MMf1D_Ca,-5429.457555555556
ID_6MMf1D_Mg,-1626.2215555555558
ID_6MMf1D_S,-14.952473333333337
ID_6MMf1D_Fe,-275.6334222222221
ID_6MMf1D_Mn,-319.2182222222222
ID_6MMf1D_Zn,-3.900437777777768
ID_6MMf1D_Cu,-10.489019999999996
ID_6MMf1D_B,-0.7881222222222206
ID_AtYX7H_N,-4650.164444444444
ID_AtYX7H_P,8.504617777777796
ID_AtYX7H_K,-1136.4866666666667
ID_AtYX7H_Ca,-9075.862222222222
ID_AtYX7H_Mg,-2634.648888888889
ID_AtYX7H_S,-10.71025111111112
ID_AtYX7H_Fe,-351.53239999999977
ID_AtYX7H_Mn,-350.0535555555556
ID_AtYX7H_Zn,-4.035779999999994
ID_AtYX7H_Cu,-10.657073333333331
ID_AtYX7H_B,-0.8664244444444433
ID_crLp1H_N,-5354.063999999999
ID_crLp1H_P,6.457957333333361
ID_crLp1H_K,-911.9991999999999
ID_crLp1H_Ca,-10409.347999999998
ID_crLp1H_Mg,-2830.8229333333334
ID_crLp1H_S,-11.902912000000029
ID_crLp1H_Fe,-354.73559999999986
ID_crLp1H_Mn,-334.97280000000006
ID_crLp1H_Zn,-4.108776000000001
ID_crLp1H_Cu,-10.419074666666669
ID_crLp1H_B,-0.8704559999999979
ID_RQffI4_N,-4998.6
ID_RQffI4_P,14.137592000000026
ID_RQffI4_K,-909.2797333333334
ID_RQffI4_Ca,-8753.117466666668
ID_RQffI4_Mg,-2633.0945333333334
ID_RQffI4_S,-10.95642800000002
ID_RQffI4_Fe,-272.7597466666667
ID_RQffI4_Mn,-329.95178666666675
ID_RQffI4_Zn,-4.068218666666666
ID_RQffI4_Cu,-10.30592799999999
ID_RQffI4_B,-0.8613293333333326
ID_BuVwkq_N,-3800.5444444444447
ID_BuVwkq_P,5.042657777777819
ID_BuVwkq_K,-1130.7315555555556
ID_BuVwkq_Ca,-14326.230666666665
ID_BuVwkq_Mg,-3481.0795555555555
ID_BuVwkq_S,-6.517555555555564
ID_BuVwkq_Fe,-354.33380000000005
ID_BuVwkq_Mn,-349.8082222222223
ID_BuVwkq_Zn,-3.450711111111106
ID_BuVwkq_Cu,-9.894188888888882
ID_BuVwkq_B,-0.8405111111111099
ID_HIUjk8_N,-4368.053333333334
ID_HIUjk8_P,3.2671857777778186
ID_HIUjk8_K,-1156.6542222222222
ID_HIUjk8_Ca,-12286.281955555558
ID_HIUjk8_Mg,-2942.244266666667
ID_HIUjk8_S,-8.89282844444448
ID_HIUjk8_Fe,-323.51864888888906
ID_HIUjk8_Mn,-342.2801777777778
ID_HIUjk8_Zn,-3.9898524444444408
ID_HIUjk8_Cu,-11.86692977777778
ID_HIUjk8_B,-0.8388977777777767
ID_Dljnif_N,-3764.8511111111106
ID_Dljnif_P,-10.646248444444417
ID_Dljnif_K,-851.708711111111
ID_Dljnif_Ca,-10854.110133333334
ID_Dljnif_Mg,-3143.9014666666667
ID_Dljnif_S,-11.512085777777763
ID_Dljnif_Fe,-295.1128488888886
ID_Dljnif_Mn,-351.76324444444447
ID_Dljnif_Zn,-3.5954288888888866
ID_Dljnif_Cu,-9.71883866666666
ID_Dljnif_B,-0.7844751111111087
ID_wpSyf3_N,-5000.8533333333335
ID_wpSyf3_P,-0.2841133333332877
ID_wpSyf3_K,-1307.8293333333334
ID_wpSyf3_Ca,-9097.529333333336
ID_wpSyf3_Mg,-2500.9400000000005
ID_wpSyf3_S,-9.045453333333345
ID_wpSyf3_Fe,-329.78433333333345
ID_wpSyf3_Mn,-294.5972666666667
ID_wpSyf3_Zn,-5.335006666666663
ID_wpSyf3_Cu,-33.74715333333334
ID_wpSyf3_B,-0.8946333333333312
ID_EFtOjK_N,-4176.327111111112
ID_EFtOjK_P,29.396311111111103
ID_EFtOjK_K,-815.4944
ID_EFtOjK_Ca,-5527.402133333333
ID_EFtOjK_Mg,-1624.388088888889
ID_EFtOjK_S,-16.30085511111113
ID_EFtOjK_Fe,-319.7708977777776
ID_EFtOjK_Mn,-330.6949333333334
ID_EFtOjK_Zn,-3.1181511111111093
ID_EFtOjK_Cu,-10.807368888888885
ID_EFtOjK_B,-0.7451982222222219
ID_DQv8TV_N,-5579.401333333334
ID_DQv8TV_P,19.137377333333337
ID_DQv8TV_K,-728.3250666666668
ID_DQv8TV_Ca,-6030.785733333335
ID_DQv8TV_Mg,-1345.3021333333336
ID_DQv8TV_S,-15.813738666666666
ID_DQv8TV_Fe,-241.66248000000002
ID_DQv8TV_Mn,-306.12773333333337
ID_DQv8TV_Zn,-5.048176000000004
ID_DQv8TV_Cu,-11.915625333333347
ID_DQv8TV_B,-0.6616279999999998
ID_1Upz0f_N,-5126.271111111111
ID_1Upz0f_P,27.929382222222223
ID_1Upz0f_K,-923.1182222222224
ID_1Upz0f_Ca,-4886.524888888889
ID_1Upz0f_Mg,-1220.753777777778
ID_1Upz0f_S,-18.216608888888885
ID_1Upz0f_Fe,-223.69875555555564
ID_1Upz0f_Mn,-302.31511111111115
ID_1Upz0f_Zn,-4.108777777777784
ID_1Upz0f_Cu,-9.165839999999998
ID_1Upz0f_B,-0.7204088888888881
ID_zrylE0_N,-5215.620444444444
ID_zrylE0_P,23.839593777777786
ID_zrylE0_K,-943.0528888888889
ID_zrylE0_Ca,-5423.058933333334
ID_zrylE0_Mg,-1549.1550666666665
ID_zrylE0_S,-15.37201511111111
ID_zrylE0_Fe,-262.2695244444443
ID_zrylE0_Mn,-343.4364
ID_zrylE0_Zn,-3.4153320000000025
ID_zrylE0_Cu,-64.20322000000007
ID_zrylE0_B,-0.7323946666666661
ID_YS1Waq_N,-5375.456000000002
ID_YS1Waq_P,2.615200000000037
ID_YS1Waq_K,-1207.1552000000001
ID_YS1Waq_Ca,-8178.5088000000005
ID_YS1Waq_Mg,-2076.7792000000004
ID_YS1Waq_S,-11.624976000000018
ID_YS1Waq_Fe,-352.90047999999996
ID_YS1Waq_Mn,-318.2672000000001
ID_YS1Waq_Zn,-5.7113119999999915
ID_YS1Waq_Cu,-8.772112000000002
ID_YS1Waq_B,-0.8282079999999997
ID_ynB5vq_N,-5249.090222222224
ID_ynB5vq_P,-18.248631111111116
ID_ynB5vq_K,-1603.9861333333336
ID_ynB5vq_Ca,-10349.438266666666
ID_ynB5vq_Mg,-2418.9794666666667
ID_ynB5vq_S,-12.172857333333354
ID_ynB5vq_Fe,-279.25684888888884
ID_ynB5vq_Mn,-327.01177777777787
ID_ynB5vq_Zn,-5.306464888888891
ID_ynB5vq_Cu,-9.73731199999999
ID_ynB5vq_B,-1.3589937777777779
ID_KSQLTY_N,-5571.536444444446
ID_KSQLTY_P,0.13714977777779325
ID_KSQLTY_K,-1179.9858222222222
ID_KSQLTY_Ca,-8438.881422222223
ID_KSQLTY_Mg,-1588.2977333333338
ID_KSQLTY_S,-13.118928888888902
ID_KSQLTY_Fe,-284.5372933333332
ID_KSQLTY_Mn,-316.1650666666668
ID_KSQLTY_Zn,-6.2474497777777795
ID_KSQLTY_Cu,-8.96501066666667
ID_KSQLTY_B,-0.8710613333333326
ID_4vFoTb_N,-5295.082666666667
ID_4vFoTb_P,23.256069333333333
ID_4vFoTb_K,-1079.3799555555556
ID_4vFoTb_Ca,-5716.998755555556
ID_4vFoTb_Mg,-1306.335688888889
ID_4vFoTb_S,-14.336266666666674
ID_4vFoTb_Fe,-360.1961244444445
ID_4vFoTb_Mn,-300.94053333333335
ID_4vFoTb_Zn,-3.881569333333332
ID_4vFoTb_Cu,-9.270926666666663
ID_4vFoTb_B,-0.6989124444444436
ID_B2UXQk_N,-4832.374666666667
ID_B2UXQk_P,25.980516888888893
ID_B2UXQk_K,-841.5136000000001
ID_B2UXQk_Ca,-6330.855733333334
ID_B2UXQk_Mg,-1654.3003111111113
ID_B2UXQk_S,-15.01970622222224
ID_B2UXQk_Fe,-365.1808844444445
ID_B2UXQk_Mn,-337.29924444444447
ID_B2UXQk_Zn,-2.8407897777777795
ID_B2UXQk_Cu,-9.192208444444441
ID_B2UXQk_B,-0.6298408888888882
ID_kaFVpe_N,-5600.480000000001
ID_kaFVpe_P,26.60003199999999
ID_kaFVpe_K,-1118.0528000000002
ID_kaFVpe_Ca,-5090.736000000001
ID_kaFVpe_Mg,-1308.7408
ID_kaFVpe_S,-13.172832
ID_kaFVpe_Fe,-350.49760000000003
ID_kaFVpe_Mn,-296.8640000000001
ID_kaFVpe_Zn,-2.9220319999999975
ID_kaFVpe_Cu,-11.517904
ID_kaFVpe_B,-0.6595839999999996
ID_JFx08I_N,-5743.436444444444
ID_JFx08I_P,21.127577777777766
ID_JFx08I_K,-1398.3968888888892
ID_JFx08I_Ca,-5920.441422222223
ID_JFx08I_Mg,-1467.7440000000001
ID_JFx08I_S,-13.569052888888901
ID_JFx08I_Fe,-352.26290666666665
ID_JFx08I_Mn,-262.9208177777778
ID_JFx08I_Zn,-6.775467555555544
ID_JFx08I_Cu,-9.5940191111111
ID_JFx08I_B,-0.8733937777777757
ID_vGjm5C_N,-4120.448888888888
ID_vGjm5C_P,18.38316888888889
ID_vGjm5C_K,-739.5986666666668
ID_vGjm5C_Ca,-7221.980444444444
ID_vGjm5C_Mg,-1997.6204444444445
ID_vGjm5C_S,-14.144560000000002
ID_vGjm5C_Fe,-306.784111111111
ID_vGjm5C_Mn,-326.0211111111111
ID_vGjm5C_Zn,-3.3959200000000043
ID_vGjm5C_Cu,-9.047635555555551
ID_vGjm5C_B,-0.8301866666666662
ID_9H1Il3_N,-5152.668000000001
ID_9H1Il3_P,21.38663200000001
ID_9H1Il3_K,-806.0250666666669
ID_9H1Il3_Ca,-6553.206000000002
ID_9H1Il3_Mg,-1744.5420000000004
ID_9H1Il3_S,-10.008389333333358
ID_9H1Il3_Fe,-335.3193466666666
ID_9H1Il3_Mn,-315.61453333333344
ID_9H1Il3_Zn,-3.350616000000001
ID_9H1Il3_Cu,-9.090058666666659
ID_9H1Il3_B,-0.8194946666666671
ID_VwAP6V_N,-4917.526666666667
ID_VwAP6V_P,20.089308888888905
ID_VwAP6V_K,-905.2599999999999
ID_VwAP6V_Ca,-8031.708222222221
ID_VwAP6V_Mg,-2497.379777777778
ID_VwAP6V_S,-9.553913333333355
ID_VwAP6V_Fe,-355.62179999999984
ID_VwAP6V_Mn,-322.4893333333333
ID_VwAP6V_Zn,-3.608899999999997
ID_VwAP6V_Cu,-10.60233333333333
ID_VwAP6V_B,-0.8689799999999991
ID_SZhuLm_N,-5613.489333333335
ID_SZhuLm_P,16.875916444444456
ID_SZhuLm_K,-1217.9420444444447
ID_SZhuLm_Ca,-9041.307466666669
ID_SZhuLm_Mg,-2291.1878666666667
ID_SZhuLm_S,-10.236532888888906
ID_SZhuLm_Fe,-249.1912577777779
ID_SZhuLm_Mn,-295.2322222222223
ID_SZhuLm_Zn,-5.397443555555555
ID_SZhuLm_Cu,-9.920528888888882
ID_SZhuLm_B,-0.9299697777777761
ID_6l2ei0_N,-5019.1
ID_6l2ei0_P,2.7171133333334083
ID_6l2ei0_K,-1285.4853333333335
ID_6l2ei0_Ca,-9363.417333333335
ID_6l2ei0_Mg,-2339.3473333333336
ID_6l2ei0_S,-8.036706666666678
ID_6l2ei0_Fe,-253.61220000000003
ID_6l2ei0_Mn,-272.58133333333336
ID_6l2ei0_Zn,-4.486746666666667
ID_6l2ei0_Cu,-11.560513333333347
ID_6l2ei0_B,-0.7738133333333316
ID_uFHZaX_N,-4134.88
ID_uFHZaX_P,30.773016
ID_uFHZaX_K,-835.7596
ID_uFHZaX_Ca,-6672.709199999999
ID_uFHZaX_Mg,-1924.0444
ID_uFHZaX_S,-15.056691999999998
ID_uFHZaX_Fe,-298.6586399999997
ID_uFHZaX_Mn,-339.86199999999997
ID_uFHZaX_Zn,-3.698899999999998
ID_uFHZaX_Cu,-10.676215999999993
ID_uFHZaX_B,-0.7765959999999991
ID_QbVJ5q_N,-4835.0853333333325
ID_QbVJ5q_P,30.775423999999994
ID_QbVJ5q_K,-630.0341333333333
ID_QbVJ5q_Ca,-5669.086133333333
ID_QbVJ5q_Mg,-1352.318933333333
ID_QbVJ5q_S,-22.421311999999965
ID_QbVJ5q_Fe,-281.3626666666665
ID_QbVJ5q_Mn,-323.46133333333336
ID_QbVJ5q_Zn,-2.748730666666668
ID_QbVJ5q_Cu,-9.63688266666666
ID_QbVJ5q_B,-0.5938666666666663
ID_qBVgsz_N,-5298.9906666666675
ID_qBVgsz_P,24.52921466666667
ID_qBVgsz_K,-517.726
ID_qBVgsz_Ca,-5259.227200000001
ID_qBVgsz_Mg,-1330.7044
ID_qBVgsz_S,-22.47280133333333
ID_qBVgsz_Fe,-266.09432000000004
ID_qBVgsz_Mn,-334.47960000000006
ID_qBVgsz_Zn,-2.883429333333336
ID_qBVgsz_Cu,-9.33568933333332
ID_qBVgsz_B,-0.6400199999999997
ID_Bhfxd5_N,-5183.786666666668
ID_Bhfxd5_P,25.885853333333344
ID_Bhfxd5_K,-896.9620000000001
ID_Bhfxd5_Ca,-5064.768666666668
ID_Bhfxd5_Mg,-1351.992666666667
ID_Bhfxd5_S,-13.281619999999997
ID_Bhfxd5_Fe,-314.80106666666666
ID_Bhfxd5_Mn,-282.4933333333334
ID_Bhfxd5_Zn,-2.9133333333333358
ID_Bhfxd5_Cu,-9.335586666666655
ID_Bhfxd5_B,-0.665873333333333
ID_kuotDJ_N,-5389.097777777778
ID_kuotDJ_P,32.36384888888888
ID_kuotDJ_K,-837.5040000000001
ID_kuotDJ_Ca,-6440.076888888889
ID_kuotDJ_Mg,-1437.659111111111
ID_kuotDJ_S,-14.883560000000017
ID_kuotDJ_Fe,-253.77226666666667
ID_kuotDJ_Mn,-289.35466666666673
ID_kuotDJ_Zn,-3.1739733333333295
ID_kuotDJ_Cu,-9.259559999999999
ID_kuotDJ_B,-0.6911244444444443
ID_8qJ5BI_N,-5201.663111111113
ID_8qJ5BI_P,30.286355999999998
ID_8qJ5BI_K,-516.4519555555556
ID_8qJ5BI_Ca,-4223.735155555556
ID_8qJ5BI_Mg,-1219.8438222222223
ID_8qJ5BI_S,-19.547216000000017
ID_8qJ5BI_Fe,-203.9330044444444
ID_8qJ5BI_Mn,-264.0776
ID_8qJ5BI_Zn,-2.7971395555555554
ID_8qJ5BI_Cu,-7.190393777777764
ID_8qJ5BI_B,-0.49411511111111
ID_HyB4uK_N,-5108.796444444445
ID_HyB4uK_P,30.004373333333334
ID_HyB4uK_K,-797.7912888888891
ID_HyB4uK_Ca,-4944.1792000000005
ID_HyB4uK_Mg,-1430.3687111111115
ID_HyB4uK_S,-16.888931555555544
ID_HyB4uK_Fe,-228.0179911111111
ID_HyB4uK_Mn,-306.9379555555556
ID_HyB4uK_Zn,-2.834311111111117
ID_HyB4uK_Cu,-6.532991999999986
ID_HyB4uK_B,-0.4720355555555535
ID_knYuYM_N,-5649.4
ID_knYuYM_P,29.16645333333333
ID_knYuYM_K,-939.4807999999999
ID_knYuYM_Ca,-5423.889866666666
ID_knYuYM_Mg,-1295.0605333333333
ID_knYuYM_S,-14.787922666666674
ID_knYuYM_Fe,-317.7631199999999
ID_knYuYM_Mn,-315.00506666666666
ID_knYuYM_Zn,-3.271559999999996
ID_knYuYM_Cu,-8.352837333333321
ID_knYuYM_B,-0.5392479999999985
ID_E914D4_N,-5501.504000000001
ID_E914D4_P,2.1453986666666935
ID_E914D4_K,-1167.0316
ID_E914D4_Ca,-10584.587866666669
ID_E914D4_Mg,-2559.538533333334
ID_E914D4_S,-12.01063200000003
ID_E914D4_Fe,-282.0699333333333
ID_E914D4_Mn,-347.88840000000005
ID_E914D4_Zn,-3.567436000000005
ID_E914D4_Cu,-11.594514666666676
ID_E914D4_B,-0.9484519999999977
ID_g340BC_N,-4916.095111111111
ID_g340BC_P,16.172719555555545
ID_g340BC_K,-904.3014222222223
ID_g340BC_Ca,-6412.02991111111
ID_g340BC_Mg,-1635.6527999999998
ID_g340BC_S,-9.989498666666652
ID_g340BC_Fe,-276.1444177777779
ID_g340BC_Mn,-331.6040444444444
ID_g340BC_Zn,-3.8088231111111113
ID_g340BC_Cu,-12.627308000000017
ID_g340BC_B,-0.7210946666666667
ID_NqesQG_N,-4988.257777777779
ID_NqesQG_P,12.867791111111146
ID_NqesQG_K,-1292.3222222222223
ID_NqesQG_Ca,-9976.068444444447
ID_NqesQG_Mg,-2466.956
ID_NqesQG_S,-10.594831111111123
ID_NqesQG_Fe,-393.5455999999999
ID_NqesQG_Mn,-346.00222222222226
ID_NqesQG_Zn,-4.0210711111111035
ID_NqesQG_Cu,-12.103622222222231
ID_NqesQG_B,-0.7358577777777773
ID_h7TI65_N,-3721.271111111111
ID_h7TI65_P,-21.906237777777783
ID_h7TI65_K,-1454.0348888888889
ID_h7TI65_Ca,-15009.560666666666
ID_h7TI65_Mg,-3248.2377777777774
ID_h7TI65_S,-10.770153333333369
ID_h7TI65_Fe,-349.14857777777775
ID_h7TI65_Mn,-296.6986666666667
ID_h7TI65_Zn,-4.624579999999997
ID_h7TI65_Cu,-13.011711111111113
ID_h7TI65_B,-1.0995422222222215
ID_q40Bet_N,-5307.92
ID_q40Bet_P,33.4588
ID_q40Bet_K,-810.8144000000001
ID_q40Bet_Ca,-6283.176000000001
ID_q40Bet_Mg,-1440.9088000000002
ID_q40Bet_S,-14.263680000000019
ID_q40Bet_Fe,-286.25823999999994
ID_q40Bet_Mn,-292.8224
ID_q40Bet_Zn,-3.886448000000003
ID_q40Bet_Cu,-9.459039999999996
ID_q40Bet_B,-0.706768
ID_cDX6yM_N,-4740.540444444446
ID_cDX6yM_P,19.89266488888889
ID_cDX6yM_K,-1109.066666666667
ID_cDX6yM_Ca,-10484.42097777778
ID_cDX6yM_Mg,-2706.720711111111
ID_cDX6yM_S,-8.683413333333348
ID_cDX6yM_Fe,-281.10400000000004
ID_cDX6yM_Mn,-316.9781333333334
ID_cDX6yM_Zn,-3.6949688888888885
ID_cDX6yM_Cu,-10.253880888888899
ID_cDX6yM_B,-0.8359608888888891
ID_q2VTU3_N,-4054.0551111111117
ID_q2VTU3_P,29.30101333333333
ID_q2VTU3_K,-809.887288888889
ID_q2VTU3_Ca,-6557.646222222223
ID_q2VTU3_Mg,-1606.2186666666669
ID_q2VTU3_S,-20.392042666666676
ID_q2VTU3_Fe,-370.9469155555556
ID_q2VTU3_Mn,-305.75523555555566
ID_q2VTU3_Zn,-3.1771306666666685
ID_q2VTU3_Cu,-47.97941333333331
ID_q2VTU3_B,-0.6393386666666662
ID_dLK248_N,-5335.733333333334
ID_dLK248_P,7.268323555555597
ID_dLK248_K,-1392.8597333333337
ID_dLK248_Ca,-9384.954311111112
ID_dLK248_Mg,-2433.156977777778
ID_dLK248_S,-10.14608355555562
ID_dLK248_Fe,-335.4473955555558
ID_dLK248_Mn,-259.0218666666667
ID_dLK248_Zn,-7.258560000000007
ID_dLK248_Cu,-12.772039111111106
ID_dLK248_B,-0.9180444444444422
ID_mMQGwA_N,-5346.965777777778
ID_mMQGwA_P,25.80371555555555
ID_mMQGwA_K,-1261.6794222222225
ID_mMQGwA_Ca,-5907.672755555556
ID_mMQGwA_Mg,-1369.969777777778
ID_mMQGwA_S,-14.42348355555555
ID_mMQGwA_Fe,-397.020768888889
ID_mMQGwA_Mn,-308.88231111111116
ID_mMQGwA_Zn,-3.873484888888887
ID_mMQGwA_Cu,-9.528915555555548
ID_mMQGwA_B,-0.7676777777777773
ID_BPVYnB_N,-5052.416000000001
ID_BPVYnB_P,-16.59992000000001
ID_BPVYnB_K,-1292.1776000000002
ID_BPVYnB_Ca,-11344.0128
ID_BPVYnB_Mg,-2398.5232
ID_BPVYnB_S,-11.67196800000001
ID_BPVYnB_Fe,-348.95728
ID_BPVYnB_Mn,-345.5024
ID_BPVYnB_Zn,-13.310383999999999
ID_BPVYnB_Cu,-9.356992000000002
ID_BPVYnB_B,-0.9534879999999971
ID_XbhkyR_N,-5785.665777777778
ID_XbhkyR_P,24.977247555555557
ID_XbhkyR_K,-1273.444666666667
ID_XbhkyR_Ca,-6133.671022222223
ID_XbhkyR_Mg,-1421.2584444444446
ID_XbhkyR_S,-9.209302222222234
ID_XbhkyR_Fe,-366.4111599999999
ID_XbhkyR_Mn,-291.5673333333334
ID_XbhkyR_Zn,-5.098563555555559
ID_XbhkyR_Cu,-11.485303555555546
ID_XbhkyR_B,-0.9046853333333317
ID_qPaTIe_N,-4954.883555555556
ID_qPaTIe_P,29.273336888888878
ID_qPaTIe_K,-644.9436444444445
ID_qPaTIe_Ca,-5263.8023111111115
ID_qPaTIe_Mg,-1533.2295111111114
ID_qPaTIe_S,-17.452963555555527
ID_qPaTIe_Fe,-238.4648533333334
ID_qPaTIe_Mn,-314.4544
ID_qPaTIe_Zn,-2.5150364444444446
ID_qPaTIe_Cu,-8.38104177777776
ID_qPaTIe_B,-0.6790613333333335
ID_dj301T_N,-5539.470666666668
ID_dj301T_P,1.4053853333333848
ID_dj301T_K,-1090.4366222222222
ID_dj301T_Ca,-6595.801644444446
ID_dj301T_Mg,-1509.7736000000002
ID_dj301T_S,-11.955017333333362
ID_dj301T_Fe,-248.55850666666652
ID_dj301T_Mn,-328.0614666666668
ID_dj301T_Zn,-3.7314839999999996
ID_dj301T_Cu,-8.84444844444444
ID_dj301T_B,-0.6933008888888884
ID_UzcI1k_N,-5271.891555555556
ID_UzcI1k_P,19.63980266666666
ID_UzcI1k_K,-896.7848000000002
ID_UzcI1k_Ca,-6194.620355555556
ID_UzcI1k_Mg,-1509.0955555555556
ID_UzcI1k_S,-9.180354666666688
ID_UzcI1k_Fe,-398.3027200000001
ID_UzcI1k_Mn,-291.7454222222223
ID_UzcI1k_Zn,-6.831178666666659
ID_UzcI1k_Cu,-8.540524444444443
ID_UzcI1k_B,-0.9639822222222209
ID_BeKtFG_N,-5512.959111111111
ID_BeKtFG_P,29.560271999999998
ID_BeKtFG_K,-1036.3467555555555
ID_BeKtFG_Ca,-5736.252800000001
ID_BeKtFG_Mg,-1286.4296000000002
ID_BeKtFG_S,-10.474779555555571
ID_BeKtFG_Fe,-312.17936888888886
ID_BeKtFG_Mn,-285.84240000000005
ID_BeKtFG_Zn,-3.385896000000001
ID_BeKtFG_Cu,-8.717191111111106
ID_BeKtFG_B,-0.6894657777777771
ID_qsqs0K_N,-5238.572
ID_qsqs0K_P,31.070036888888886
ID_qsqs0K_K,-763.1368
ID_qsqs0K_Ca,-6070.95071111111
ID_qsqs0K_Mg,-1389.4936
ID_qsqs0K_S,-13.853797333333354
ID_qsqs0K_Fe,-366.5579777777777
ID_qsqs0K_Mn,-227.4547066666665
ID_qsqs0K_Zn,-3.705315111111115
ID_qsqs0K_Cu,-8.360176888888871
ID_qsqs0K_B,-0.40223377777777675
ID_5y3PUO_N,-5001.962666666667
ID_5y3PUO_P,32.04376888888888
ID_5y3PUO_K,-628.5944888888889
ID_5y3PUO_Ca,-4946.849422222223
ID_5y3PUO_Mg,-1047.1516444444444
ID_5y3PUO_S,-13.852551111111115
ID_5y3PUO_Fe,-326.276302222222
ID_5y3PUO_Mn,-209.9360711111111
ID_5y3PUO_Zn,-2.5214755555555537
ID_5y3PUO_Cu,-6.457215644444443
ID_5y3PUO_B,-0.5377599999999989
ID_ZQFZUF_N,-4956.137777777779
ID_ZQFZUF_P,31.129111111111115
ID_ZQFZUF_K,-581.6440000000001
ID_ZQFZUF_Ca,-5406.028
ID_ZQFZUF_Mg,-1226.6351111111114
ID_ZQFZUF_S,-14.88018666666667
ID_ZQFZUF_Fe,-290.3250222222222
ID_ZQFZUF_Mn,-244.52013333333335
ID_ZQFZUF_Zn,-3.6652088888888907
ID_ZQFZUF_Cu,-8.37584444444444
ID_ZQFZUF_B,-0.6525511111111092
ID_Gz9EfE_N,-4116.888000000001
ID_Gz9EfE_P,29.892915999999992
ID_Gz9EfE_K,-788.6995999999999
ID_Gz9EfE_Ca,-5775.6416
ID_Gz9EfE_Mg,-2047.3052000000002
ID_Gz9EfE_S,-15.327144000000018
ID_Gz9EfE_Fe,-298.06739999999974
ID_Gz9EfE_Mn,-321.6984
ID_Gz9EfE_Zn,-3.0860280000000055
ID_Gz9EfE_Cu,-10.762016000000012
ID_Gz9EfE_B,-0.7641679999999988
ID_MZ7YUK_N,-4127.272
ID_MZ7YUK_P,18.442650666666683
ID_MZ7YUK_K,-1045.5058666666666
ID_MZ7YUK_Ca,-7938.354933333333
ID_MZ7YUK_Mg,-2743.417866666666
ID_MZ7YUK_S,-9.933549333333346
ID_MZ7YUK_Fe,-331.1294933333333
ID_MZ7YUK_Mn,-326.59759999999994
ID_MZ7YUK_Zn,-3.827119999999994
ID_MZ7YUK_Cu,-11.288616000000001
ID_MZ7YUK_B,-0.7541253333333323
ID_bkHbId_N,-4905.968
ID_bkHbId_P,-16.68521600000004
ID_bkHbId_K,-1217.5520000000001
ID_bkHbId_Ca,-11545.920000000002
ID_bkHbId_Mg,-2797.6192000000005
ID_bkHbId_S,-10.472304000000008
ID_bkHbId_Fe,-309.92127999999997
ID_bkHbId_Mn,-335.5424000000001
ID_bkHbId_Zn,-3.8407520000000006
ID_bkHbId_Cu,-9.108351999999993
ID_bkHbId_B,-1.0647999999999982
ID_PnrNaR_N,-5068.400000000001
ID_PnrNaR_P,30.634144000000003
ID_PnrNaR_K,-886.3424000000001
ID_PnrNaR_Ca,-5588.136
ID_PnrNaR_Mg,-1247.9920000000002
ID_PnrNaR_S,-14.58643200000002
ID_PnrNaR_Fe,-508.9398400000001
ID_PnrNaR_Mn,-204.65072
ID_PnrNaR_Zn,-3.8773759999999986
ID_PnrNaR_Cu,-8.735344
ID_PnrNaR_B,-0.6448959999999989
ID_EPMonj_N,-4572.118222222222
ID_EPMonj_P,28.58709244444444
ID_EPMonj_K,-646.8851555555556
ID_EPMonj_Ca,-6205.760888888889
ID_EPMonj_Mg,-1358.3875555555555
ID_EPMonj_S,-26.076135111111107
ID_EPMonj_Fe,-245.8268177777777
ID_EPMonj_Mn,-333.5085333333334
ID_EPMonj_Zn,-2.9723351111111116
ID_EPMonj_Cu,-8.30397155555556
ID_EPMonj_B,-0.6195564444444438
ID_5QxcsK_N,-4266.098666666668
ID_5QxcsK_P,-14.28230533333334
ID_5QxcsK_K,-1002.8552000000002
ID_5QxcsK_Ca,-12137.635733333336
ID_5QxcsK_Mg,-3118.6480000000006
ID_5QxcsK_S,-11.09717599999999
ID_5QxcsK_Fe,-288.71118666666683
ID_5QxcsK_Mn,-316.6357333333334
ID_5QxcsK_Zn,-4.068465333333327
ID_5QxcsK_Cu,-10.02576399999999
ID_5QxcsK_B,-0.8976386666666638
ID_kHiCfG_N,-5271.495111111111
ID_kHiCfG_P,30.80441999999999
ID_kHiCfG_K,-790.0329333333335
ID_kHiCfG_Ca,-6091.6937333333335
ID_kHiCfG_Mg,-1335.7345333333335
ID_kHiCfG_S,-14.810490666666677
ID_kHiCfG_Fe,-228.26892888888884
ID_kHiCfG_Mn,-272.45475555555555
ID_kHiCfG_Zn,-2.489855999999998
ID_kHiCfG_Cu,-8.859951555555547
ID_kHiCfG_B,-0.6087946666666662
ID_pQso1H_N,-5032.208888888889
ID_pQso1H_P,31.13365777777777
ID_pQso1H_K,-784.3715555555557
ID_pQso1H_Ca,-6478.792000000001
ID_pQso1H_Mg,-1403.485777777778
ID_pQso1H_S,-16.139955555555588
ID_pQso1H_Fe,-308.9907999999999
ID_pQso1H_Mn,-238.1934222222222
ID_pQso1H_Zn,-3.639004444444448
ID_pQso1H_Cu,-10.205022222222228
ID_pQso1H_B,-0.7442177777777772
ID_7lhl9I_N,-5139.0560000000005
ID_7lhl9I_P,16.67488000000001
ID_7lhl9I_K,-931.6784
ID_7lhl9I_Ca,-9192.1296
ID_7lhl9I_Mg,-2071.7776000000003
ID_7lhl9I_S,-11.590992000000014
ID_7lhl9I_Fe,-363.5185600000001
ID_7lhl9I_Mn,-209.41903999999997
ID_7lhl9I_Zn,-3.942416000000002
ID_7lhl9I_Cu,-11.293552
ID_7lhl9I_B,-0.5765439999999987
ID_4szKjl_N,-5158.306666666667
ID_4szKjl_P,5.222320000000032
ID_4szKjl_K,-1098.3566666666668
ID_4szKjl_Ca,-8135.948666666668
ID_4szKjl_Mg,-1954.0580000000002
ID_4szKjl_S,-12.136326666666704
ID_4szKjl_Fe,-293.3707999999999
ID_4szKjl_Mn,-301.8926666666667
ID_4szKjl_Zn,-4.632159999999995
ID_4szKjl_Cu,-9.263486666666658
ID_4szKjl_B,-0.7780599999999991
ID_XNjo1v_N,-5252.057777777778
ID_XNjo1v_P,3.6654142222222745
ID_XNjo1v_K,-1180.1251555555557
ID_XNjo1v_Ca,-8238.06951111111
ID_XNjo1v_Mg,-2167.7984
ID_XNjo1v_S,-10.105616888888896
ID_XNjo1v_Fe,-273.87756444444426
ID_XNjo1v_Mn,-284.17466666666667
ID_XNjo1v_Zn,-16.471760888888856
ID_XNjo1v_Cu,-10.384877333333344
ID_XNjo1v_B,-0.7778933333333323
ID_3v4HSx_N,-5314.715555555556
ID_3v4HSx_P,24.68215200000001
ID_3v4HSx_K,-912.4822222222224
ID_3v4HSx_Ca,-6132.339466666668
ID_3v4HSx_Mg,-1369.5948444444446
ID_3v4HSx_S,-7.979775111111135
ID_3v4HSx_Fe,-310.30057777777773
ID_3v4HSx_Mn,-227.64604444444444
ID_3v4HSx_Zn,-3.9440684444444414
ID_3v4HSx_Cu,-8.214845333333328
ID_3v4HSx_B,-0.8477120000000006
ID_bcztKZ_N,-5171.336888888889
ID_bcztKZ_P,13.3252777777778
ID_bcztKZ_K,-1060.0470666666668
ID_bcztKZ_Ca,-9515.869244444446
ID_bcztKZ_Mg,-2659.9276
ID_bcztKZ_S,-9.42072844444446
ID_bcztKZ_Fe,-354.94354222222233
ID_bcztKZ_Mn,-298.7153777777778
ID_bcztKZ_Zn,-3.703438222222218
ID_bcztKZ_Cu,-10.105538222222219
ID_bcztKZ_B,-0.8104573333333327
ID_jXUC6V_N,-5230.904888888888
ID_jXUC6V_P,27.758177777777778
ID_jXUC6V_K,-704.7175111111111
ID_jXUC6V_Ca,-6059.025155555556
ID_jXUC6V_Mg,-1252.076177777778
ID_jXUC6V_S,-14.841131555555577
ID_jXUC6V_Fe,-219.22207999999995
ID_jXUC6V_Mn,-285.08862222222234
ID_jXUC6V_Zn,-3.2683066666666707
ID_jXUC6V_Cu,-8.276655111111113
ID_jXUC6V_B,-0.5518542222222212
ID_UJ13Uf_N,-5877.473333333334
ID_UJ13Uf_P,-0.33661066666660844
ID_UJ13Uf_K,-1122.5773333333334
ID_UJ13Uf_Ca,-8836.589466666668
ID_UJ13Uf_Mg,-2020.0538666666669
ID_UJ13Uf_S,-8.867654666666684
ID_UJ13Uf_Fe,-285.5084666666666
ID_UJ13Uf_Mn,-340.71040000000005
ID_UJ13Uf_Zn,-4.68666133333333
ID_UJ13Uf_Cu,-14.96854466666667
ID_UJ13Uf_B,-0.8422866666666662
ID_hvIyeA_N,-5650.737333333334
ID_hvIyeA_P,26.818774666666677
ID_hvIyeA_K,-773.9337333333335
ID_hvIyeA_Ca,-6821.367200000001
ID_hvIyeA_Mg,-1721.1086666666667
ID_hvIyeA_S,-11.125444000000002
ID_hvIyeA_Fe,-570.0956933333333
ID_hvIyeA_Mn,-252.2606666666667
ID_hvIyeA_Zn,-4.031317333333337
ID_hvIyeA_Cu,-8.452079999999993
ID_hvIyeA_B,-0.645890666666666
ID_N9XlER_N,-5341.424000000002
ID_N9XlER_P,17.78036799999998
ID_N9XlER_K,-1178.9216000000001
ID_N9XlER_Ca,-6514.416000000001
ID_N9XlER_Mg,-1609.8736000000004
ID_N9XlER_S,-10.78891200000001
ID_N9XlER_Fe,-398.2758400000001
ID_N9XlER_Mn,-227.03647999999998
ID_N9XlER_Zn,-3.8390239999999998
ID_N9XlER_Cu,-9.201999999999993
ID_N9XlER_B,-0.8871999999999983
ID_5nSpC6_N,-5306.706666666668
ID_5nSpC6_P,31.059206222222222
ID_5nSpC6_K,-731.372977777778
ID_5nSpC6_Ca,-4631.040266666666
ID_5nSpC6_Mg,-1128.013777777778
ID_5nSpC6_S,-16.94417155555558
ID_5nSpC6_Fe,-369.911208888889
ID_5nSpC6_Mn,-303.96133333333336
ID_5nSpC6_Zn,-2.195680888888889
ID_5nSpC6_Cu,-8.689301333333336
ID_5nSpC6_B,-0.4605528888888884
ID_iye4lk_N,-4929.546666666667
ID_iye4lk_P,-19.06838000000006
ID_iye4lk_K,-1306.6020000000003
ID_iye4lk_Ca,-10273.314666666667
ID_iye4lk_Mg,-2312.929333333333
ID_iye4lk_S,-11.606706666666696
ID_iye4lk_Fe,-337.1674666666667
ID_iye4lk_Mn,-321.71666666666675
ID_iye4lk_Zn,-11.001973333333325
ID_iye4lk_Cu,-8.85482666666666
ID_iye4lk_B,-0.924639999999998
ID_gQPu5k_N,-4293.741333333334
ID_gQPu5k_P,8.083024444444497
ID_gQPu5k_K,-1275.7600444444442
ID_gQPu5k_Ca,-11755.568888888889
ID_gQPu5k_Mg,-2914.6772
ID_gQPu5k_S,-9.245004444444476
ID_gQPu5k_Fe,-403.8766044444444
ID_gQPu5k_Mn,-382.14618222222225
ID_gQPu5k_Zn,-4.576570222222215
ID_gQPu5k_Cu,-12.592102222222232
ID_gQPu5k_B,-0.8093853333333328
ID_M0kYQu_N,-5338.0160000000005
ID_M0kYQu_P,11.403280000000027
ID_M0kYQu_K,-1104.3152
ID_M0kYQu_Ca,-8831.04
ID_M0kYQu_Mg,-1833.8752000000004
ID_M0kYQu_S,-8.559456000000004
ID_M0kYQu_Fe,-363.60303999999985
ID_M0kYQu_Mn,-313.95680000000004
ID_M0kYQu_Zn,-3.7969760000000004
ID_M0kYQu_Cu,-9.527200000000004
ID_M0kYQu_B,-0.9013599999999983
ID_BHZwPt_N,-5766.84088888889
ID_BHZwPt_P,22.52940977777778
ID_BHZwPt_K,-1078.4735111111113
ID_BHZwPt_Ca,-6349.531111111111
ID_BHZwPt_Mg,-1240.3926222222224
ID_BHZwPt_S,-13.254476444444457
ID_BHZwPt_Fe,-351.4601422222223
ID_BHZwPt_Mn,-311.5085333333334
ID_BHZwPt_Zn,-5.166790222222225
ID_BHZwPt_Cu,-6.960936000000014
ID_BHZwPt_B,-0.8062542222222218
ID_sg7fyB_N,-4439.949333333334
ID_sg7fyB_P,9.028977333333316
ID_sg7fyB_K,-1037.7585333333334
ID_sg7fyB_Ca,-8990.1592
ID_sg7fyB_Mg,-2676.0145333333335
ID_sg7fyB_S,-8.927052000000025
ID_sg7fyB_Fe,-324.07825333333324
ID_sg7fyB_Mn,-317.3658666666667
ID_sg7fyB_Zn,-4.685427999999996
ID_sg7fyB_Cu,-7.830973333333337
ID_sg7fyB_B,-0.8497853333333326
ID_pTTCWj_N,-3489.674666666667
ID_pTTCWj_P,-11.968945777777712
ID_pTTCWj_K,-1030.5472
ID_pTTCWj_Ca,-11104.144355555558
ID_pTTCWj_Mg,-2966.6901333333335
ID_pTTCWj_S,-6.140913777777797
ID_pTTCWj_Fe,-284.24696888888866
ID_pTTCWj_Mn,-330.3235555555556
ID_pTTCWj_Zn,-4.938069333333325
ID_pTTCWj_Cu,-8.053055999999998
ID_pTTCWj_B,-0.9448746666666655
ID_M2aAk6_N,-4718.240000000001
ID_M2aAk6_P,-8.103391999999943
ID_M2aAk6_K,-1213.352
ID_M2aAk6_Ca,-9512.587200000002
ID_M2aAk6_Mg,-2542.7584000000006
ID_M2aAk6_S,-11.305296000000038
ID_M2aAk6_Fe,-357.69759999999985
ID_M2aAk6_Mn,-264.6032000000001
ID_M2aAk6_Zn,-7.639328000000001
ID_M2aAk6_Cu,-32.88217599999999
ID_M2aAk6_B,-0.8090559999999989
ID_37oeKN_N,-4301.970666666667
ID_37oeKN_P,12.953728000000012
ID_37oeKN_K,-1198.6863999999998
ID_37oeKN_Ca,-9221.554133333333
ID_37oeKN_Mg,-2695.8266666666664
ID_37oeKN_S,-10.720656000000027
ID_37oeKN_Fe,-420.20706666666655
ID_37oeKN_Mn,-291.29813333333334
ID_37oeKN_Zn,-4.280738666666659
ID_37oeKN_Cu,-11.838552000000002
ID_37oeKN_B,-0.8213093333333329
ID_12CCPf_N,-4678.816000000001
ID_12CCPf_P,9.114730666666713
ID_12CCPf_K,-1290.3075555555558
ID_12CCPf_Ca,-9854.995911111113
ID_12CCPf_Mg,-2753.541688888889
ID_12CCPf_S,-9.578019555555588
ID_12CCPf_Fe,-389.3597155555555
ID_12CCPf_Mn,-242.35477333333338
ID_12CCPf_Zn,-3.592227555555557
ID_12CCPf_Cu,-12.131050666666678
ID_12CCPf_B,-0.9123199999999995
ID_huqKoS_N,-5673.4400000000005
ID_huqKoS_P,29.162655999999977
ID_huqKoS_K,-1107.3296
ID_huqKoS_Ca,-4654.963200000001
ID_huqKoS_Mg,-1251.6352000000004
ID_huqKoS_S,-13.014576000000005
ID_huqKoS_Fe,-428.89792
ID_huqKoS_Mn,-293.48
ID_huqKoS_Zn,-17.287087999999986
ID_huqKoS_Cu,-8.633104000000005
ID_huqKoS_B,-0.7684959999999981
ID_IKYMk7_N,-5616.320000000001
ID_IKYMk7_P,31.215856000000002
ID_IKYMk7_K,-381.4928
ID_IKYMk7_Ca,-4541.952
ID_IKYMk7_Mg,-623.0368
ID_IKYMk7_S,-21.117791999999966
ID_IKYMk7_Fe,-427.6552000000001
ID_IKYMk7_Mn,-230.38448000000002
ID_IKYMk7_Zn,-3.522896000000006
ID_IKYMk7_Cu,-8.32940799999999
ID_IKYMk7_B,-0.4620159999999988
ID_zLl1KK_N,-5764.688000000001
ID_zLl1KK_P,30.86588799999999
ID_zLl1KK_K,-759.6272000000001
ID_zLl1KK_Ca,-5286.6192
ID_zLl1KK_Mg,-1288.5040000000004
ID_zLl1KK_S,-11.47963200000001
ID_zLl1KK_Fe,-261.4072
ID_zLl1KK_Mn,-222.86336000000003
ID_zLl1KK_Zn,-3.0216320000000025
ID_zLl1KK_Cu,-9.574335999999995
ID_zLl1KK_B,-0.5401119999999985
ID_wOtSDa_N,-4632.448
ID_wOtSDa_P,11.197917333333379
ID_wOtSDa_K,-1216.3057333333336
ID_wOtSDa_Ca,-10418.783466666668
ID_wOtSDa_Mg,-2826.3628000000003
ID_wOtSDa_S,-9.622652000000034
ID_wOtSDa_Fe,-405.37860000000006
ID_wOtSDa_Mn,-253.56158666666667
ID_wOtSDa_Zn,-3.862202666666659
ID_wOtSDa_Cu,-10.562806666666674
ID_wOtSDa_B,-0.8688279999999994
ID_PkvadN_N,-5144.102222222222
ID_PkvadN_P,30.320424444444445
ID_PkvadN_K,-896.5046666666666
ID_PkvadN_Ca,-6190.154444444444
ID_PkvadN_Mg,-1335.3379999999997
ID_PkvadN_S,-14.967448888888885
ID_PkvadN_Fe,-320.2421777777777
ID_PkvadN_Mn,-308.6791111111112
ID_PkvadN_Zn,-3.331775555555547
ID_PkvadN_Cu,-10.252375555555554
ID_PkvadN_B,-0.5834222222222213
ID_7JURXU_N,-4868.675555555557
ID_7JURXU_P,-18.84105333333339
ID_7JURXU_K,-1576.2884444444444
ID_7JURXU_Ca,-12273.332888888892
ID_7JURXU_Mg,-3107.429777777778
ID_7JURXU_S,-8.931533333333345
ID_7JURXU_Fe,-281.2605333333332
ID_7JURXU_Mn,-327.96320000000003
ID_7JURXU_Zn,-4.2294355555555505
ID_7JURXU_Cu,-10.20355555555556
ID_7JURXU_B,-1.23740888888889
ID_SZp2SY_N,-5212.003111111112
ID_SZp2SY_P,19.112553777777766
ID_SZp2SY_K,-702.5402222222224
ID_SZp2SY_Ca,-5287.448444444445
ID_SZp2SY_Mg,-1261.642977777778
ID_SZp2SY_S,-21.023719111111113
ID_SZp2SY_Fe,-402.3455644444442
ID_SZp2SY_Mn,-320.27662222222233
ID_SZp2SY_Zn,-4.269384888888893
ID_SZp2SY_Cu,-38.555590222222214
ID_SZp2SY_B,-0.6684768888888886
ID_2pfyep_N,-5298.364000000001
ID_2pfyep_P,29.989650666666662
ID_2pfyep_K,-776.7459111111111
ID_2pfyep_Ca,-6011.767111111112
ID_2pfyep_Mg,-1338.3643555555557
ID_2pfyep_S,-15.326373333333347
ID_2pfyep_Fe,-275.53106666666656
ID_2pfyep_Mn,-309.2199555555556
ID_2pfyep_Zn,-4.8325853333333395
ID_2pfyep_Cu,-9.087885333333329
ID_2pfyep_B,-0.6402764444444442
ID_juYFYi_N,-5198.0960000000005
ID_juYFYi_P,11.946304000000008
ID_juYFYi_K,-1039.0592000000001
ID_juYFYi_Ca,-9229.0224
ID_juYFYi_Mg,-2348.7088000000003
ID_juYFYi_S,-7.854240000000026
ID_juYFYi_Fe,-344.05599999999987
ID_juYFYi_Mn,-288.8096000000001
ID_juYFYi_Zn,-5.915887999999997
ID_juYFYi_Cu,-15.163456
ID_juYFYi_B,-0.7859679999999988
ID_MIxaJ7_N,-4650.471111111112
ID_MIxaJ7_P,23.576773333333332
ID_MIxaJ7_K,-1265.261111111111
ID_MIxaJ7_Ca,-6425.597777777778
ID_MIxaJ7_Mg,-1697.2199999999998
ID_MIxaJ7_S,-14.938162222222235
ID_MIxaJ7_Fe,-304.74171111111116
ID_MIxaJ7_Mn,-307.24288888888896
ID_MIxaJ7_Zn,-5.455442222222225
ID_MIxaJ7_Cu,-13.995088888888894
ID_MIxaJ7_B,-0.7927222222222207
ID_cFIaJw_N,-4057.608
ID_cFIaJw_P,-8.532567999999948
ID_cFIaJw_K,-1264.7
ID_cFIaJw_Ca,-13860.062400000003
ID_cFIaJw_Mg,-4837.506400000001
ID_cFIaJw_S,-14.208672000000035
ID_cFIaJw_Fe,-379.38792000000007
ID_cFIaJw_Mn,-346.9456
ID_cFIaJw_Zn,-5.3063439999999975
ID_cFIaJw_Cu,-16.041232000000043
ID_cFIaJw_B,-0.5706639999999996
ID_JZ0KPs_N,-3755.597777777778
ID_JZ0KPs_P,-15.665861777777813
ID_JZ0KPs_K,-907.8257777777777
ID_JZ0KPs_Ca,-15065.481955555557
ID_JZ0KPs_Mg,-3989.2000444444443
ID_JZ0KPs_S,-12.525355555555581
ID_JZ0KPs_Fe,-271.1822404444445
ID_JZ0KPs_Mn,-336.88884444444454
ID_JZ0KPs_Zn,-4.581327999999992
ID_JZ0KPs_Cu,-12.83659377777779
ID_JZ0KPs_B,-0.9309146666666644
ID_WcKhqu_N,-3766.5324444444445
ID_WcKhqu_P,-15.439565333333327
ID_WcKhqu_K,-798.7032888888889
ID_WcKhqu_Ca,-15081.563466666666
ID_WcKhqu_Mg,-3394.0594666666666
ID_WcKhqu_S,-13.490408888888918
ID_WcKhqu_Fe,-239.31552000000042
ID_WcKhqu_Mn,-392.86293333333344
ID_WcKhqu_Zn,-4.820244444444445
ID_WcKhqu_Cu,-8.378497777777778
ID_WcKhqu_B,-0.6888711111111095
ID_1HDVVi_N,-4320.682666666667
ID_1HDVVi_P,-21.249276444444483
ID_1HDVVi_K,-1061.1728
ID_1HDVVi_Ca,-15520.162844444445
ID_1HDVVi_Mg,-3947.6220444444443
ID_1HDVVi_S,-11.639084444444467
ID_1HDVVi_Fe,-252.41406222222236
ID_1HDVVi_Mn,-405.28942222222224
ID_1HDVVi_Zn,-4.707973333333333
ID_1HDVVi_Cu,-15.118298666666677
ID_1HDVVi_B,-1.1320586666666645
ID_2ro805_N,-5265.5
ID_2ro805_P,-7.16805555555549
ID_2ro805_K,-1330.9944444444445
ID_2ro805_Ca,-13513.444444444445
ID_2ro805_Mg,-4045.3611111111113
ID_2ro805_S,-11.84294444444442
ID_2ro805_Fe,-380.1672222222223
ID_2ro805_Mn,-382.3166666666667
ID_2ro805_Zn,-5.430500000000002
ID_2ro805_Cu,-16.471055555555584
ID_2ro805_B,-0.8809444444444429
ID_NwsaGJ_N,-4768.405333333333
ID_NwsaGJ_P,9.195975111111135
ID_NwsaGJ_K,-1315.8522666666668
ID_NwsaGJ_Ca,-12354.988444444445
ID_NwsaGJ_Mg,-3671.9562666666666
ID_NwsaGJ_S,-12.039356444444469
ID_NwsaGJ_Fe,-349.5303111111112
ID_NwsaGJ_Mn,-392.1344
ID_NwsaGJ_Zn,-5.3381688888888945
ID_NwsaGJ_Cu,-17.466252444444464
ID_NwsaGJ_B,-0.9009777777777765
ID_sl1ewW_N,-5473.111111111111
ID_sl1ewW_P,-26.927000000000064
ID_sl1ewW_K,-1297.6888888888889
ID_sl1ewW_Ca,-14586.088888888891
ID_sl1ewW_Mg,-3619.4833333333336
ID_sl1ewW_S,-14.658611111111107
ID_sl1ewW_Fe,-319.74944444444475
ID_sl1ewW_Mn,-409.53333333333336
ID_sl1ewW_Zn,-8.187722222222215
ID_sl1ewW_Cu,-15.177500000000027
ID_sl1ewW_B,-1.3395555555555547
ID_fHoY7b_N,-5212.490666666667
ID_fHoY7b_P,-13.796545777777737
ID_fHoY7b_K,-1189.5376
ID_fHoY7b_Ca,-12930.519288888889
ID_fHoY7b_Mg,-3935.762133333333
ID_fHoY7b_S,-14.578986666666651
ID_fHoY7b_Fe,-372.2713600000001
ID_fHoY7b_Mn,-382.69937777777784
ID_fHoY7b_Zn,-6.460727111111102
ID_fHoY7b_Cu,-14.6367377777778
ID_fHoY7b_B,-0.5305208888888879
ID_1Iftej_N,-4647.38888888889
ID_1Iftej_P,7.809277777777822
ID_1Iftej_K,-1221.5611111111111
ID_1Iftej_Ca,-11039.166666666666
ID_1Iftej_Mg,-4068.4555555555557
ID_1Iftej_S,-16.24233333333334
ID_1Iftej_Fe,-376.633888888889
ID_1Iftej_Mn,-366.5444444444445
ID_1Iftej_Zn,-5.200833333333331
ID_1Iftej_Cu,-15.731611111111137
ID_1Iftej_B,-0.488555555555554
ID_7QeY4z_N,-5102.8746666666675
ID_7QeY4z_P,20.63246755555557
ID_7QeY4z_K,-1218.5756444444444
ID_7QeY4z_Ca,-8391.6784
ID_7QeY4z_Mg,-2710.576
ID_7QeY4z_S,-18.90509866666669
ID_7QeY4z_Fe,-343.9172444444445
ID_7QeY4z_Mn,-373.7768888888889
ID_7QeY4z_Zn,-5.969025777777772
ID_7QeY4z_Cu,-14.877518222222228
ID_7QeY4z_B,-0.43545422222222147
ID_Zs0ofj_N,-4473.395555555555
ID_Zs0ofj_P,8.02486400000003
ID_Zs0ofj_K,-1155.1592888888888
ID_Zs0ofj_Ca,-12576.02257777778
ID_Zs0ofj_Mg,-3768.4778666666666
ID_Zs0ofj_S,-13.280017777777793
ID_Zs0ofj_Fe,-322.8262222222224
ID_Zs0ofj_Mn,-376.1025777777778
ID_Zs0ofj_Zn,-4.6832835555555565
ID_Zs0ofj_Cu,-14.170497777777765
ID_Zs0ofj_B,-0.47309511111110986
ID_lUDGEQ_N,-4811.557333333333
ID_lUDGEQ_P,-19.09597511111113
ID_lUDGEQ_K,-1136.9726222222223
ID_lUDGEQ_Ca,-13496.504888888892
ID_lUDGEQ_Mg,-4094.851377777778
ID_lUDGEQ_S,-24.887850666666644
ID_lUDGEQ_Fe,-343.4697422222223
ID_lUDGEQ_Mn,-374.28391111111114
ID_lUDGEQ_Zn,-5.181708444444443
ID_lUDGEQ_Cu,-14.062094222222246
ID_lUDGEQ_B,-0.5926311111111102
ID_tBBzXr_N,-4270.053333333333
ID_tBBzXr_P,12.525189333333344
ID_tBBzXr_K,-1003.9085333333333
ID_tBBzXr_Ca,-13380.568
ID_tBBzXr_Mg,-3735.6225333333336
ID_tBBzXr_S,-11.086990666666683
ID_tBBzXr_Fe,-300.7752266666668
ID_tBBzXr_Mn,-388.8376
ID_tBBzXr_Zn,-4.224745333333328
ID_tBBzXr_Cu,-10.955225333333342
ID_tBBzXr_B,-0.5064093333333326
ID_bl2Z2L_N,-4873.493333333333
ID_bl2Z2L_P,-17.910613333333323
ID_bl2Z2L_K,-828.5173333333332
ID_bl2Z2L_Ca,-12346.448
ID_bl2Z2L_Mg,-3020.4213333333337
ID_bl2Z2L_S,-14.26453333333335
ID_bl2Z2L_Fe,-330.00000000000017
ID_bl2Z2L_Mn,-401.2010666666667
ID_bl2Z2L_Zn,-5.109599999999999
ID_bl2Z2L_Cu,-7.271520000000005
ID_bl2Z2L_B,-0.5111999999999994
ID_SRwaep_N,-5020.1284444444445
ID_SRwaep_P,23.292750222222228
ID_SRwaep_K,-959.2158222222221
ID_SRwaep_Ca,-6493.5892
ID_SRwaep_Mg,-1711.4799111111113
ID_SRwaep_S,-18.659410222222245
ID_SRwaep_Fe,-317.70319111111115
ID_SRwaep_Mn,-380.4273333333334
ID_SRwaep_Zn,-3.953095999999999
ID_SRwaep_Cu,-8.462578222222222
ID_SRwaep_B,-0.4349222222222215
ID_0sTobo_N,-4907.733333333334
ID_0sTobo_P,-18.54661333333336
ID_0sTobo_K,-919.984
ID_0sTobo_Ca,-12484.485333333334
ID_0sTobo_Mg,-4025.8559999999998
ID_0sTobo_S,-14.622986666666677
ID_0sTobo_Fe,-286.98293333333356
ID_0sTobo_Mn,-386.12800000000004
ID_0sTobo_Zn,-4.798773333333324
ID_0sTobo_Cu,-12.446986666666682
ID_0sTobo_B,-0.5111466666666662
ID_PKDeko_N,-5605.280000000001
ID_PKDeko_P,-13.410211555555534
ID_PKDeko_K,-848.3555555555557
ID_PKDeko_Ca,-10233.4464
ID_PKDeko_Mg,-1710.4533333333334
ID_PKDeko_S,-13.254357333333356
ID_PKDeko_Fe,-425.3983288888888
ID_PKDeko_Mn,-391.26250666666675
ID_PKDeko_Zn,-4.403804444444444
ID_PKDeko_Cu,-7.814919111111107
ID_PKDeko_B,-0.5265422222222217
ID_VADU0D_N,-4869.92
ID_VADU0D_P,-16.22736000000001
ID_VADU0D_K,-963.6959999999999
ID_VADU0D_Ca,-11910.885333333334
ID_VADU0D_Mg,-3900.16
ID_VADU0D_S,-14.960213333333321
ID_VADU0D_Fe,-292.6608000000002
ID_VADU0D_Mn,-416.99199999999996
ID_VADU0D_Zn,-4.218720000000002
ID_VADU0D_Cu,-11.900586666666676
ID_VADU0D_B,-0.5122666666666661
ID_pidSug_N,-4645.931555555556
ID_pidSug_P,-0.9674160000000356
ID_pidSug_K,-792.7043111111111
ID_pidSug_Ca,-5651.257600000001
ID_pidSug_Mg,-1797.383377777778
ID_pidSug_S,-17.94685244444442
ID_pidSug_Fe,-292.2139644444443
ID_pidSug_Mn,-387.8467555555556
ID_pidSug_Zn,-3.5829035555555553
ID_pidSug_Cu,-8.025650222222227
ID_pidSug_B,-0.4715782222222214
ID_zdXm2a_N,-4341.820444444445
ID_zdXm2a_P,-18.29291688888891
ID_zdXm2a_K,-852.7067555555556
ID_zdXm2a_Ca,-12143.99808888889
ID_zdXm2a_Mg,-3947.581155555555
ID_zdXm2a_S,-10.093592888888878
ID_zdXm2a_Fe,-303.43804444444464
ID_zdXm2a_Mn,-388.11225777777776
ID_zdXm2a_Zn,-4.187106222222212
ID_zdXm2a_Cu,-9.578943999999996
ID_zdXm2a_B,-0.5339342222222219
ID_oR4Spm_N,-4929.527111111111
ID_oR4Spm_P,-10.723689777777757
ID_oR4Spm_K,-800.4739555555557
ID_oR4Spm_Ca,-12016.93048888889
ID_oR4Spm_Mg,-3866.810577777778
ID_oR4Spm_S,-14.57024355555555
ID_oR4Spm_Fe,-338.17624
ID_oR4Spm_Mn,-347.9202666666667
ID_oR4Spm_Zn,-11.299621333333308
ID_oR4Spm_Cu,-11.355818666666668
ID_oR4Spm_B,-0.5960613333333329
ID_cNDn0Q_N,-3680.3088888888888
ID_cNDn0Q_P,-18.026114666666665
ID_cNDn0Q_K,-856.8283111111112
ID_cNDn0Q_Ca,-14902.045911111112
ID_cNDn0Q_Mg,-3578.074311111111
ID_cNDn0Q_S,-12.396988000000011
ID_cNDn0Q_Fe,-212.3025111111114
ID_cNDn0Q_Mn,-365.8912000000001
ID_cNDn0Q_Zn,-4.4891528888888885
ID_cNDn0Q_Cu,-8.89161733333333
ID_cNDn0Q_B,-0.7037035555555534
ID_DIdLMN_N,-3837.2924444444443
ID_DIdLMN_P,-18.35466044444445
ID_DIdLMN_K,-854.8992000000001
ID_DIdLMN_Ca,-15315.933599999998
ID_DIdLMN_Mg,-3612.162933333333
ID_DIdLMN_S,-12.476941333333354
ID_DIdLMN_Fe,-229.3424266666671
ID_DIdLMN_Mn,-410.1435555555556
ID_DIdLMN_Zn,-4.801537777777776
ID_DIdLMN_Cu,-12.202465777777789
ID_DIdLMN_B,-0.8102746666666654
ID_n9GJeS_N,-4776.3026666666665
ID_n9GJeS_P,-18.11526311111117
ID_n9GJeS_K,-844.1440444444445
ID_n9GJeS_Ca,-12678.05951111111
ID_n9GJeS_Mg,-3139.9413777777777
ID_n9GJeS_S,-7.331946666666667
ID_n9GJeS_Fe,-345.87397333333337
ID_n9GJeS_Mn,-329.9492888888889
ID_n9GJeS_Zn,-4.445997333333328
ID_n9GJeS_Cu,-10.272581777777782
ID_n9GJeS_B,-0.5262124444444436
ID_Ou8bb7_N,-3999.4262222222223
ID_Ou8bb7_P,-16.633539111111162
ID_Ou8bb7_K,-815.8926666666666
ID_Ou8bb7_Ca,-15246.9228
ID_Ou8bb7_Mg,-4105.930088888889
ID_Ou8bb7_S,-12.04162444444448
ID_Ou8bb7_Fe,-238.31697333333358
ID_Ou8bb7_Mn,-438.4643111111112
ID_Ou8bb7_Zn,-5.175733777777774
ID_Ou8bb7_Cu,-13.962216444444444
ID_Ou8bb7_B,-0.8074408888888859
ID_sgsSUW_N,-4940.64
ID_sgsSUW_P,15.413120000000013
ID_sgsSUW_K,-888.5493333333334
ID_sgsSUW_Ca,-12423.813333333332
ID_sgsSUW_Mg,-2995.8986666666665
ID_sgsSUW_S,-12.174880000000016
ID_sgsSUW_Fe,-334.19146666666666
ID_sgsSUW_Mn,-376.6506666666667
ID_sgsSUW_Zn,-4.670293333333334
ID_sgsSUW_Cu,-7.183093333333339
ID_sgsSUW_B,-0.44975999999999944
ID_Sb56Ma_N,-5300.310666666666
ID_Sb56Ma_P,29.266654666666675
ID_Sb56Ma_K,-828.9015111111111
ID_Sb56Ma_Ca,-5262.680399999999
ID_Sb56Ma_Mg,-1785.9406222222224
ID_Sb56Ma_S,-18.92942844444448
ID_Sb56Ma_Fe,-323.9193644444443
ID_Sb56Ma_Mn,-401.4329333333333
ID_Sb56Ma_Zn,-5.7976737777777805
ID_Sb56Ma_Cu,-14.91784755555558
ID_Sb56Ma_B,-0.4098079999999988
ID_Rh1r2B_N,-4713.360888888889
ID_Rh1r2B_P,18.600603555555566
ID_Rh1r2B_K,-854.3461333333333
ID_Rh1r2B_Ca,-13342.152533333334
ID_Rh1r2B_Mg,-4017.9457777777775
ID_Rh1r2B_S,-15.312655111111116
ID_Rh1r2B_Fe,-357.23367111111116
ID_Rh1r2B_Mn,-378.5157333333333
ID_Rh1r2B_Zn,-5.027319111111114
ID_Rh1r2B_Cu,-13.964091555555576
ID_Rh1r2B_B,-0.5137875555555547
ID_OtnVQr_N,-5191.956444444444
ID_OtnVQr_P,21.917341777777782
ID_OtnVQr_K,-863.0994222222222
ID_OtnVQr_Ca,-8950.826133333334
ID_OtnVQr_Mg,-2743.650222222222
ID_OtnVQr_S,-22.224082666666725
ID_OtnVQr_Fe,-345.2271422222223
ID_OtnVQr_Mn,-430.0573777777778
ID_OtnVQr_Zn,-4.8379568888888915
ID_OtnVQr_Cu,-9.94229066666667
ID_OtnVQr_B,-0.4316999999999996
ID_hAC1Br_N,-3957.524
ID_hAC1Br_P,19.320365333333342
ID_hAC1Br_K,-927.9054666666667
ID_hAC1Br_Ca,-10919.430933333333
ID_hAC1Br_Mg,-3755.1494666666667
ID_hAC1Br_S,-15.594366666666716
ID_hAC1Br_Fe,-340.7628000000001
ID_hAC1Br_Mn,-377.11706666666663
ID_hAC1Br_Zn,-4.082010666666673
ID_hAC1Br_Cu,-15.491520000000012
ID_hAC1Br_B,-0.45901333333333266
ID_2pKveG_N,-3797.8986666666674
ID_2pKveG_P,-16.51925511111113
ID_2pKveG_K,-956.1751111111113
ID_2pKveG_Ca,-13515.501688888891
ID_2pKveG_Mg,-3695.7091555555558
ID_2pKveG_S,-15.113729777777799
ID_2pKveG_Fe,-336.141617777778
ID_2pKveG_Mn,-421.96053333333333
ID_2pKveG_Zn,-4.3064337777777775
ID_2pKveG_Cu,-8.596394666666665
ID_2pKveG_B,-0.6198559999999989
ID_rP7huz_N,-4288.535555555556
ID_rP7huz_P,11.170970222222227
ID_rP7huz_K,-893.4993777777778
ID_rP7huz_Ca,-9786.348755555555
ID_rP7huz_Mg,-3239.1022222222223
ID_rP7huz_S,-15.951268888888919
ID_rP7huz_Fe,-329.84728888888907
ID_rP7huz_Mn,-388.60693333333336
ID_rP7huz_Zn,-3.9187320000000034
ID_rP7huz_Cu,-8.560184888888887
ID_rP7huz_B,-0.48369866666666533
ID_iM2KbN_N,-4950.242666666667
ID_iM2KbN_P,27.995886222222218
ID_iM2KbN_K,-1215.4773333333333
ID_iM2KbN_Ca,-6244.674666666666
ID_iM2KbN_Mg,-1466.1713777777777
ID_iM2KbN_S,-15.805467555555584
ID_iM2KbN_Fe,-301.7803199999999
ID_iM2KbN_Mn,-307.46462222222226
ID_iM2KbN_Zn,-4.776266666666666
ID_iM2KbN_Cu,-9.164899555555543
ID_iM2KbN_B,-0.7784106666666669
ID_UPRIV5_N,-5761.4400000000005
ID_UPRIV5_P,23.250826666666658
ID_UPRIV5_K,-1220.1706666666669
ID_UPRIV5_Ca,-7890.336
ID_UPRIV5_Mg,-2368.8693333333335
ID_UPRIV5_S,-10.737973333333393
ID_UPRIV5_Fe,-320.94880000000006
ID_UPRIV5_Mn,-281.7866666666667
ID_UPRIV5_Zn,-3.7781866666666706
ID_UPRIV5_Cu,-13.606293333333324
ID_UPRIV5_B,-0.8731199999999985
ID_DluiA6_N,-4216.57688888889
ID_DluiA6_P,-20.66490666666671
ID_DluiA6_K,-1005.3333333333333
ID_DluiA6_Ca,-12432.628977777778
ID_DluiA6_Mg,-3953.258666666667
ID_DluiA6_S,-10.911871111111125
ID_DluiA6_Fe,-324.31807111111124
ID_DluiA6_Mn,-412.9468444444444
ID_DluiA6_Zn,-4.961493333333333
ID_DluiA6_Cu,-14.243878222222229
ID_DluiA6_B,-0.5338497777777779
ID_X50M6C_N,-4875.656000000001
ID_X50M6C_P,10.33892800000002
ID_X50M6C_K,-1167.3552000000002
ID_X50M6C_Ca,-12984.524800000001
ID_X50M6C_Mg,-4224.284
ID_X50M6C_S,-13.882696000000017
ID_X50M6C_Fe,-356.6944800000001
ID_X50M6C_Mn,-420.4680000000001
ID_X50M6C_Zn,-5.278792000000005
ID_X50M6C_Cu,-16.566008000000025
ID_X50M6C_B,-0.5510079999999987
ID_85aZcf_N,-4905.144888888888
ID_85aZcf_P,3.154752888888922
ID_85aZcf_K,-1137.1096
ID_85aZcf_Ca,-10846.347022222222
ID_85aZcf_Mg,-2834.8711111111115
ID_85aZcf_S,-17.889078222222253
ID_85aZcf_Fe,-337.9029066666668
ID_85aZcf_Mn,-392.0224888888889
ID_85aZcf_Zn,-6.834654222222214
ID_85aZcf_Cu,-15.012369777777803
ID_85aZcf_B,-0.5340124444444435
ID_4WCjuD_N,-3906.222222222222
ID_4WCjuD_P,0.7783333333333715
ID_4WCjuD_K,-1021.8888888888889
ID_4WCjuD_Ca,-13641.916666666666
ID_4WCjuD_Mg,-4096.111111111111
ID_4WCjuD_S,-14.667833333333377
ID_4WCjuD_Fe,-367.6927777777779
ID_4WCjuD_Mn,-345.55000000000007
ID_4WCjuD_Zn,-4.910888888888887
ID_4WCjuD_Cu,-15.17461111111114
ID_4WCjuD_B,-0.6253888888888881
ID_Vo2AGK_N,-5007.353777777778
ID_Vo2AGK_P,23.61008622222223
ID_Vo2AGK_K,-1301.815022222222
ID_Vo2AGK_Ca,-6572.079733333334
ID_Vo2AGK_Mg,-2047.5861333333332
ID_Vo2AGK_S,-13.742704888888905
ID_Vo2AGK_Fe,-346.043288888889
ID_Vo2AGK_Mn,-268.5368
ID_Vo2AGK_Zn,-14.121524444444416
ID_Vo2AGK_Cu,-14.94974311111114
ID_Vo2AGK_B,-0.9100435555555549
ID_D7dHYN_N,-5291.76
ID_D7dHYN_P,3.1829266666667024
ID_D7dHYN_K,-1212.7296444444446
ID_D7dHYN_Ca,-13182.738088888891
ID_D7dHYN_Mg,-3354.606133333333
ID_D7dHYN_S,-12.629146666666657
ID_D7dHYN_Fe,-370.8818844444445
ID_D7dHYN_Mn,-345.9396444444445
ID_D7dHYN_Zn,-4.877052000000001
ID_D7dHYN_Cu,-14.267674222222256
ID_D7dHYN_B,-1.0001804444444427
ID_kksjp1_N,-5254.654666666667
ID_kksjp1_P,23.38341066666668
ID_kksjp1_K,-1012.8410666666666
ID_kksjp1_Ca,-4996.057066666667
ID_kksjp1_Mg,-1688.1481333333334
ID_kksjp1_S,-18.57561333333338
ID_kksjp1_Fe,-268.87777333333327
ID_kksjp1_Mn,-329.8741333333334
ID_kksjp1_Zn,-3.3980760000000014
ID_kksjp1_Cu,-13.16189999999999
ID_kksjp1_B,-0.8258813333333327
ID_iLq97A_N,-5315.471111111111
ID_iLq97A_P,-5.659288888888966
ID_iLq97A_K,-1120.7613333333336
ID_iLq97A_Ca,-6026.799555555556
ID_iLq97A_Mg,-691.7124444444445
ID_iLq97A_S,-17.321795555555582
ID_iLq97A_Fe,-658.9364888888889
ID_iLq97A_Mn,-382.9089333333333
ID_iLq97A_Zn,-5.594511111111111
ID_iLq97A_Cu,-8.691862222222243
ID_iLq97A_B,-0.6061066666666657
ID_66qgwB_N,-4999.616000000002
ID_66qgwB_P,-2.8679360000000074
ID_66qgwB_K,-1028.6144000000002
ID_66qgwB_Ca,-5518.209600000001
ID_66qgwB_Mg,-530.2
ID_66qgwB_S,-16.97563199999999
ID_66qgwB_Fe,-532.4545599999999
ID_66qgwB_Mn,-420.8091200000001
ID_66qgwB_Zn,-6.364591999999997
ID_66qgwB_Cu,-5.667999999999995
ID_66qgwB_B,-0.5160159999999969
ID_X9tRca_N,-5634.112
ID_X9tRca_P,17.13170844444444
ID_X9tRca_K,-873.2778666666666
ID_X9tRca_Ca,-8007.549155555555
ID_X9tRca_Mg,-2321.723377777778
ID_X9tRca_S,-14.505639111111169
ID_X9tRca_Fe,-299.88076444444437
ID_X9tRca_Mn,-294.7323555555555
ID_X9tRca_Zn,-5.745783111111118
ID_X9tRca_Cu,-36.9350542222222
ID_X9tRca_B,-0.7245244444444425
ID_qb01QM_N,-3403.893333333333
ID_qb01QM_P,-23.39450666666675
ID_qb01QM_K,-1847.6480000000001
ID_qb01QM_Ca,-20017.957333333336
ID_qb01QM_Mg,-3049.3013333333333
ID_qb01QM_S,-12.80309333333335
ID_qb01QM_Fe,-292.6021333333336
ID_qb01QM_Mn,-358.55306666666667
ID_qb01QM_Zn,-3.763893333333335
ID_qb01QM_Cu,-11.15397333333333
ID_qb01QM_B,-1.2298133333333343
ID_xwVppY_N,-4953.296000000001
ID_xwVppY_P,3.914511999999995
ID_xwVppY_K,-1135.5920000000003
ID_xwVppY_Ca,-7387.478400000002
ID_xwVppY_Mg,-1789.0048000000004
ID_xwVppY_S,-9.593568000000019
ID_xwVppY_Fe,-429.94960000000003
ID_xwVppY_Mn,-323.5160000000001
ID_xwVppY_Zn,-8.422496000000004
ID_xwVppY_Cu,-8.238256000000025
ID_xwVppY_B,-0.8298399999999988
ID_BIuLw2_N,-7937.112888888889
ID_BIuLw2_P,0.1131813333333298
ID_BIuLw2_K,-945.516088888889
ID_BIuLw2_Ca,-3743.5814222222225
ID_BIuLw2_Mg,-331.96866666666665
ID_BIuLw2_S,-29.97529244444444
ID_BIuLw2_Fe,-403.91309333333334
ID_BIuLw2_Mn,-270.2519555555556
ID_BIuLw2_Zn,-5.632503999999999
ID_BIuLw2_Cu,-6.106392444444436
ID_BIuLw2_B,-0.5629946666666656
ID_mUD5Ew_N,-8059.408888888891
ID_mUD5Ew_P,12.259187555555592
ID_mUD5Ew_K,-998.6955555555558
ID_mUD5Ew_Ca,-3755.989066666667
ID_mUD5Ew_Mg,-355.1324444444445
ID_mUD5Ew_S,-29.359221333333323
ID_mUD5Ew_Fe,-399.58320000000003
ID_mUD5Ew_Mn,-258.48497777777783
ID_mUD5Ew_Zn,-6.0628906666666635
ID_mUD5Ew_Cu,-7.1680835555555635
ID_mUD5Ew_B,-0.6008968888888889
ID_J5HGmg_N,-5956.844444444446
ID_J5HGmg_P,-8.083102222222251
ID_J5HGmg_K,-812.4924444444446
ID_J5HGmg_Ca,-4265.518666666667
ID_J5HGmg_Mg,-521.3346666666667
ID_J5HGmg_S,-17.86803111111111
ID_J5HGmg_Fe,-426.70302222222216
ID_J5HGmg_Mn,-482.1372444444445
ID_J5HGmg_Zn,-5.897964444444445
ID_J5HGmg_Cu,-8.951902222222214
ID_J5HGmg_B,-0.5527199999999971
ID_v6f1tY_N,-5565.243999999999
ID_v6f1tY_P,17.087708000000006
ID_v6f1tY_K,-825.9212
ID_v6f1tY_Ca,-7595.589599999999
ID_v6f1tY_Mg,-1622.2831999999999
ID_v6f1tY_S,-11.732020000000055
ID_v6f1tY_Fe,-375.92960000000005
ID_v6f1tY_Mn,-367.28628000000003
ID_v6f1tY_Zn,-5.757995999999993
ID_v6f1tY_Cu,-11.039123999999994
ID_v6f1tY_B,-0.6493519999999987
ID_GRf44T_N,-5308.921333333334
ID_GRf44T_P,-15.706768000000025
ID_GRf44T_K,-1287.8302222222223
ID_GRf44T_Ca,-8870.5408
ID_GRf44T_Mg,-1315.9514222222224
ID_GRf44T_S,-13.66425911111116
ID_GRf44T_Fe,-470.3987533333335
ID_GRf44T_Mn,-316.6086622222223
ID_GRf44T_Zn,-8.96792133333333
ID_GRf44T_Cu,-7.85890711111112
ID_GRf44T_B,-1.1523071111111118
ID_7ZX2th_N,-4698.752
ID_7ZX2th_P,-9.234368000000039
ID_7ZX2th_K,-1147.2752000000003
ID_7ZX2th_Ca,-7938.192000000002
ID_7ZX2th_Mg,-1773.0544000000002
ID_7ZX2th_S,-12.109776000000036
ID_7ZX2th_Fe,-405.95295999999996
ID_7ZX2th_Mn,-349.3256
ID_7ZX2th_Zn,-8.052416000000004
ID_7ZX2th_Cu,-6.726591999999985
ID_7ZX2th_B,-0.731391999999999
ID_9K1Rq5_N,-4933.377777777778
ID_9K1Rq5_P,-14.11239600000006
ID_9K1Rq5_K,-1067.657688888889
ID_9K1Rq5_Ca,-6996.380266666667
ID_9K1Rq5_Mg,-1620.358266666667
ID_9K1Rq5_S,-11.069971111111144
ID_9K1Rq5_Fe,-424.9830666666666
ID_9K1Rq5_Mn,-371.3064711111112
ID_9K1Rq5_Zn,-6.546012888888884
ID_9K1Rq5_Cu,-7.178088888888891
ID_9K1Rq5_B,-0.7898199999999994
ID_DKjdTI_N,-4372.375555555556
ID_DKjdTI_P,0.5593955555556036
ID_DKjdTI_K,-1125.8964444444443
ID_DKjdTI_Ca,-12063.071555555556
ID_DKjdTI_Mg,-2584.769555555556
ID_DKjdTI_S,-16.691835555555606
ID_DKjdTI_Fe,-315.6150888888889
ID_DKjdTI_Mn,-298.5146444444444
ID_DKjdTI_Zn,-4.55905555555556
ID_DKjdTI_Cu,-18.494093333333304
ID_DKjdTI_B,-1.0916200000000007
ID_cPfJv6_N,-4827.733333333334
ID_cPfJv6_P,-5.013778666666674
ID_cPfJv6_K,-842.1184000000002
ID_cPfJv6_Ca,-6441.163733333334
ID_cPfJv6_Mg,-1273.3784
ID_cPfJv6_S,-12.404882666666701
ID_cPfJv6_Fe,-448.74255999999997
ID_cPfJv6_Mn,-320.5169333333334
ID_cPfJv6_Zn,-6.085749333333332
ID_cPfJv6_Cu,-6.4105520000000045
ID_cPfJv6_B,-0.6897146666666665
ID_lCTvKF_N,-5062.634666666667
ID_lCTvKF_P,-0.7834679999999992
ID_lCTvKF_K,-1008.4330666666667
ID_lCTvKF_Ca,-3892.3134222222225
ID_lCTvKF_Mg,-955.6954666666667
ID_lCTvKF_S,-16.47217555555561
ID_lCTvKF_Fe,-559.1711733333333
ID_lCTvKF_Mn,-351.3436266666667
ID_lCTvKF_Zn,-7.223464888888889
ID_lCTvKF_Cu,-7.5425328888889025
ID_lCTvKF_B,-0.6770271111111114
ID_yR1LtD_N,-4458.593777777777
ID_yR1LtD_P,-2.7677048888888294
ID_yR1LtD_K,-1162.6798222222221
ID_yR1LtD_Ca,-12132.741155555555
ID_yR1LtD_Mg,-2712.8444444444444
ID_yR1LtD_S,-13.88645688888893
ID_yR1LtD_Fe,-324.8424177777777
ID_yR1LtD_Mn,-286.4051022222222
ID_yR1LtD_Zn,-5.048391111111107
ID_yR1LtD_Cu,-10.58150400000001
ID_yR1LtD_B,-1.0827324444444442
ID_lIoyKf_N,-4580.058666666667
ID_lIoyKf_P,-14.328728888888897
ID_lIoyKf_K,-1313.8510222222221
ID_lIoyKf_Ca,-11709.547377777779
ID_lIoyKf_Mg,-2616.8531555555555
ID_lIoyKf_S,-10.428264888888911
ID_lIoyKf_Fe,-303.6809244444445
ID_lIoyKf_Mn,-286.83456
ID_lIoyKf_Zn,-4.4866417777777725
ID_lIoyKf_Cu,-10.977553777777791
ID_lIoyKf_B,-1.1904835555555549
ID_A552mO_N,-5645.4
ID_A552mO_P,11.940459999999987
ID_A552mO_K,-800.3339999999998
ID_A552mO_Ca,-4936.894666666666
ID_A552mO_Mg,-1212.3186666666668
ID_A552mO_S,-20.730635555555573
ID_A552mO_Fe,-501.10497777777783
ID_A552mO_Mn,-370.1499333333333
ID_A552mO_Zn,-5.810511111111109
ID_A552mO_Cu,-7.994337777777768
ID_A552mO_B,-0.7424288888888881
ID_Ti7tpz_N,-5946.855111111112
ID_Ti7tpz_P,16.07092622222222
ID_Ti7tpz_K,-1080.9969777777778
ID_Ti7tpz_Ca,-9650.593422222224
ID_Ti7tpz_Mg,-1593.3909333333336
ID_Ti7tpz_S,-9.094677333333351
ID_Ti7tpz_Fe,-398.2390755555556
ID_Ti7tpz_Mn,-287.7346844444445
ID_Ti7tpz_Zn,-5.492295111111117
ID_Ti7tpz_Cu,-10.249599999999973
ID_Ti7tpz_B,-0.8478079999999985
ID_gb6Pbb_N,-5671.232000000001
ID_gb6Pbb_P,28.170448000000015
ID_gb6Pbb_K,-962.5136000000001
ID_gb6Pbb_Ca,-6853.838400000001
ID_gb6Pbb_Mg,-1246.048
ID_gb6Pbb_S,-11.375520000000023
ID_gb6Pbb_Fe,-518.7467200000002
ID_gb6Pbb_Mn,-380.55968
ID_gb6Pbb_Zn,-4.447087999999999
ID_gb6Pbb_Cu,-9.650319999999999
ID_gb6Pbb_B,-0.5945440000000001
ID_SO9YOp_N,-4814.628888888889
ID_SO9YOp_P,-3.0469560000000797
ID_SO9YOp_K,-1118.0711555555556
ID_SO9YOp_Ca,-4107.438177777778
ID_SO9YOp_Mg,-967.2978666666668
ID_SO9YOp_S,-17.93441511111115
ID_SO9YOp_Fe,-568.9621599999997
ID_SO9YOp_Mn,-388.1826266666667
ID_SO9YOp_Zn,-6.059423555555552
ID_SO9YOp_Cu,-8.421584444444466
ID_SO9YOp_B,-0.6885928888888885
ID_ba5CMa_N,-5519.0742222222225
ID_ba5CMa_P,15.137039111111104
ID_ba5CMa_K,-1004.6247999999998
ID_ba5CMa_Ca,-7907.698577777778
ID_ba5CMa_Mg,-2382.5143111111115
ID_ba5CMa_S,-12.413881333333379
ID_ba5CMa_Fe,-345.29589777777784
ID_ba5CMa_Mn,-279.6276266666667
ID_ba5CMa_Zn,-5.358700888888887
ID_ba5CMa_Cu,-11.340884444444463
ID_ba5CMa_B,-0.89104
ID_njBzwT_N,-4584.157333333334
ID_njBzwT_P,-16.942769333333345
ID_njBzwT_K,-1389.4919555555555
ID_njBzwT_Ca,-19352.166577777778
ID_njBzwT_Mg,-2813.167377777778
ID_njBzwT_S,-11.014176888888908
ID_njBzwT_Fe,-287.88976888888914
ID_njBzwT_Mn,-332.4980044444445
ID_njBzwT_Zn,-5.210506222222221
ID_njBzwT_Cu,-11.312112888888901
ID_njBzwT_B,-1.069434222222221
ID_tIV78m_N,-5233.706666666667
ID_tIV78m_P,13.437173333333345
ID_tIV78m_K,-1002.0640000000001
ID_tIV78m_Ca,-11834.890666666666
ID_tIV78m_Mg,-2788.3040000000005
ID_tIV78m_S,-14.839413333333368
ID_tIV78m_Fe,-309.68426666666693
ID_tIV78m_Mn,-300.0111999999999
ID_tIV78m_Zn,-5.55322666666668
ID_tIV78m_Cu,-10.497493333333333
ID_tIV78m_B,-0.7813866666666663
ID_JzjQGO_N,-4294.749333333333
ID_JzjQGO_P,-16.816417777777772
ID_JzjQGO_K,-1410.8855111111113
ID_JzjQGO_Ca,-19520.612399999995
ID_JzjQGO_Mg,-2877.374488888889
ID_JzjQGO_S,-13.086680888888893
ID_JzjQGO_Fe,-279.7480533333336
ID_JzjQGO_Mn,-301.1227288888889
ID_JzjQGO_Zn,-5.078019555555566
ID_JzjQGO_Cu,-10.156966666666667
ID_JzjQGO_B,-0.8762311111111097
ID_ZGXsg5_N,-4263.597777777778
ID_ZGXsg5_P,-19.321182666666658
ID_ZGXsg5_K,-1363.6345777777778
ID_ZGXsg5_Ca,-18234.38106666667
ID_ZGXsg5_Mg,-2862.978133333333
ID_ZGXsg5_S,-11.916196888888908
ID_ZGXsg5_Fe,-293.1003822222223
ID_ZGXsg5_Mn,-310.70090666666664
ID_ZGXsg5_Zn,-6.610052000000008
ID_ZGXsg5_Cu,-10.572144444444437
ID_ZGXsg5_B,-1.1766928888888883
ID_JnfLxa_N,-5123.412444444445
ID_JnfLxa_P,-18.38965066666666
ID_JnfLxa_K,-1366.818488888889
ID_JnfLxa_Ca,-13276.137644444441
ID_JnfLxa_Mg,-2242.0255555555555
ID_JnfLxa_S,-11.540897333333344
ID_JnfLxa_Fe,-285.3606222222224
ID_JnfLxa_Mn,-304.43039999999996
ID_JnfLxa_Zn,-5.310889333333328
ID_JnfLxa_Cu,-10.471919999999999
ID_JnfLxa_B,-1.0896906666666675
ID_PQTLwS_N,-4668.092
ID_PQTLwS_P,-10.082128444444393
ID_PQTLwS_K,-1228.4029777777778
ID_PQTLwS_Ca,-11619.858622222222
ID_PQTLwS_Mg,-2666.1204
ID_PQTLwS_S,-13.333301777777816
ID_PQTLwS_Fe,-283.8046311111111
ID_PQTLwS_Mn,-314.43327555555555
ID_PQTLwS_Zn,-6.352059999999999
ID_PQTLwS_Cu,-10.122324444444464
ID_PQTLwS_B,-1.1037062222222225
ID_Iur5LW_N,-5306.959999999999
ID_Iur5LW_P,-19.596212000000037
ID_Iur5LW_K,-1299.8752
ID_Iur5LW_Ca,-13601.8756
ID_Iur5LW_Mg,-2227.4696
ID_Iur5LW_S,-10.372584000000028
ID_Iur5LW_Fe,-262.92008000000004
ID_Iur5LW_Mn,-327.0523200000001
ID_Iur5LW_Zn,-5.958195999999996
ID_Iur5LW_Cu,-10.29869600000001
ID_Iur5LW_B,-1.255151999999999
ID_nFydrO_N,-5124.433777777777
ID_nFydrO_P,-23.361829333333418
ID_nFydrO_K,-1161.9064888888888
ID_nFydrO_Ca,-8808.469866666666
ID_nFydrO_Mg,-2275.740977777778
ID_nFydrO_S,-9.825735111111136
ID_nFydrO_Fe,-382.73724444444423
ID_nFydrO_Mn,-292.96606222222226
ID_nFydrO_Zn,-6.067799111111109
ID_nFydrO_Cu,-10.196590222222227
ID_nFydrO_B,-1.1753262222222227
ID_eYlKyy_N,-5748.695555555555
ID_eYlKyy_P,-16.465102222222214
ID_eYlKyy_K,-1358.0073333333332
ID_eYlKyy_Ca,-8740.000888888888
ID_eYlKyy_Mg,-2131.879111111111
ID_eYlKyy_S,-11.562426666666724
ID_eYlKyy_Fe,-310.4544
ID_eYlKyy_Mn,-349.92935555555556
ID_eYlKyy_Zn,-5.824004444444449
ID_eYlKyy_Cu,-9.949491111111117
ID_eYlKyy_B,-1.404368888888886
ID_9xquWh_N,-5405.611111111111
ID_9xquWh_P,-23.066957333333384
ID_9xquWh_K,-1265.7055555555555
ID_9xquWh_Ca,-8276.52991111111
ID_9xquWh_Mg,-2105.411377777778
ID_9xquWh_S,-10.790894666666688
ID_9xquWh_Fe,-295.9781777777779
ID_9xquWh_Mn,-297.76180000000005
ID_9xquWh_Zn,-7.358178222222213
ID_9xquWh_Cu,-10.06090222222223
ID_9xquWh_B,-1.2900120000000026
ID_fX1yVo_N,-5721.859555555556
ID_fX1yVo_P,14.125361777777783
ID_fX1yVo_K,-976.3690666666669
ID_fX1yVo_Ca,-8248.821333333335
ID_fX1yVo_Mg,-1446.282666666667
ID_fX1yVo_S,-11.786958222222221
ID_fX1yVo_Fe,-356.4899555555555
ID_fX1yVo_Mn,-292.9872355555556
ID_fX1yVo_Zn,-5.519672888888886
ID_fX1yVo_Cu,-13.238008888888873
ID_fX1yVo_B,-0.7780195555555541
ID_4vdxVf_N,-5561.542666666668
ID_4vdxVf_P,23.693606666666664
ID_4vdxVf_K,-910.9126666666667
ID_4vdxVf_Ca,-6924.8784000000005
ID_4vdxVf_Mg,-1299.1409333333334
ID_4vdxVf_S,-11.067280000000004
ID_4vdxVf_Fe,-359.62292
ID_4vdxVf_Mn,-321.41564
ID_4vdxVf_Zn,-6.840357333333332
ID_4vdxVf_Cu,-17.81081066666664
ID_4vdxVf_B,-0.5651813333333329
ID_JOOexX_N,-6101.592444444445
ID_JOOexX_P,19.061024444444442
ID_JOOexX_K,-853.7486666666666
ID_JOOexX_Ca,-7815.883466666665
ID_JOOexX_Mg,-1667.1815111111111
ID_JOOexX_S,-11.0613537777778
ID_JOOexX_Fe,-301.1654088888888
ID_JOOexX_Mn,-370.96144888888887
ID_JOOexX_Zn,-6.679124888888881
ID_JOOexX_Cu,-11.731310222222216
ID_JOOexX_B,-0.7491919999999984
ID_6MYNxv_N,-5594.274666666667
ID_6MYNxv_P,29.34778933333334
ID_6MYNxv_K,-1005.9199999999998
ID_6MYNxv_Ca,-4789.5127999999995
ID_6MYNxv_Mg,-1248.320533333333
ID_6MYNxv_S,-17.67379466666666
ID_6MYNxv_Fe,-394.15578666666664
ID_6MYNxv_Mn,-403.60738666666686
ID_6MYNxv_Zn,-3.567250666666667
ID_6MYNxv_Cu,-11.95533866666665
ID_6MYNxv_B,-0.5026666666666668
ID_2UxPAl_N,-5981.007111111111
ID_2UxPAl_P,16.51307555555558
ID_2UxPAl_K,-1073.5904888888888
ID_2UxPAl_Ca,-4748.378622222222
ID_2UxPAl_Mg,-1139.5024444444443
ID_2UxPAl_S,-16.28816888888888
ID_2UxPAl_Fe,-504.34264444444443
ID_2UxPAl_Mn,-414.44559999999996
ID_2UxPAl_Zn,-4.520321333333333
ID_2UxPAl_Cu,-10.403066222222204
ID_2UxPAl_B,-0.7416857777777771
ID_TAa38E_N,-6125.446222222222
ID_TAa38E_P,-11.516398666666753
ID_TAa38E_K,-825.6634666666667
ID_TAa38E_Ca,-5893.942488888889
ID_TAa38E_Mg,-943.8266222222221
ID_TAa38E_S,-15.774244888888873
ID_TAa38E_Fe,-444.1402622222222
ID_TAa38E_Mn,-402.6715022222223
ID_TAa38E_Zn,-6.484864
ID_TAa38E_Cu,-10.371225333333332
ID_TAa38E_B,-0.6734337777777767
ID_4EOZCn_N,-5762.657777777778
ID_4EOZCn_P,15.97443555555557
ID_4EOZCn_K,-764.0142222222223
ID_4EOZCn_Ca,-6318.666222222223
ID_4EOZCn_Mg,-1176.890666666667
ID_4EOZCn_S,-16.564946666666646
ID_4EOZCn_Fe,-398.32351111111115
ID_4EOZCn_Mn,-394.7571555555555
ID_4EOZCn_Zn,-5.164288888888894
ID_4EOZCn_Cu,-8.95185333333333
ID_4EOZCn_B,-0.6258088888888882
ID_MHZ6Cd_N,-5518.160000000001
ID_MHZ6Cd_P,26.645823999999983
ID_MHZ6Cd_K,-826.1936000000002
ID_MHZ6Cd_Ca,-5976.460800000001
ID_MHZ6Cd_Mg,-1203.0544
ID_MHZ6Cd_S,-15.258815999999985
ID_MHZ6Cd_Fe,-371.64112
ID_MHZ6Cd_Mn,-374.7416000000001
ID_MHZ6Cd_Zn,-4.676960000000003
ID_MHZ6Cd_Cu,-8.24459199999999
ID_MHZ6Cd_B,-0.5089600000000012
ID_FBeMC2_N,-5718.673777777779
ID_FBeMC2_P,28.09111466666665
ID_FBeMC2_K,-807.7219555555557
ID_FBeMC2_Ca,-6086.94257777778
ID_FBeMC2_Mg,-1243.7070222222226
ID_FBeMC2_S,-18.32726044444442
ID_FBeMC2_Fe,-355.34257777777776
ID_FBeMC2_Mn,-408.8270933333333
ID_FBeMC2_Zn,-4.8535964444444435
ID_FBeMC2_Cu,-10.589781333333312
ID_FBeMC2_B,-0.5157404444444461
ID_2cRCAi_N,-5734.5164444444445
ID_2cRCAi_P,29.5242471111111
ID_2cRCAi_K,-800.5624
ID_2cRCAi_Ca,-4436.227422222222
ID_2cRCAi_Mg,-1157.5422666666666
ID_2cRCAi_S,-27.537595111111116
ID_2cRCAi_Fe,-403.07706666666667
ID_2cRCAi_Mn,-365.6753022222223
ID_2cRCAi_Zn,-4.933097777777784
ID_2cRCAi_Cu,-10.303927555555541
ID_2cRCAi_B,-0.47596000000000066
ID_vLtNHu_N,-5810.9439999999995
ID_vLtNHu_P,19.585476000000014
ID_vLtNHu_K,-998.0568000000001
ID_vLtNHu_Ca,-8459.8816
ID_vLtNHu_Mg,-2395.8664
ID_vLtNHu_S,-12.295388000000017
ID_vLtNHu_Fe,-400.22035999999986
ID_vLtNHu_Mn,-308.75248000000005
ID_vLtNHu_Zn,-4.435531999999997
ID_vLtNHu_Cu,-12.277555999999977
ID_vLtNHu_B,-0.748255999999999
ID_NB96To_N,-5701.018222222221
ID_NB96To_P,28.855638666666657
ID_NB96To_K,-879.9687555555555
ID_NB96To_Ca,-6334.200533333333
ID_NB96To_Mg,-1337.7898222222223
ID_NB96To_S,-17.65416311111108
ID_NB96To_Fe,-290.03488
ID_NB96To_Mn,-440.8298444444445
ID_NB96To_Zn,-5.214492888888886
ID_NB96To_Cu,-10.829653777777763
ID_NB96To_B,-0.5111155555555569
ID_d4LkJP_N,-5244.535555555556
ID_d4LkJP_P,-2.156751111111042
ID_d4LkJP_K,-1122.5077777777776
ID_d4LkJP_Ca,-10654.607777777775
ID_d4LkJP_Mg,-2311.376222222222
ID_d4LkJP_S,-12.933124444444466
ID_d4LkJP_Fe,-429.3276
ID_d4LkJP_Mn,-351.3047555555555
ID_d4LkJP_Zn,-5.971102222222221
ID_d4LkJP_Cu,-11.895699999999978
ID_d4LkJP_B,-1.124740000000001
ID_0wiI3I_N,-5787.884444444445
ID_0wiI3I_P,2.149048888888885
ID_0wiI3I_K,-1029.7644444444447
ID_0wiI3I_Ca,-6451.086666666668
ID_0wiI3I_Mg,-1253.797777777778
ID_0wiI3I_S,-12.574097777777776
ID_0wiI3I_Fe,-587.6657777777779
ID_0wiI3I_Mn,-401.9516444444445
ID_0wiI3I_Zn,-5.728368888888891
ID_0wiI3I_Cu,-8.320648888888877
ID_0wiI3I_B,-0.6944977777777772
ID_6dwFYC_N,-6058.773333333334
ID_6dwFYC_P,4.489126666666749
ID_6dwFYC_K,-1152.5128000000002
ID_6dwFYC_Ca,-5112.110266666668
ID_6dwFYC_Mg,-1259.7926666666667
ID_6dwFYC_S,-13.874100000000023
ID_6dwFYC_Fe,-304.59059999999965
ID_6dwFYC_Mn,-395.04416000000003
ID_6dwFYC_Zn,-4.882958666666668
ID_6dwFYC_Cu,-6.365625333333327
ID_6dwFYC_B,-0.5526506666666652
ID_wsORdN_N,-6211.509333333334
ID_wsORdN_P,0.951926666666715
ID_wsORdN_K,-1151.2449333333336
ID_wsORdN_Ca,-8325.584933333334
ID_wsORdN_Mg,-1834.5161333333335
ID_wsORdN_S,-9.171202666666673
ID_wsORdN_Fe,-400.09352
ID_wsORdN_Mn,-366.23842666666667
ID_wsORdN_Zn,-6.884214666666661
ID_wsORdN_Cu,-8.512710666666658
ID_wsORdN_B,-0.9949733333333323
ID_2t7XDT_N,-6204.405333333333
ID_2t7XDT_P,1.1312040000000607
ID_2t7XDT_K,-1026.5450666666668
ID_2t7XDT_Ca,-4621.174533333334
ID_2t7XDT_Mg,-1076.2332000000001
ID_2t7XDT_S,-16.53933333333334
ID_2t7XDT_Fe,-408.69478666666646
ID_2t7XDT_Mn,-449.81353333333334
ID_2t7XDT_Zn,-4.967910666666677
ID_2t7XDT_Cu,-9.024198666666651
ID_2t7XDT_B,-0.6440653333333316
ID_iNcMFq_N,-6059.902222222224
ID_iNcMFq_P,-6.770826666666643
ID_iNcMFq_K,-1051.344
ID_iNcMFq_Ca,-7957.343555555557
ID_iNcMFq_Mg,-1605.5240000000003
ID_iNcMFq_S,-10.110831111111118
ID_iNcMFq_Fe,-430.87960000000015
ID_iNcMFq_Mn,-316.89817777777785
ID_iNcMFq_Zn,-6.161182222222218
ID_iNcMFq_Cu,-9.683915555555544
ID_iNcMFq_B,-0.9717955555555547
ID_xFGNGK_N,-6197.182222222223
ID_xFGNGK_P,3.6502800000000875
ID_xFGNGK_K,-1047.6724444444444
ID_xFGNGK_Ca,-4425.18
ID_xFGNGK_Mg,-1106.1386666666667
ID_xFGNGK_S,-16.421946666666663
ID_xFGNGK_Fe,-418.9394666666664
ID_xFGNGK_Mn,-484.9190222222221
ID_xFGNGK_Zn,-13.444013333333306
ID_xFGNGK_Cu,-9.282733333333331
ID_xFGNGK_B,-0.7358577777777766
ID_wSRqBo_N,-5320.7880000000005
ID_wSRqBo_P,-59.199640444444555
ID_wSRqBo_K,-1023.394
ID_wSRqBo_Ca,-8663.10168888889
ID_wSRqBo_Mg,-1767.1788444444446
ID_wSRqBo_S,-8.988604000000016
ID_wSRqBo_Fe,-415.4724533333333
ID_wSRqBo_Mn,-272.9594044444445
ID_wSRqBo_Zn,-5.665777333333341
ID_wSRqBo_Cu,-8.892004888888891
ID_wSRqBo_B,-1.1520391111111108
ID_K32Y2i_N,-5827.49688888889
ID_K32Y2i_P,-1.7525244444444184
ID_K32Y2i_K,-1051.5776
ID_K32Y2i_Ca,-10024.701511111112
ID_K32Y2i_Mg,-2020.6183111111113
ID_K32Y2i_S,-11.205516444444449
ID_K32Y2i_Fe,-524.428408888889
ID_K32Y2i_Mn,-323.5137600000001
ID_K32Y2i_Zn,-5.347722666666665
ID_K32Y2i_Cu,-9.250287999999989
ID_K32Y2i_B,-1.1074791111111106
ID_6SMUKT_N,-5630.920000000001
ID_6SMUKT_P,20.432816000000024
ID_6SMUKT_K,-1037.1347999999998
ID_6SMUKT_Ca,-7436.3188
ID_6SMUKT_Mg,-1370.7487999999998
ID_6SMUKT_S,-17.639584000000003
ID_6SMUKT_Fe,-470.8556
ID_6SMUKT_Mn,-414.34992
ID_6SMUKT_Zn,-5.553532000000003
ID_6SMUKT_Cu,-11.85635599999999
ID_6SMUKT_B,-0.817155999999999
ID_002W8m_N,-5734.742222222222
ID_002W8m_P,18.607444444444454
ID_002W8m_K,-1017.9395555555554
ID_002W8m_Ca,-6948.581999999999
ID_002W8m_Mg,-1396.2573333333332
ID_002W8m_S,-14.774197777777779
ID_002W8m_Fe,-483.58971111111094
ID_002W8m_Mn,-385.34475555555554
ID_002W8m_Zn,-4.89214666666667
ID_002W8m_Cu,-11.891815555555535
ID_002W8m_B,-0.8217533333333323
ID_gIn9nY_N,-5835.178666666667
ID_gIn9nY_P,19.624110222222253
ID_gIn9nY_K,-1030.6047999999998
ID_gIn9nY_Ca,-5189.610133333334
ID_gIn9nY_Mg,-1265.4325333333334
ID_gIn9nY_S,-17.589950222222235
ID_gIn9nY_Fe,-401.55914666666666
ID_gIn9nY_Mn,-427.66371555555554
ID_gIn9nY_Zn,-4.732664888888889
ID_gIn9nY_Cu,-10.918574222222215
ID_gIn9nY_B,-0.6140408888888899
ID_CVMgX8_N,-5742.892000000002
ID_CVMgX8_P,-7.748352000000047
ID_CVMgX8_K,-1029.712266666667
ID_CVMgX8_Ca,-4579.379333333334
ID_CVMgX8_Mg,-1320.4529333333335
ID_CVMgX8_S,-16.241064
ID_CVMgX8_Fe,-490.15448000000015
ID_CVMgX8_Mn,-360.50342666666666
ID_CVMgX8_Zn,-5.559713333333334
ID_CVMgX8_Cu,-9.914763999999979
ID_CVMgX8_B,-0.6522053333333311
ID_wd06cY_N,-5827.6284444444445
ID_wd06cY_P,0.9804471111111184
ID_wd06cY_K,-1032.7799111111112
ID_wd06cY_Ca,-6881.853777777778
ID_wd06cY_Mg,-1368.2345333333333
ID_wd06cY_S,-13.709056888888917
ID_wd06cY_Fe,-554.4378044444445
ID_wd06cY_Mn,-373.32113333333325
ID_wd06cY_Zn,-5.422965333333334
ID_wd06cY_Cu,-10.366504444444416
ID_wd06cY_B,-0.8192288888888878
ID_c1B6wl_N,-5765.64
ID_c1B6wl_P,-4.769119999999987
ID_c1B6wl_K,-651.6773333333335
ID_c1B6wl_Ca,-4049.2977777777787
ID_c1B6wl_Mg,-523.0604444444446
ID_c1B6wl_S,-24.995493333333343
ID_c1B6wl_Fe,-414.00022222222225
ID_c1B6wl_Mn,-450.3878222222222
ID_c1B6wl_Zn,-5.8109911111111145
ID_c1B6wl_Cu,-7.757986666666672
ID_c1B6wl_B,-0.648835555555555
ID_oc6ATo_N,-5899.328000000001
ID_oc6ATo_P,-6.406140000000022
ID_oc6ATo_K,-773.5489333333335
ID_oc6ATo_Ca,-6328.665333333334
ID_oc6ATo_Mg,-788.1906666666667
ID_oc6ATo_S,-16.69705200000001
ID_oc6ATo_Fe,-511.13594666666677
ID_oc6ATo_Mn,-379.95704000000006
ID_oc6ATo_Zn,-4.625093333333338
ID_oc6ATo_Cu,-9.86197733333332
ID_oc6ATo_B,-0.7032653333333325
ID_W7ki9G_N,-5708.195555555557
ID_W7ki9G_P,-5.399786666666721
ID_W7ki9G_K,-1094.2684444444446
ID_W7ki9G_Ca,-4581.6684444444445
ID_W7ki9G_Mg,-1089.1791111111113
ID_W7ki9G_S,-16.93743111111113
ID_W7ki9G_Fe,-455.9747555555553
ID_W7ki9G_Mn,-461.05586666666653
ID_W7ki9G_Zn,-6.3726755555555545
ID_W7ki9G_Cu,-9.063271111111103
ID_W7ki9G_B,-0.7599599999999993
ID_WXecQv_N,-4741.440888888889
ID_WXecQv_P,-10.197884888888986
ID_WXecQv_K,-1025.6897333333334
ID_WXecQv_Ca,-4323.2262666666675
ID_WXecQv_Mg,-984.1705777777779
ID_WXecQv_S,-16.437794222222227
ID_WXecQv_Fe,-548.9883511111112
ID_WXecQv_Mn,-430.6017066666667
ID_WXecQv_Zn,-7.667514666666655
ID_WXecQv_Cu,-7.118324444444447
ID_WXecQv_B,-0.550348888888887
ID_HBVWpF_N,-5125.977777777778
ID_HBVWpF_P,-5.48749333333339
ID_HBVWpF_K,-917.7013333333334
ID_HBVWpF_Ca,-4045.6066666666666
ID_HBVWpF_Mg,-477.36888888888893
ID_HBVWpF_S,-28.19003999999999
ID_HBVWpF_Fe,-554.0238666666665
ID_HBVWpF_Mn,-410.1503111111111
ID_HBVWpF_Zn,-6.63232444444444
ID_HBVWpF_Cu,-8.021008888888892
ID_HBVWpF_B,-0.48481333333333193
ID_RrkLmh_N,-5958.281333333335
ID_RrkLmh_P,-16.013856000000125
ID_RrkLmh_K,-923.9317333333333
ID_RrkLmh_Ca,-4482.853733333333
ID_RrkLmh_Mg,-1065.5870666666667
ID_RrkLmh_S,-17.117816000000005
ID_RrkLmh_Fe,-484.05984000000007
ID_RrkLmh_Mn,-361.6188533333333
ID_RrkLmh_Zn,-5.1634186666666775
ID_RrkLmh_Cu,-7.837879999999987
ID_RrkLmh_B,-0.6211253333333324
ID_1hqQ2U_N,-5836.576000000001
ID_1hqQ2U_P,2.05728933333328
ID_1hqQ2U_K,-1000.2504000000001
ID_1hqQ2U_Ca,-4565.768266666667
ID_1hqQ2U_Mg,-1140.904266666667
ID_1hqQ2U_S,-16.42571866666667
ID_1hqQ2U_Fe,-522.8225200000002
ID_1hqQ2U_Mn,-414.95262666666673
ID_1hqQ2U_Zn,-7.102218666666663
ID_1hqQ2U_Cu,-9.29794933333333
ID_1hqQ2U_B,-0.7732693333333316
ID_sPfogU_N,-5732.646666666667
ID_sPfogU_P,9.849657777777821
ID_sPfogU_K,-1141.5313333333331
ID_sPfogU_Ca,-7884.8966666666665
ID_sPfogU_Mg,-1953.4757777777777
ID_sPfogU_S,-9.21223555555558
ID_sPfogU_Fe,-431.61328888888886
ID_sPfogU_Mn,-275.11955555555545
ID_sPfogU_Zn,-6.73056222222223
ID_sPfogU_Cu,-10.23300444444445
ID_sPfogU_B,-1.1945577777777778
ID_Ol7rTd_N,-5451.068444444445
ID_Ol7rTd_P,16.615694222222217
ID_Ol7rTd_K,-834.9454222222223
ID_Ol7rTd_Ca,-6274.311111111111
ID_Ol7rTd_Mg,-1301.8375111111113
ID_Ol7rTd_S,-12.48479288888889
ID_Ol7rTd_Fe,-279.9053511111114
ID_Ol7rTd_Mn,-424.7888355555557
ID_Ol7rTd_Zn,-7.321479111111107
ID_Ol7rTd_Cu,-10.495253333333348
ID_Ol7rTd_B,-0.7407857777777772
ID_ZOfYbj_N,-5706.944444444444
ID_ZOfYbj_P,18.496049777777795
ID_ZOfYbj_K,-813.695511111111
ID_ZOfYbj_Ca,-6615.329466666667
ID_ZOfYbj_Mg,-1786.9020444444443
ID_ZOfYbj_S,-11.095743555555575
ID_ZOfYbj_Fe,-328.5708933333335
ID_ZOfYbj_Mn,-380.4135155555556
ID_ZOfYbj_Zn,-22.742148888888863
ID_ZOfYbj_Cu,-8.865964888888893
ID_ZOfYbj_B,-1.2240199999999999
ID_6a2bVs_N,-6105.501333333334
ID_6a2bVs_P,24.091984000000018
ID_6a2bVs_K,-812.4290666666666
ID_6a2bVs_Ca,-6626.959733333333
ID_6a2bVs_Mg,-1725.0837333333334
ID_6a2bVs_S,-10.142802666666658
ID_6a2bVs_Fe,-313.06226666666697
ID_6a2bVs_Mn,-399.3579733333334
ID_6a2bVs_Zn,-26.66588000000002
ID_6a2bVs_Cu,-9.443842666666676
ID_6a2bVs_B,-1.218890666666666
ID_yoxAO4_N,-5373.737777777778
ID_yoxAO4_P,-6.564751555555638
ID_yoxAO4_K,-1087.2970666666668
ID_yoxAO4_Ca,-6217.878044444446
ID_yoxAO4_Mg,-1582.2034222222223
ID_yoxAO4_S,-11.14283155555557
ID_yoxAO4_Fe,-437.08448888888887
ID_yoxAO4_Mn,-392.90688
ID_yoxAO4_Zn,-7.92168977777777
ID_yoxAO4_Cu,-6.797412444444439
ID_yoxAO4_B,-0.6972911111111106
ID_FfEidt_N,-5346.014666666668
ID_FfEidt_P,15.83802088888892
ID_FfEidt_K,-1017.7860000000001
ID_FfEidt_Ca,-3541.560355555556
ID_FfEidt_Mg,-822.9810222222222
ID_FfEidt_S,-16.97769244444447
ID_FfEidt_Fe,-369.4575688888887
ID_FfEidt_Mn,-427.29707111111105
ID_FfEidt_Zn,-5.7235386666666646
ID_FfEidt_Cu,-7.265984444444432
ID_FfEidt_B,-0.6305275555555558
ID_EO21VT_N,-5419.930222222221
ID_EO21VT_P,6.31524622222225
ID_EO21VT_K,-755.6024000000001
ID_EO21VT_Ca,-5513.492222222223
ID_EO21VT_Mg,-541.402
ID_EO21VT_S,-16.317721333333353
ID_EO21VT_Fe,-339.7436355555555
ID_EO21VT_Mn,-452.8151066666667
ID_EO21VT_Zn,-5.694944888888889
ID_EO21VT_Cu,-7.402086666666655
ID_EO21VT_B,-0.5211080000000001
ID_bgPdtG_N,-5874.080000000001
ID_bgPdtG_P,23.593144888888908
ID_bgPdtG_K,-775.5207111111112
ID_bgPdtG_Ca,-6429.981155555556
ID_bgPdtG_Mg,-1406.7292444444447
ID_bgPdtG_S,-11.064184888888875
ID_bgPdtG_Fe,-283.5047822222224
ID_bgPdtG_Mn,-402.27384888888895
ID_bgPdtG_Zn,-8.472042666666674
ID_bgPdtG_Cu,-9.32632177777779
ID_bgPdtG_B,-0.8549262222222215
ID_1ba7Jn_N,-5068.344000000001
ID_1ba7Jn_P,-5.60308088888894
ID_1ba7Jn_K,-1116.3056000000001
ID_1ba7Jn_Ca,-4613.528844444445
ID_1ba7Jn_Mg,-1225.6571555555558
ID_1ba7Jn_S,-17.454222222222242
ID_1ba7Jn_Fe,-608.8500799999999
ID_1ba7Jn_Mn,-412.8810088888889
ID_1ba7Jn_Zn,-7.596482222222214
ID_1ba7Jn_Cu,-6.269368000000003
ID_1ba7Jn_B,-0.653594222222222
ID_KivwIj_N,-5379.39511111111
ID_KivwIj_P,12.537183111111094
ID_KivwIj_K,-1163.9754222222223
ID_KivwIj_Ca,-4352.090133333333
ID_KivwIj_Mg,-1170.298711111111
ID_KivwIj_S,-15.867557777777769
ID_KivwIj_Fe,-595.9123200000001
ID_KivwIj_Mn,-357.29823555555544
ID_KivwIj_Zn,-7.691653777777773
ID_KivwIj_Cu,-7.363717777777765
ID_KivwIj_B,-0.8499648888888867
ID_i9yeeP_N,-6067.552
ID_i9yeeP_P,23.911965333333345
ID_i9yeeP_K,-812.7837333333333
ID_i9yeeP_Ca,-6813.463733333334
ID_i9yeeP_Mg,-1676.109333333333
ID_i9yeeP_S,-12.101677333333349
ID_i9yeeP_Fe,-299.8326933333334
ID_i9yeeP_Mn,-403.4969333333333
ID_i9yeeP_Zn,-23.40147733333331
ID_i9yeeP_Cu,-9.742725333333343
ID_i9yeeP_B,-0.9262906666666665
ID_R5qXu2_N,-5533.474666666665
ID_R5qXu2_P,24.151669333333345
ID_R5qXu2_K,-859.5085333333333
ID_R5qXu2_Ca,-6472.542933333333
ID_R5qXu2_Mg,-1352.1263999999999
ID_R5qXu2_S,-13.254192000000014
ID_R5qXu2_Fe,-304.4261333333333
ID_R5qXu2_Mn,-387.4862666666667
ID_R5qXu2_Zn,-6.289976000000015
ID_R5qXu2_Cu,-10.584602666666662
ID_R5qXu2_B,-0.8379786666666655
ID_MfeEtE_N,-5297.072000000001
ID_MfeEtE_P,15.914896000000002
ID_MfeEtE_K,-613.8128000000002
ID_MfeEtE_Ca,-3937.7472000000002
ID_MfeEtE_Mg,-448.64799999999997
ID_MfeEtE_S,-28.34467200000001
ID_MfeEtE_Fe,-500.1025599999998
ID_MfeEtE_Mn,-364.55744000000016
ID_MfeEtE_Zn,-6.031807999999996
ID_MfeEtE_Cu,-7.228911999999991
ID_MfeEtE_B,-0.659248
ID_WLmcrU_N,-4514.668888888888
ID_WLmcrU_P,25.05160666666667
ID_WLmcrU_K,-1223.1271555555554
ID_WLmcrU_Ca,-4625.982044444444
ID_WLmcrU_Mg,-1459.1417777777779
ID_WLmcrU_S,-16.543749777777794
ID_WLmcrU_Fe,-296.5135466666666
ID_WLmcrU_Mn,-396.6709511111112
ID_WLmcrU_Zn,-4.666317333333333
ID_WLmcrU_Cu,-10.533895111111105
ID_WLmcrU_B,-1.1976533333333332
ID_BG94Kk_N,-5357.486222222223
ID_BG94Kk_P,23.49916444444445
ID_BG94Kk_K,-1099.5292444444447
ID_BG94Kk_Ca,-6396.142222222224
ID_BG94Kk_Mg,-1425.3461333333335
ID_BG94Kk_S,-12.223608888888911
ID_BG94Kk_Fe,-347.4617600000002
ID_BG94Kk_Mn,-398.7899022222224
ID_BG94Kk_Zn,-21.216846222222195
ID_BG94Kk_Cu,-10.603619555555555
ID_BG94Kk_B,-1.2425457777777773
ID_swsOpZ_N,-5644.122222222222
ID_swsOpZ_P,-4.347066666666649
ID_swsOpZ_K,-1150.992
ID_swsOpZ_Ca,-10438.837111111112
ID_swsOpZ_Mg,-2524.5555555555557
ID_swsOpZ_S,-9.02721333333335
ID_swsOpZ_Fe,-323.2541555555556
ID_swsOpZ_Mn,-353.1335111111111
ID_swsOpZ_Zn,-24.90812666666665
ID_swsOpZ_Cu,-10.107731111111118
ID_swsOpZ_B,-1.3133911111111107
ID_iTxLdY_N,-5768.770666666667
ID_iTxLdY_P,20.198098666666667
ID_iTxLdY_K,-885.9413333333334
ID_iTxLdY_Ca,-6965.894399999999
ID_iTxLdY_Mg,-1630.3370666666667
ID_iTxLdY_S,-10.53470933333336
ID_iTxLdY_Fe,-323.6242399999998
ID_iTxLdY_Mn,-383.4952533333334
ID_iTxLdY_Zn,-8.733122666666668
ID_iTxLdY_Cu,-13.374511999999985
ID_iTxLdY_B,-1.2919519999999995
ID_dovTfQ_N,-5974.578666666667
ID_dovTfQ_P,24.55877600000002
ID_dovTfQ_K,-803.9724888888888
ID_dovTfQ_Ca,-6888.970266666667
ID_dovTfQ_Mg,-1555.1315111111112
ID_dovTfQ_S,-14.635606666666668
ID_dovTfQ_Fe,-315.97114222222234
ID_dovTfQ_Mn,-364.99228000000005
ID_dovTfQ_Zn,-23.058297777777746
ID_dovTfQ_Cu,-9.329465777777786
ID_dovTfQ_B,-1.2106608888888886
ID_dITjXH_N,-5386.653333333335
ID_dITjXH_P,12.609511111111132
ID_dITjXH_K,-1109.2675555555556
ID_dITjXH_Ca,-3922.783111111112
ID_dITjXH_Mg,-852.3760000000001
ID_dITjXH_S,-16.81017333333336
ID_dITjXH_Fe,-527.5407555555556
ID_dITjXH_Mn,-368.39626666666663
ID_dITjXH_Zn,-7.727337777777773
ID_dITjXH_Cu,-6.869162222222218
ID_dITjXH_B,-0.5552622222222215
ID_2CXb7W_N,-5616.3026666666665
ID_2CXb7W_P,12.511762666666684
ID_2CXb7W_K,-1159.1777333333334
ID_2CXb7W_Ca,-4484.027866666667
ID_2CXb7W_Mg,-1100.6236000000001
ID_2CXb7W_S,-18.30240800000003
ID_2CXb7W_Fe,-441.61541333333327
ID_2CXb7W_Mn,-382.58502666666675
ID_2CXb7W_Zn,-8.548721333333322
ID_2CXb7W_Cu,-7.087815999999996
ID_2CXb7W_B,-0.582250666666666
ID_njFERZ_N,-5033.665333333333
ID_njFERZ_P,17.757582222222226
ID_njFERZ_K,-1173.1861777777774
ID_njFERZ_Ca,-4591.539644444444
ID_njFERZ_Mg,-1315.0542222222223
ID_njFERZ_S,-16.542896000000002
ID_njFERZ_Fe,-331.3973999999998
ID_njFERZ_Mn,-403.2380088888889
ID_njFERZ_Zn,-3.956576888888884
ID_njFERZ_Cu,-13.306965333333316
ID_njFERZ_B,-1.2198515555555551
ID_8WSpIg_N,-4274.72
ID_8WSpIg_P,24.669888
ID_8WSpIg_K,-931.1658666666668
ID_8WSpIg_Ca,-5634.427733333334
ID_8WSpIg_Mg,-1456.3328000000004
ID_8WSpIg_S,-13.36934400000002
ID_8WSpIg_Fe,-305.14865777777794
ID_8WSpIg_Mn,-399.7376711111113
ID_8WSpIg_Zn,-4.512071111111112
ID_8WSpIg_Cu,-10.324167111111116
ID_8WSpIg_B,-1.1845048888888885
ID_vGptG7_N,-5468.142222222223
ID_vGptG7_P,28.29470577777777
ID_vGptG7_K,-1072.6144000000002
ID_vGptG7_Ca,-4865.346133333334
ID_vGptG7_Mg,-1367.3301333333336
ID_vGptG7_S,-16.578318222222222
ID_vGptG7_Fe,-290.9336177777779
ID_vGptG7_Mn,-384.37176888888905
ID_vGptG7_Zn,-5.11831466666667
ID_vGptG7_Cu,-11.30727822222221
ID_vGptG7_B,-1.1426417777777778
ID_DE9CHN_N,-5087.498666666668
ID_DE9CHN_P,24.887078666666675
ID_DE9CHN_K,-795.2260000000001
ID_DE9CHN_Ca,-6294.354000000001
ID_DE9CHN_Mg,-1506.923066666667
ID_DE9CHN_S,-16.412645333333327
ID_DE9CHN_Fe,-287.5301466666667
ID_DE9CHN_Mn,-392.96328000000005
ID_DE9CHN_Zn,-5.097904000000006
ID_DE9CHN_Cu,-9.905588000000005
ID_DE9CHN_B,-1.1175173333333337
ID_I43qny_N,-5259.5484444444455
ID_I43qny_P,6.909909333333367
ID_I43qny_K,-642.3753777777779
ID_I43qny_Ca,-4176.889155555556
ID_I43qny_Mg,-468.0248000000001
ID_I43qny_S,-18.265826666666648
ID_I43qny_Fe,-401.5750577777776
ID_I43qny_Mn,-400.4043733333333
ID_I43qny_Zn,-5.069458666666668
ID_I43qny_Cu,-7.0039484444444495
ID_I43qny_B,-0.5706044444444442
ID_fHepY6_N,-5451.367111111112
ID_fHepY6_P,25.349902222222227
ID_fHepY6_K,-1298.2471111111113
ID_fHepY6_Ca,-6780.132977777778
ID_fHepY6_Mg,-1789.400888888889
ID_fHepY6_S,-9.482296888888929
ID_fHepY6_Fe,-336.4091022222223
ID_fHepY6_Mn,-379.4153955555556
ID_fHepY6_Zn,-5.703552000000009
ID_fHepY6_Cu,-11.307228444444446
ID_fHepY6_B,-1.2483697777777771
ID_1Qe0kg_N,-5328.590666666667
ID_1Qe0kg_P,18.524608000000025
ID_1Qe0kg_K,-1109.4645333333335
ID_1Qe0kg_Ca,-6334.486666666668
ID_1Qe0kg_Mg,-1500.277866666667
ID_1Qe0kg_S,-11.992329333333341
ID_1Qe0kg_Fe,-560.3133866666668
ID_1Qe0kg_Mn,-411.0099066666668
ID_1Qe0kg_Zn,-8.493911999999998
ID_1Qe0kg_Cu,-7.301034666666655
ID_1Qe0kg_B,-1.2334506666666658
ID_2RSAny_N,-5531.216888888889
ID_2RSAny_P,12.425589333333363
ID_2RSAny_K,-1231.6498666666666
ID_2RSAny_Ca,-4352.938888888889
ID_2RSAny_Mg,-1340.1502666666665
ID_2RSAny_S,-18.017520888888892
ID_2RSAny_Fe,-281.00793777777767
ID_2RSAny_Mn,-373.60639555555565
ID_2RSAny_Zn,-4.40239955555555
ID_2RSAny_Cu,-11.159663999999989
ID_2RSAny_B,-1.1681728888888891
ID_NnEBJ7_N,-5330.57911111111
ID_NnEBJ7_P,8.4424648888889
ID_NnEBJ7_K,-1245.0541777777778
ID_NnEBJ7_Ca,-4301.521377777777
ID_NnEBJ7_Mg,-1266.3537333333334
ID_NnEBJ7_S,-18.366715999999993
ID_NnEBJ7_Fe,-263.8128533333331
ID_NnEBJ7_Mn,-367.528
ID_NnEBJ7_Zn,-3.9466831111111147
ID_NnEBJ7_Cu,-14.248079555555545
ID_NnEBJ7_B,-1.1990093333333327
ID_PZKZVC_N,-5110.3822222222225
ID_PZKZVC_P,-3.624777777777794
ID_PZKZVC_K,-1260.6813333333334
ID_PZKZVC_Ca,-7254.595111111113
ID_PZKZVC_Mg,-1582.8053333333337
ID_PZKZVC_S,-13.699813333333356
ID_PZKZVC_Fe,-321.95857777777775
ID_PZKZVC_Mn,-367.9826666666667
ID_PZKZVC_Zn,-4.941795555555561
ID_PZKZVC_Cu,-13.14622666666666
ID_PZKZVC_B,-1.1931644444444445
ID_VrHXYu_N,-5420.803555555557
ID_VrHXYu_P,22.06461866666669
ID_VrHXYu_K,-1234.7605333333336
ID_VrHXYu_Ca,-6577.019733333334
ID_VrHXYu_Mg,-1312.101688888889
ID_VrHXYu_S,-15.700586666666666
ID_VrHXYu_Fe,-318.40796444444476
ID_VrHXYu_Mn,-383.9377066666667
ID_VrHXYu_Zn,-4.81357511111111
ID_VrHXYu_Cu,-11.194033777777777
ID_VrHXYu_B,-1.2490168888888888
ID_DbJNl3_N,-5260.7702222222215
ID_DbJNl3_P,7.793443111111124
ID_DbJNl3_K,-1333.5407111111112
ID_DbJNl3_Ca,-9619.361644444445
ID_DbJNl3_Mg,-2447.3393333333333
ID_DbJNl3_S,-15.616848444444425
ID_DbJNl3_Fe,-342.69237777777795
ID_DbJNl3_Mn,-370.32186222222225
ID_DbJNl3_Zn,-6.542418666666672
ID_DbJNl3_Cu,-10.59632133333333
ID_DbJNl3_B,-1.3075395555555542
ID_FR21zD_N,-4273.696000000001
ID_FR21zD_P,19.646990666666674
ID_FR21zD_K,-1038.962266666667
ID_FR21zD_Ca,-4888.9016
ID_FR21zD_Mg,-1409.6180000000004
ID_FR21zD_S,-17.21663066666666
ID_FR21zD_Fe,-241.85586666666663
ID_FR21zD_Mn,-396.8872533333335
ID_FR21zD_Zn,-3.902705333333334
ID_FR21zD_Cu,-13.136575999999984
ID_FR21zD_B,-1.1258546666666658
ID_cQ2d0Y_N,-5191.2626666666665
ID_cQ2d0Y_P,23.406276444444472
ID_cQ2d0Y_K,-1031.921111111111
ID_cQ2d0Y_Ca,-4697.0565333333325
ID_cQ2d0Y_Mg,-1333.8373333333334
ID_cQ2d0Y_S,-23.245101777777798
ID_cQ2d0Y_Fe,-251.08453333333335
ID_cQ2d0Y_Mn,-370.47202666666675
ID_cQ2d0Y_Zn,-4.432934666666665
ID_cQ2d0Y_Cu,-13.550743999999991
ID_cQ2d0Y_B,-1.150996888888888
ID_u3rOmv_N,-5112.679111111112
ID_u3rOmv_P,22.91178666666668
ID_u3rOmv_K,-1126.9767111111112
ID_u3rOmv_Ca,-3863.135288888889
ID_u3rOmv_Mg,-1145.2565333333337
ID_u3rOmv_S,-16.618040888888864
ID_u3rOmv_Fe,-259.5133866666666
ID_u3rOmv_Mn,-379.5234133333334
ID_u3rOmv_Zn,-5.065052444444438
ID_u3rOmv_Cu,-14.058197333333327
ID_u3rOmv_B,-1.186794666666667
ID_4XiP6a_N,-4067.778666666667
ID_4XiP6a_P,22.997168000000016
ID_4XiP6a_K,-884.7610666666668
ID_4XiP6a_Ca,-4652.091733333334
ID_4XiP6a_Mg,-1415.0594666666666
ID_4XiP6a_S,-21.995846666666672
ID_4XiP6a_Fe,-237.95606666666671
ID_4XiP6a_Mn,-368.54377333333343
ID_4XiP6a_Zn,-4.3745786666666655
ID_4XiP6a_Cu,-13.113537333333323
ID_4XiP6a_B,-1.0233399999999997
ID_DoUPRn_N,-5114.623555555555
ID_DoUPRn_P,23.97243155555557
ID_DoUPRn_K,-1026.9390666666666
ID_DoUPRn_Ca,-4718.7123555555545
ID_DoUPRn_Mg,-1365.6430666666665
ID_DoUPRn_S,-23.481799111111094
ID_DoUPRn_Fe,-295.7250577777778
ID_DoUPRn_Mn,-373.7716266666668
ID_DoUPRn_Zn,-4.785092888888887
ID_DoUPRn_Cu,-11.019795111111105
ID_DoUPRn_B,-1.1420071111111103
ID_irYvsF_N,-5265.895111111113
ID_irYvsF_P,24.658339555555564
ID_irYvsF_K,-1007.1964444444445
ID_irYvsF_Ca,-4787.339377777779
ID_irYvsF_Mg,-1381.1932444444446
ID_irYvsF_S,-16.530232888888868
ID_irYvsF_Fe,-297.13742222222214
ID_irYvsF_Mn,-409.473208888889
ID_irYvsF_Zn,-4.272739555555554
ID_irYvsF_Cu,-10.69550933333333
ID_irYvsF_B,-1.1465244444444438
ID_0DyPKQ_N,-5250.1466666666665
ID_0DyPKQ_P,25.240850666666674
ID_0DyPKQ_K,-1026.2677333333334
ID_0DyPKQ_Ca,-4944.238666666666
ID_0DyPKQ_Mg,-1226.62
ID_0DyPKQ_S,-18.227784000000003
ID_0DyPKQ_Fe,-252.47101333333322
ID_0DyPKQ_Mn,-393.1847466666667
ID_0DyPKQ_Zn,-5.525517333333334
ID_0DyPKQ_Cu,-13.049485333333307
ID_0DyPKQ_B,-1.1757733333333324
ID_AOgOOP_N,-5443.227555555555
ID_AOgOOP_P,22.774028888888918
ID_AOgOOP_K,-1094.944977777778
ID_AOgOOP_Ca,-6194.286444444445
ID_AOgOOP_Mg,-1268.7041333333334
ID_AOgOOP_S,-15.642461777777772
ID_AOgOOP_Fe,-289.6004577777778
ID_AOgOOP_Mn,-363.74074222222225
ID_AOgOOP_Zn,-5.028620444444439
ID_AOgOOP_Cu,-9.08754533333334
ID_AOgOOP_B,-1.2301471111111104
ID_sEArRB_N,-4426.5093333333325
ID_sEArRB_P,24.980120000000007
ID_sEArRB_K,-862.2141333333332
ID_sEArRB_Ca,-4949.2344
ID_sEArRB_Mg,-1423.3941333333332
ID_sEArRB_S,-16.343743999999983
ID_sEArRB_Fe,-236.35090666666665
ID_sEArRB_Mn,-396.8981066666668
ID_sEArRB_Zn,-4.31341866666667
ID_sEArRB_Cu,-13.087535999999988
ID_sEArRB_B,-1.089589333333333
ID_evExtA_N,-5698.513777777778
ID_evExtA_P,25.325959111111114
ID_evExtA_K,-831.9189333333334
ID_evExtA_Ca,-4641.425777777779
ID_evExtA_Mg,-1330.0814222222225
ID_evExtA_S,-16.150279111111104
ID_evExtA_Fe,-288.89123555555557
ID_evExtA_Mn,-367.1387022222223
ID_evExtA_Zn,-6.323036444444448
ID_evExtA_Cu,-9.976469333333338
ID_evExtA_B,-1.0795733333333337
ID_lEgLQd_N,-5550.639999999999
ID_lEgLQd_P,19.24602666666669
ID_lEgLQd_K,-820.6455555555555
ID_lEgLQd_Ca,-4628.633333333334
ID_lEgLQd_Mg,-1247.426888888889
ID_lEgLQd_S,-17.28528666666668
ID_lEgLQd_Fe,-327.87460000000004
ID_lEgLQd_Mn,-401.36144444444443
ID_lEgLQd_Zn,-21.9179733333333
ID_lEgLQd_Cu,-11.046028888888898
ID_lEgLQd_B,-0.8918266666666659
ID_VSCV5c_N,-5646.157333333334
ID_VSCV5c_P,23.70073600000001
ID_VSCV5c_K,-802.3616000000001
ID_VSCV5c_Ca,-6560.221600000001
ID_VSCV5c_Mg,-1382.2983999999997
ID_VSCV5c_S,-12.711146666666686
ID_VSCV5c_Fe,-327.8503466666668
ID_VSCV5c_Mn,-410.7392266666667
ID_VSCV5c_Zn,-22.38859999999996
ID_VSCV5c_Cu,-10.73371466666667
ID_VSCV5c_B,-0.9022746666666652
ID_HcRlJ3_N,-5661.408
ID_HcRlJ3_P,22.05148533333335
ID_HcRlJ3_K,-797.4519999999999
ID_HcRlJ3_Ca,-4859.138933333333
ID_HcRlJ3_Mg,-1250.9754666666668
ID_HcRlJ3_S,-17.408048000000004
ID_HcRlJ3_Fe,-307.9241600000002
ID_HcRlJ3_Mn,-391.0187466666667
ID_HcRlJ3_Zn,-6.559877333333338
ID_HcRlJ3_Cu,-9.894927999999997
ID_HcRlJ3_B,-0.8115306666666653
ID_rfKHbW_N,-6024.383999999999
ID_rfKHbW_P,15.363586666666691
ID_rfKHbW_K,-863.3541333333333
ID_rfKHbW_Ca,-6504.189333333333
ID_rfKHbW_Mg,-1656.4506666666666
ID_rfKHbW_S,-11.176605333333338
ID_rfKHbW_Fe,-423.5358666666663
ID_rfKHbW_Mn,-380.66045333333335
ID_rfKHbW_Zn,-25.367242666666677
ID_rfKHbW_Cu,-9.075191999999989
ID_rfKHbW_B,-1.1366079999999985
ID_XeCi49_N,-5463.562666666668
ID_XeCi49_P,17.695473777777764
ID_XeCi49_K,-853.2138666666668
ID_XeCi49_Ca,-4191.862755555557
ID_XeCi49_Mg,-1279.2334222222225
ID_XeCi49_S,-16.006222222222206
ID_XeCi49_Fe,-280.6007466666667
ID_XeCi49_Mn,-430.1897244444445
ID_XeCi49_Zn,-6.287744000000008
ID_XeCi49_Cu,-10.596352000000007
ID_XeCi49_B,-0.8216248888888887
ID_29025U_N,-5903.158222222223
ID_29025U_P,18.67011022222225
ID_29025U_K,-784.1165333333333
ID_29025U_Ca,-4861.924444444444
ID_29025U_Mg,-1405.64
ID_29025U_S,-23.69069955555556
ID_29025U_Fe,-325.36773333333343
ID_29025U_Mn,-404.6420800000001
ID_29025U_Zn,-20.68759644444438
ID_29025U_Cu,-11.39929511111112
ID_29025U_B,-0.851727999999999
ID_rkMpQ9_N,-5186.017333333334
ID_rkMpQ9_P,22.423174666666686
ID_rkMpQ9_K,-719.3760000000001
ID_rkMpQ9_Ca,-4539.986666666668
ID_rkMpQ9_Mg,-1367.936266666667
ID_rkMpQ9_S,-23.20258933333332
ID_rkMpQ9_Fe,-278.0601200000001
ID_rkMpQ9_Mn,-372.10761333333346
ID_rkMpQ9_Zn,-5.741999999999996
ID_rkMpQ9_Cu,-10.181361333333346
ID_rkMpQ9_B,-1.0311346666666659
ID_IJH8dt_N,-5957.149333333334
ID_IJH8dt_P,25.355053333333345
ID_IJH8dt_K,-871.0453333333334
ID_IJH8dt_Ca,-4671.160533333333
ID_IJH8dt_Mg,-1239.2309333333335
ID_IJH8dt_S,-15.128706666666659
ID_IJH8dt_Fe,-286.8625333333333
ID_IJH8dt_Mn,-391.60800000000006
ID_IJH8dt_Zn,-20.816159999999943
ID_IJH8dt_Cu,-10.278880000000003
ID_IJH8dt_B,-0.8700506666666659
ID_adZXDg_N,-5666.003111111113
ID_adZXDg_P,20.688300444444476
ID_adZXDg_K,-1201.3352888888892
ID_adZXDg_Ca,-5934.230977777778
ID_adZXDg_Mg,-1276.945288888889
ID_adZXDg_S,-10.079379111111091
ID_adZXDg_Fe,-443.3517466666667
ID_adZXDg_Mn,-377.1919866666668
ID_adZXDg_Zn,-21.51088933333332
ID_adZXDg_Cu,-8.755294666666678
ID_adZXDg_B,-1.1278653333333328
ID_F27SKu_N,-5445.453333333333
ID_F27SKu_P,9.672660000000008
ID_F27SKu_K,-1109.9651111111114
ID_F27SKu_Ca,-6266.177111111111
ID_F27SKu_Mg,-735.5593333333334
ID_F27SKu_S,-16.28678
ID_F27SKu_Fe,-574.2383333333333
ID_F27SKu_Mn,-351.18617777777774
ID_F27SKu_Zn,-27.49199777777782
ID_F27SKu_Cu,-10.862182222222215
ID_F27SKu_B,-1.1658333333333326
ID_tY6lnZ_N,-5703.192888888891
ID_tY6lnZ_P,3.65420799999994
ID_tY6lnZ_K,-1203.2760888888888
ID_tY6lnZ_Ca,-6230.944711111113
ID_tY6lnZ_Mg,-1435.9189333333334
ID_tY6lnZ_S,-13.076152888888913
ID_tY6lnZ_Fe,-622.0543999999999
ID_tY6lnZ_Mn,-358.46044444444453
ID_tY6lnZ_Zn,-9.240163555555545
ID_tY6lnZ_Cu,-8.986140444444466
ID_tY6lnZ_B,-0.8323271111111094
ID_jgXZqI_N,-5125.072444444445
ID_jgXZqI_P,-0.11805555555557845
ID_jgXZqI_K,-620.4428
ID_jgXZqI_Ca,-3963.2009333333344
ID_jgXZqI_Mg,-481.9138222222223
ID_jgXZqI_S,-24.390303999999993
ID_jgXZqI_Fe,-618.6857555555555
ID_jgXZqI_Mn,-392.9088177777779
ID_jgXZqI_Zn,-6.395059999999994
ID_jgXZqI_Cu,-7.2120968888888815
ID_jgXZqI_B,-0.5624217777777757
ID_gdJ57B_N,-4923.245777777778
ID_gdJ57B_P,-9.055648000000062
ID_gdJ57B_K,-753.8051111111112
ID_gdJ57B_Ca,-6074.1029333333345
ID_gdJ57B_Mg,-748.9703111111112
ID_gdJ57B_S,-16.128207555555555
ID_gdJ57B_Fe,-424.52595111111094
ID_gdJ57B_Mn,-376.1881644444443
ID_gdJ57B_Zn,-5.198715555555549
ID_gdJ57B_Cu,-7.390056888888874
ID_gdJ57B_B,-0.6382791111111097
ID_oOLfuf_N,-5154.44977777778
ID_oOLfuf_P,17.843747555555588
ID_oOLfuf_K,-590.3409777777779
ID_oOLfuf_Ca,-3686.646755555556
ID_oOLfuf_Mg,-386.60373333333337
ID_oOLfuf_S,-26.3168817777778
ID_oOLfuf_Fe,-510.30453333333327
ID_oOLfuf_Mn,-423.85251555555556
ID_oOLfuf_Zn,-4.956693333333333
ID_oOLfuf_Cu,-6.9277902222222165
ID_oOLfuf_B,-0.5789902222222215
ID_ua9aYV_N,-5253.04
ID_ua9aYV_P,-12.1608266666668
ID_ua9aYV_K,-598.2113333333334
ID_ua9aYV_Ca,-3482.9973333333346
ID_ua9aYV_Mg,-401.262
ID_ua9aYV_S,-22.803113333333364
ID_ua9aYV_Fe,-373.2594666666666
ID_ua9aYV_Mn,-430.3002
ID_ua9aYV_Zn,-5.870506666666672
ID_ua9aYV_Cu,-7.240113333333322
ID_ua9aYV_B,-0.5585399999999991
ID_reN90v_N,-5388.513333333333
ID_reN90v_P,-15.887545777777945
ID_reN90v_K,-570.2737333333334
ID_reN90v_Ca,-3691.8975111111113
ID_reN90v_Mg,-480.73177777777784
ID_reN90v_S,-26.624271111111156
ID_reN90v_Fe,-282.7642266666665
ID_reN90v_Mn,-433.99019111111124
ID_reN90v_Zn,-5.351421333333326
ID_reN90v_Cu,-7.634629333333328
ID_reN90v_B,-0.5637297777777771
ID_GQavHU_N,-5752.613333333334
ID_GQavHU_P,8.206265777777816
ID_GQavHU_K,-624.4967111111113
ID_GQavHU_Ca,-3901.143111111112
ID_GQavHU_Mg,-436.3237333333334
ID_GQavHU_S,-18.703300444444437
ID_GQavHU_Fe,-400.47265777777767
ID_GQavHU_Mn,-438.6143111111112
ID_GQavHU_Zn,-4.4184773333333345
ID_GQavHU_Cu,-7.304140444444444
ID_GQavHU_B,-0.5284871111111102
ID_pAQc0A_N,-5178.416000000001
ID_pAQc0A_P,-13.992512000000161
ID_pAQc0A_K,-634.7600000000001
ID_pAQc0A_Ca,-3967.7088000000003
ID_pAQc0A_Mg,-450.184
ID_pAQc0A_S,-19.10400000000002
ID_pAQc0A_Fe,-426.47392
ID_pAQc0A_Mn,-460.44175999999993
ID_pAQc0A_Zn,-6.075391999999999
ID_pAQc0A_Cu,-7.802559999999988
ID_pAQc0A_B,-0.5666559999999993
ID_X2W8Ce_N,-5741.696000000001
ID_X2W8Ce_P,22.076368000000006
ID_X2W8Ce_K,-911.1680000000001
ID_X2W8Ce_Ca,-6205.0464
ID_X2W8Ce_Mg,-1327.3024
ID_X2W8Ce_S,-10.87992000000002
ID_X2W8Ce_Fe,-406.11759999999987
ID_X2W8Ce_Mn,-294.86335999999994
ID_X2W8Ce_Zn,-20.249935999999945
ID_X2W8Ce_Cu,-3.4652799999999977
ID_X2W8Ce_B,-0.8179360000000002
ID_RxoWBQ_N,-5737.82488888889
ID_RxoWBQ_P,24.682831111111124
ID_RxoWBQ_K,-827.5304888888888
ID_RxoWBQ_Ca,-5962.91328888889
ID_RxoWBQ_Mg,-946.6159555555556
ID_RxoWBQ_S,-8.48346177777779
ID_RxoWBQ_Fe,-562.604457777778
ID_RxoWBQ_Mn,-240.52405333333317
ID_RxoWBQ_Zn,-7.167087555555556
ID_RxoWBQ_Cu,-6.136302222222225
ID_RxoWBQ_B,-0.5746497777777769
ID_8WdU9Z_N,-5449.578666666667
ID_8WdU9Z_P,23.873112888888908
ID_8WdU9Z_K,-684.0657777777778
ID_8WdU9Z_Ca,-5727.131377777779
ID_8WdU9Z_Mg,-1091.890133333333
ID_8WdU9Z_S,-11.574165333333369
ID_8WdU9Z_Fe,-463.55168000000003
ID_8WdU9Z_Mn,-251.3183644444442
ID_8WdU9Z_Zn,-6.363096888888878
ID_8WdU9Z_Cu,-2.7115839999999953
ID_8WdU9Z_B,-0.48945777777777716
ID_TPCAlF_N,-5438.120444444446
ID_TPCAlF_P,15.959880444444458
ID_TPCAlF_K,-618.5244
ID_TPCAlF_Ca,-4060.419244444445
ID_TPCAlF_Mg,-535.1203555555556
ID_TPCAlF_S,-17.19552888888889
ID_TPCAlF_Fe,-414.9177644444445
ID_TPCAlF_Mn,-333.81676888888893
ID_TPCAlF_Zn,-7.042955999999988
ID_TPCAlF_Cu,-3.4646768888888886
ID_TPCAlF_B,-0.4868000000000004
ID_5dxHoO_N,-5197.5453333333335
ID_5dxHoO_P,18.501857333333362
ID_5dxHoO_K,-642.7078666666669
ID_5dxHoO_Ca,-4081.0904888888895
ID_5dxHoO_Mg,-526.066088888889
ID_5dxHoO_S,-19.05138711111114
ID_5dxHoO_Fe,-433.9593377777778
ID_5dxHoO_Mn,-341.89148888888883
ID_5dxHoO_Zn,-5.717612888888883
ID_5dxHoO_Cu,-4.742302222222221
ID_5dxHoO_B,-0.5125724444444437
ID_zvDAa4_N,-5826.8386666666665
ID_zvDAa4_P,23.220394666666678
ID_zvDAa4_K,-888.2921333333334
ID_zvDAa4_Ca,-6443.3675555555565
ID_zvDAa4_Mg,-1163.9922222222224
ID_zvDAa4_S,-8.89089155555559
ID_zvDAa4_Fe,-418.97450222222227
ID_zvDAa4_Mn,-285.9841777777777
ID_zvDAa4_Zn,-21.775541333333305
ID_zvDAa4_Cu,-4.939131999999993
ID_zvDAa4_B,-0.8285271111111111
ID_kBvivF_N,-5743.237333333334
ID_kBvivF_P,20.379196
ID_kBvivF_K,-821.9301333333335
ID_kBvivF_Ca,-6414.781600000001
ID_kBvivF_Mg,-1159.211866666667
ID_kBvivF_S,-8.211866666666708
ID_kBvivF_Fe,-396.26426666666674
ID_kBvivF_Mn,-304.01873333333316
ID_kBvivF_Zn,-10.066017333333349
ID_kBvivF_Cu,-6.054134666666674
ID_kBvivF_B,-0.5124933333333326
ID_SIVRTu_N,-5913.536000000001
ID_SIVRTu_P,18.776454666666666
ID_SIVRTu_K,-892.536
ID_SIVRTu_Ca,-6682.010400000001
ID_SIVRTu_Mg,-1165.8225333333337
ID_SIVRTu_S,-8.588576000000032
ID_SIVRTu_Fe,-462.77842666666675
ID_SIVRTu_Mn,-270.1859333333334
ID_SIVRTu_Zn,-24.411509333333328
ID_SIVRTu_Cu,-9.251378666666664
ID_SIVRTu_B,-0.6253186666666665
ID_SRewCF_N,-5789.5955555555565
ID_SRewCF_P,19.84799999999998
ID_SRewCF_K,-939.5448888888892
ID_SRewCF_Ca,-6399.484444444445
ID_SRewCF_Mg,-1372.7835555555557
ID_SRewCF_S,-10.321933333333362
ID_SRewCF_Fe,-368.6582222222222
ID_SRewCF_Mn,-292.14133333333325
ID_SRewCF_Zn,-17.994444444444397
ID_SRewCF_Cu,-6.437742222222228
ID_SRewCF_B,-0.7066711111111111
ID_I7Cd5y_N,-5991.001333333333
ID_I7Cd5y_P,15.986395111111108
ID_I7Cd5y_K,-1054.5864
ID_I7Cd5y_Ca,-6630.581955555556
ID_I7Cd5y_Mg,-1171.8154222222222
ID_I7Cd5y_S,-16.127608444444515
ID_I7Cd5y_Fe,-419.6413599999998
ID_I7Cd5y_Mn,-283.2174444444443
ID_I7Cd5y_Zn,-11.481221777777762
ID_I7Cd5y_Cu,-5.802660444444448
ID_I7Cd5y_B,-0.9296675555555572
ID_beEtHf_N,-5624.192000000001
ID_beEtHf_P,23.33454400000001
ID_beEtHf_K,-844.4528
ID_beEtHf_Ca,-6093.019200000001
ID_beEtHf_Mg,-1053.2704
ID_beEtHf_S,-8.904000000000021
ID_beEtHf_Fe,-392.72655999999995
ID_beEtHf_Mn,-253.41487999999987
ID_beEtHf_Zn,-19.41737599999993
ID_beEtHf_Cu,-3.356607999999998
ID_beEtHf_B,-0.5429919999999998
ID_TQp5AF_N,-5240.346222222223
ID_TQp5AF_P,14.195166666666669
ID_TQp5AF_K,-577.8020000000001
ID_TQp5AF_Ca,-4096.980711111111
ID_TQp5AF_Mg,-526.1820444444446
ID_TQp5AF_S,-17.7509457777778
ID_TQp5AF_Fe,-412.0497511111111
ID_TQp5AF_Mn,-318.7924133333334
ID_TQp5AF_Zn,-6.529129777777771
ID_TQp5AF_Cu,-4.046092888888888
ID_TQp5AF_B,-0.5167746666666668
ID_c1QiXO_N,-5469.948444444445
ID_c1QiXO_P,17.56721866666667
ID_c1QiXO_K,-614.2419111111112
ID_c1QiXO_Ca,-4155.728844444445
ID_c1QiXO_Mg,-534.8393777777778
ID_c1QiXO_S,-16.575004000000025
ID_c1QiXO_Fe,-423.09034222222226
ID_c1QiXO_Mn,-316.71297333333325
ID_c1QiXO_Zn,-6.81943333333332
ID_c1QiXO_Cu,-3.577649333333331
ID_c1QiXO_B,-0.5245866666666668
ID_xokvcV_N,-5442.362222222222
ID_xokvcV_P,19.96926711111115
ID_xokvcV_K,-620.7922222222223
ID_xokvcV_Ca,-4002.9871555555555
ID_xokvcV_Mg,-520.7131555555555
ID_xokvcV_S,-18.2761968888889
ID_xokvcV_Fe,-423.63808888888883
ID_xokvcV_Mn,-364.5456133333333
ID_xokvcV_Zn,-21.939555111111122
ID_xokvcV_Cu,-3.9144591111111087
ID_xokvcV_B,-0.5246213333333333
ID_TBodsG_N,-5442.9328888888895
ID_TBodsG_P,25.68054666666668
ID_TBodsG_K,-640.6752000000001
ID_TBodsG_Ca,-4032.6237777777787
ID_TBodsG_Mg,-559.3092444444445
ID_TBodsG_S,-16.499426222222255
ID_TBodsG_Fe,-426.85141777777784
ID_TBodsG_Mn,-317.9278533333333
ID_TBodsG_Zn,-7.360400888888876
ID_TBodsG_Cu,-3.23294044444445
ID_TBodsG_B,-0.49589777777777827
ID_dibrcU_N,-5313.771555555555
ID_dibrcU_P,13.110820000000004
ID_dibrcU_K,-586.9250222222222
ID_dibrcU_Ca,-3951.526977777778
ID_dibrcU_Mg,-494.51182222222224
ID_dibrcU_S,-17.22723422222225
ID_dibrcU_Fe,-397.9354311111112
ID_dibrcU_Mn,-329.5048799999999
ID_dibrcU_Zn,-7.693968888888879
ID_dibrcU_Cu,-3.5508479999999993
ID_dibrcU_B,-0.521245333333333
ID_l0ackL_N,-5656.509333333334
ID_l0ackL_P,16.64708000000001
ID_l0ackL_K,-694.6698666666667
ID_l0ackL_Ca,-6325.547466666667
ID_l0ackL_Mg,-757.2636000000001
ID_l0ackL_S,-8.570865333333352
ID_l0ackL_Fe,-435.5873733333333
ID_l0ackL_Mn,-358.61790666666656
ID_l0ackL_Zn,-7.7521359999999895
ID_l0ackL_Cu,-3.57927866666667
ID_l0ackL_B,-0.5955706666666666
ID_ypQvGZ_N,-5394.664000000001
ID_ypQvGZ_P,-7.182006666666723
ID_ypQvGZ_K,-570.1217777777779
ID_ypQvGZ_Ca,-3900.709422222223
ID_ypQvGZ_Mg,-506.37040000000013
ID_ypQvGZ_S,-16.15550444444446
ID_ypQvGZ_Fe,-387.65803111111126
ID_ypQvGZ_Mn,-415.9669600000001
ID_ypQvGZ_Zn,-6.998455555555549
ID_ypQvGZ_Cu,-3.1347857777777848
ID_ypQvGZ_B,-0.5437862222222215
ID_RoI2jL_N,-4945.4800000000005
ID_RoI2jL_P,-4.0809160000001015
ID_RoI2jL_K,-481.3900000000001
ID_RoI2jL_Ca,-3580.1688000000004
ID_RoI2jL_Mg,-437.9004
ID_RoI2jL_S,-13.817176000000014
ID_RoI2jL_Fe,-372.2848000000001
ID_RoI2jL_Mn,-382.95792
ID_RoI2jL_Zn,-6.662352000000001
ID_RoI2jL_Cu,-2.896280000000005
ID_RoI2jL_B,-0.5050239999999993
ID_88wMJ3_N,-5152.7733333333335
ID_88wMJ3_P,-13.599912000000167
ID_88wMJ3_K,-468.7258666666668
ID_88wMJ3_Ca,-3691.5882666666676
ID_88wMJ3_Mg,-469.67733333333337
ID_88wMJ3_S,-15.27144533333335
ID_88wMJ3_Fe,-370.7769333333333
ID_88wMJ3_Mn,-393.53669333333335
ID_88wMJ3_Zn,-7.270082666666658
ID_88wMJ3_Cu,-2.9059680000000045
ID_88wMJ3_B,-0.5121439999999997
ID_A6s2Vl_N,-5395.472000000001
ID_A6s2Vl_P,-6.778352000000083
ID_A6s2Vl_K,-520.3472
ID_A6s2Vl_Ca,-3945.1296
ID_A6s2Vl_Mg,-484.49440000000004
ID_A6s2Vl_S,-13.864463999999987
ID_A6s2Vl_Fe,-593.8052800000002
ID_A6s2Vl_Mn,-402.07664
ID_A6s2Vl_Zn,-7.442047999999986
ID_A6s2Vl_Cu,-2.9897440000000057
ID_A6s2Vl_B,-0.5334879999999995
ID_OdmxBm_N,-5667.617777777778
ID_OdmxBm_P,-8.559524444444513
ID_OdmxBm_K,-586.7088888888889
ID_OdmxBm_Ca,-4130.25288888889
ID_OdmxBm_Mg,-492.97422222222235
ID_OdmxBm_S,-11.27306666666665
ID_OdmxBm_Fe,-658.5913333333335
ID_OdmxBm_Mn,-386.9652444444444
ID_OdmxBm_Zn,-8.208893333333315
ID_OdmxBm_Cu,-2.0368133333333343
ID_OdmxBm_B,-0.5361466666666665
ID_Dq29Nh_N,-5332.256000000001
ID_Dq29Nh_P,11.067615999999997
ID_Dq29Nh_K,-616.6064000000001
ID_Dq29Nh_Ca,-5062.156800000001
ID_Dq29Nh_Mg,-515.8624000000001
ID_Dq29Nh_S,-11.643935999999986
ID_Dq29Nh_Fe,-599.7328000000001
ID_Dq29Nh_Mn,-406.78208000000006
ID_Dq29Nh_Zn,-7.342975999999998
ID_Dq29Nh_Cu,-2.5327359999999994
ID_Dq29Nh_B,-0.5587839999999996
ID_2pmlR2_N,-5623.293333333334
ID_2pmlR2_P,10.582691555555567
ID_2pmlR2_K,-603.5228444444446
ID_2pmlR2_Ca,-3862.9077333333335
ID_2pmlR2_Mg,-440.8181333333333
ID_2pmlR2_S,-17.538902222222237
ID_2pmlR2_Fe,-414.76051555555534
ID_2pmlR2_Mn,-402.60964444444454
ID_2pmlR2_Zn,-6.209735999999998
ID_2pmlR2_Cu,-2.8452151111111155
ID_2pmlR2_B,-0.5291466666666661
ID_62zkwo_N,-5760.413777777778
ID_62zkwo_P,18.9872448888889
ID_62zkwo_K,-611.2002666666668
ID_62zkwo_Ca,-4212.05088888889
ID_62zkwo_Mg,-484.9656444444445
ID_62zkwo_S,-12.454493333333328
ID_62zkwo_Fe,-428.6019377777778
ID_62zkwo_Mn,-375.7187911111112
ID_62zkwo_Zn,-8.647396888888885
ID_62zkwo_Cu,-2.9524577777777865
ID_62zkwo_B,-0.5378417777777776
ID_AicXgY_N,-5089.995555555557
ID_AicXgY_P,-15.206920000000174
ID_AicXgY_K,-488.2655111111112
ID_AicXgY_Ca,-3528.046666666667
ID_AicXgY_Mg,-461.28791111111116
ID_AicXgY_S,-16.105876444444476
ID_AicXgY_Fe,-505.99118222222233
ID_AicXgY_Mn,-386.0863644444445
ID_AicXgY_Zn,-6.301743999999995
ID_AicXgY_Cu,-2.9335955555555624
ID_AicXgY_B,-0.5152017777777771
ID_zqYQy7_N,-5333.68
ID_zqYQy7_P,-12.481520000000138
ID_zqYQy7_K,-900.6113333333335
ID_zqYQy7_Ca,-5088.5453333333335
ID_zqYQy7_Mg,-839.532
ID_zqYQy7_S,-7.05255333333335
ID_zqYQy7_Fe,-408.69860000000006
ID_zqYQy7_Mn,-436.9021333333334
ID_zqYQy7_Zn,-7.835173333333326
ID_zqYQy7_Cu,-2.880840000000007
ID_zqYQy7_B,-0.5751999999999998
ID_lLf4Dt_N,-5139.320888888889
ID_lLf4Dt_P,-7.21579200000005
ID_lLf4Dt_K,-477.28862222222233
ID_lLf4Dt_Ca,-3536.423022222223
ID_lLf4Dt_Mg,-449.4394666666667
ID_lLf4Dt_S,-16.036811555555552
ID_lLf4Dt_Fe,-448.29656000000006
ID_lLf4Dt_Mn,-391.2332533333334
ID_lLf4Dt_Zn,-6.244927999999992
ID_lLf4Dt_Cu,-1.9956604444444432
ID_lLf4Dt_B,-0.5152488888888879
ID_DEJNou_N,-4978.990222222223
ID_DEJNou_P,-14.299925333333505
ID_DEJNou_K,-481.9683555555556
ID_DEJNou_Ca,-3456.155022222222
ID_DEJNou_Mg,-446.664888888889
ID_DEJNou_S,-16.612064000000046
ID_DEJNou_Fe,-401.36231466666686
ID_DEJNou_Mn,-407.30727111111116
ID_DEJNou_Zn,-6.117934222222227
ID_DEJNou_Cu,-2.9453760000000067
ID_DEJNou_B,-0.48303288888888835
ID_ND4cEs_N,-4828.488888888889
ID_ND4cEs_P,-3.10746666666671
ID_ND4cEs_K,-536.7733333333334
ID_ND4cEs_Ca,-5478.857777777779
ID_ND4cEs_Mg,-586.9822222222223
ID_ND4cEs_S,-8.962888888888887
ID_ND4cEs_Fe,-379.7368888888888
ID_ND4cEs_Mn,-391.86044444444445
ID_ND4cEs_Zn,-6.620844444444435
ID_ND4cEs_Cu,-2.896311111111115
ID_ND4cEs_B,-0.5019555555555555
ID_O3Sfpw_N,-4969.422222222223
ID_O3Sfpw_P,-10.114364444444504
ID_O3Sfpw_K,-477.1011555555556
ID_O3Sfpw_Ca,-3489.786311111111
ID_O3Sfpw_Mg,-443.0826666666668
ID_O3Sfpw_S,-15.747200000000035
ID_O3Sfpw_Fe,-406.35399111111104
ID_O3Sfpw_Mn,-407.65116444444453
ID_O3Sfpw_Zn,-6.4271608888888805
ID_O3Sfpw_Cu,-2.2800533333333375
ID_O3Sfpw_B,-0.49620622222222194
ID_meeX0o_N,-4880.556888888889
ID_meeX0o_P,20.971510222222253
ID_meeX0o_K,-493.21146666666675
ID_meeX0o_Ca,-3713.023644444445
ID_meeX0o_Mg,-432.9076444444445
ID_meeX0o_S,-13.475476888888888
ID_meeX0o_Fe,-508.41551555555543
ID_meeX0o_Mn,-393.2257288888889
ID_meeX0o_Zn,-6.691097777777763
ID_meeX0o_Cu,-2.9449155555555615
ID_meeX0o_B,-0.5142839999999991
ID_erj808_N,-5287.277333333333
ID_erj808_P,12.375498666666708
ID_erj808_K,-459.8178666666667
ID_erj808_Ca,-3544.1008
ID_erj808_Mg,-450.932
ID_erj808_S,-16.379618666666666
ID_erj808_Fe,-424.49784
ID_erj808_Mn,-400.99448
ID_erj808_Zn,-5.000741333333325
ID_erj808_Cu,-3.033490666666674
ID_erj808_B,-0.526423999999999
ID_VSkXul_N,-5424.017777777778
ID_VSkXul_P,11.804213333333387
ID_VSkXul_K,-489.6828444444444
ID_VSkXul_Ca,-3715.7852444444443
ID_VSkXul_Mg,-448.5923555555556
ID_VSkXul_S,-17.0024568888889
ID_VSkXul_Fe,-430.77457777777784
ID_VSkXul_Mn,-407.63082666666674
ID_VSkXul_Zn,-7.192554666666654
ID_VSkXul_Cu,-2.950691555555561
ID_VSkXul_B,-0.5201955555555547
ID_ZdZ9My_N,-5156.444
ID_ZdZ9My_P,21.82224444444446
ID_ZdZ9My_K,-570.0567555555557
ID_ZdZ9My_Ca,-3739.117555555555
ID_ZdZ9My_Mg,-455.09622222222225
ID_ZdZ9My_S,-14.82043777777778
ID_ZdZ9My_Fe,-387.93867555555556
ID_ZdZ9My_Mn,-400.15657333333337
ID_ZdZ9My_Zn,-5.746231555555545
ID_ZdZ9My_Cu,-2.733937777777784
ID_ZdZ9My_B,-0.5149124444444441
ID_VIClH0_N,-5487.34
ID_VIClH0_P,13.773388888888892
ID_VIClH0_K,-635.1844444444446
ID_VIClH0_Ca,-4253.945111111111
ID_VIClH0_Mg,-551.4655111111113
ID_VIClH0_S,-17.76228044444448
ID_VIClH0_Fe,-437.5442266666668
ID_VIClH0_Mn,-323.94185333333337
ID_VIClH0_Zn,-8.369074222222215
ID_VIClH0_Cu,-4.0507577777777755
ID_VIClH0_B,-0.5448848888888885
ID_F4bzTF_N,-5079.206666666667
ID_F4bzTF_P,21.746473333333345
ID_F4bzTF_K,-561.5826666666667
ID_F4bzTF_Ca,-4247.943333333334
ID_F4bzTF_Mg,-479.1486666666667
ID_F4bzTF_S,-11.201359999999994
ID_F4bzTF_Fe,-302.8292000000001
ID_F4bzTF_Mn,-405.44693333333333
ID_F4bzTF_Zn,-7.097466666666665
ID_F4bzTF_Cu,-3.1365733333333403
ID_F4bzTF_B,-0.5557400000000001
ID_SU94rt_N,-5218.837333333333
ID_SU94rt_P,17.053856000000003
ID_SU94rt_K,-850.7939555555557
ID_SU94rt_Ca,-4042.511644444445
ID_SU94rt_Mg,-789.9296
ID_SU94rt_S,-6.687089777777786
ID_SU94rt_Fe,-320.8960355555555
ID_SU94rt_Mn,-391.4632177777778
ID_SU94rt_Zn,-8.11242311111111
ID_SU94rt_Cu,-3.0399466666666726
ID_SU94rt_B,-0.5928106666666675
ID_ZmqvoY_N,-5026.893333333333
ID_ZmqvoY_P,24.48823333333334
ID_ZmqvoY_K,-641.686
ID_ZmqvoY_Ca,-4215.766666666667
ID_ZmqvoY_Mg,-473.586
ID_ZmqvoY_S,-10.682799999999986
ID_ZmqvoY_Fe,-389.30626666666666
ID_ZmqvoY_Mn,-398.90846666666664
ID_ZmqvoY_Zn,-6.536533333333328
ID_ZmqvoY_Cu,-2.8856000000000077
ID_ZmqvoY_B,-0.5454266666666658
ID_DqMf8F_N,-5225.8417777777795
ID_DqMf8F_P,17.481065333333344
ID_DqMf8F_K,-551.2564888888891
ID_DqMf8F_Ca,-4022.3422666666665
ID_DqMf8F_Mg,-546.3693777777778
ID_DqMf8F_S,-18.401981333333364
ID_DqMf8F_Fe,-431.24364888888897
ID_DqMf8F_Mn,-261.1018177777777
ID_DqMf8F_Zn,-8.04776888888889
ID_DqMf8F_Cu,-3.3464555555555577
ID_DqMf8F_B,-0.5084048888888889
ID_nIlsNr_N,-5285.60088888889
ID_nIlsNr_P,11.465082666666664
ID_nIlsNr_K,-973.1519111111113
ID_nIlsNr_Ca,-4210.7008
ID_nIlsNr_Mg,-814.1784
ID_nIlsNr_S,-6.624247111111114
ID_nIlsNr_Fe,-310.407048888889
ID_nIlsNr_Mn,-407.84839999999997
ID_nIlsNr_Zn,-8.490950222222216
ID_nIlsNr_Cu,-3.0736568888888933
ID_nIlsNr_B,-0.6530488888888889
ID_82Jhal_N,-5838.325777777776
ID_82Jhal_P,18.950862222222234
ID_82Jhal_K,-685.2521777777778
ID_82Jhal_Ca,-4539.5998222222215
ID_82Jhal_Mg,-924.5011111111112
ID_82Jhal_S,-12.566903111111117
ID_82Jhal_Fe,-400.1697022222222
ID_82Jhal_Mn,-285.92291555555545
ID_82Jhal_Zn,-6.198245777777776
ID_82Jhal_Cu,-3.7759426666666664
ID_82Jhal_B,-0.558274222222222
ID_9HDncr_N,-5534.815555555557
ID_9HDncr_P,15.602554222222224
ID_9HDncr_K,-587.6556000000002
ID_9HDncr_Ca,-4071.324088888889
ID_9HDncr_Mg,-532.7029777777778
ID_9HDncr_S,-16.91304933333336
ID_9HDncr_Fe,-428.66968888888886
ID_9HDncr_Mn,-390.70604888888886
ID_9HDncr_Zn,-6.7005022222222195
ID_9HDncr_Cu,-4.243033777777773
ID_9HDncr_B,-0.5303031111111112
ID_K6ALMT_N,-5491.146666666667
ID_K6ALMT_P,-5.167413333333286
ID_K6ALMT_K,-1248.2186666666666
ID_K6ALMT_Ca,-10094.677333333333
ID_K6ALMT_Mg,-2610.7573333333335
ID_K6ALMT_S,-11.654400000000017
ID_K6ALMT_Fe,-432.6117333333332
ID_K6ALMT_Mn,-376.82133333333326
ID_K6ALMT_Zn,-20.816213333333327
ID_K6ALMT_Cu,-8.570133333333333
ID_K6ALMT_B,-1.2271466666666682
ID_5xYRZQ_N,-5670.140444444446
ID_5xYRZQ_P,12.501760000000022
ID_5xYRZQ_K,-1084.8298666666667
ID_5xYRZQ_Ca,-7745.000533333336
ID_5xYRZQ_Mg,-1705.3212444444446
ID_5xYRZQ_S,-8.000860444444463
ID_5xYRZQ_Fe,-381.6745244444443
ID_5xYRZQ_Mn,-335.1773866666667
ID_5xYRZQ_Zn,-25.654634666666695
ID_5xYRZQ_Cu,-9.525432888888888
ID_5xYRZQ_B,-1.1052088888888896
ID_k3lBci_N,-5458.357333333334
ID_k3lBci_P,-14.815473777777903
ID_k3lBci_K,-1030.7876444444446
ID_k3lBci_Ca,-5478.069777777779
ID_k3lBci_Mg,-866.5800888888889
ID_k3lBci_S,-8.7581448888889
ID_k3lBci_Fe,-432.63494222222226
ID_k3lBci_Mn,-425.79679111111125
ID_k3lBci_Zn,-8.868168888888878
ID_k3lBci_Cu,-2.5106319999999998
ID_k3lBci_B,-0.6929048888888885
ID_vARPIX_N,-5504.247111111112
ID_vARPIX_P,-5.016660888888929
ID_vARPIX_K,-1235.997288888889
ID_vARPIX_Ca,-5871.999244444446
ID_vARPIX_Mg,-902.7361777777778
ID_vARPIX_S,-9.73663466666667
ID_vARPIX_Fe,-448.72423555555554
ID_vARPIX_Mn,-448.78560888888893
ID_vARPIX_Zn,-10.391532888888888
ID_vARPIX_Cu,-2.891579111111109
ID_vARPIX_B,-0.8106995555555556
ID_oZ5y3h_N,-5789.265333333333
ID_oZ5y3h_P,-20.133436000000053
ID_oZ5y3h_K,-1077.027866666667
ID_oZ5y3h_Ca,-6563.294666666668
ID_oZ5y3h_Mg,-922.4562666666669
ID_oZ5y3h_S,-12.972089333333358
ID_oZ5y3h_Fe,-403.81769333333335
ID_oZ5y3h_Mn,-402.88026666666667
ID_oZ5y3h_Zn,-11.605118666666668
ID_oZ5y3h_Cu,-1.595683999999999
ID_oZ5y3h_B,-0.8151040000000014
ID_H6LcpA_N,-4139.6613333333335
ID_H6LcpA_P,-9.876869333333246
ID_H6LcpA_K,-1188.001688888889
ID_H6LcpA_Ca,-14025.25902222222
ID_H6LcpA_Mg,-3402.2629333333334
ID_H6LcpA_S,-12.175525333333365
ID_H6LcpA_Fe,-373.5725688888888
ID_H6LcpA_Mn,-282.65210666666655
ID_H6LcpA_Zn,-7.250543111111109
ID_H6LcpA_Cu,-8.198558222222214
ID_H6LcpA_B,-1.144787555555556
ID_JHUVw9_N,-5228.790222222223
ID_JHUVw9_P,-5.362055555555635
ID_JHUVw9_K,-563.540088888889
ID_JHUVw9_Ca,-3849.9914222222233
ID_JHUVw9_Mg,-457.43573333333336
ID_JHUVw9_S,-12.963242666666659
ID_JHUVw9_Fe,-440.8855377777778
ID_JHUVw9_Mn,-404.5655155555557
ID_JHUVw9_Zn,-14.66108222222221
ID_JHUVw9_Cu,-2.1918066666666642
ID_JHUVw9_B,-0.5615719999999994
ID_jE0AcJ_N,-5072.517333333334
ID_jE0AcJ_P,-21.899665777778004
ID_jE0AcJ_K,-1077.9223111111114
ID_jE0AcJ_Ca,-6026.202844444445
ID_jE0AcJ_Mg,-864.0078222222223
ID_jE0AcJ_S,-7.338168888888909
ID_jE0AcJ_Fe,-464.1975022222224
ID_jE0AcJ_Mn,-446.1907200000001
ID_jE0AcJ_Zn,-9.073667555555549
ID_jE0AcJ_Cu,-2.159748444444443
ID_jE0AcJ_B,-0.8064426666666664
ID_1qckjJ_N,-5473.845333333334
ID_1qckjJ_P,18.314659555555558
ID_1qckjJ_K,-846.1624888888888
ID_1qckjJ_Ca,-4286.310755555556
ID_1qckjJ_Mg,-860.3861333333334
ID_1qckjJ_S,-6.530627555555558
ID_1qckjJ_Fe,-486.1025777777778
ID_1qckjJ_Mn,-238.25735111111103
ID_1qckjJ_Zn,-7.813966222222206
ID_1qckjJ_Cu,-2.5677866666666618
ID_1qckjJ_B,-0.5105813333333326
ID_iPS9tT_N,-5167.866666666668
ID_iPS9tT_P,21.42084444444446
ID_iPS9tT_K,-687.0711111111112
ID_iPS9tT_Ca,-5431.875555555555
ID_iPS9tT_Mg,-666.5733333333334
ID_iPS9tT_S,-9.594622222222252
ID_iPS9tT_Fe,-505.73244444444447
ID_iPS9tT_Mn,-265.65822222222204
ID_iPS9tT_Zn,-6.724711111111108
ID_iPS9tT_Cu,-4.811111111111109
ID_iPS9tT_B,-0.4558666666666667
ID_3MEIJB_N,-5745.5560000000005
ID_3MEIJB_P,-14.338890666666657
ID_3MEIJB_K,-1121.1861333333334
ID_3MEIJB_Ca,-7647.789333333334
ID_3MEIJB_Mg,-1521.6934666666668
ID_3MEIJB_S,-15.09411333333334
ID_3MEIJB_Fe,-414.92459999999994
ID_3MEIJB_Mn,-303.1031066666667
ID_3MEIJB_Zn,-17.906563999999964
ID_3MEIJB_Cu,-8.48533066666667
ID_3MEIJB_B,-1.1156426666666683
ID_dhxzDx_N,-5573.946666666667
ID_dhxzDx_P,21.52019555555557
ID_dhxzDx_K,-873.153777777778
ID_dhxzDx_Ca,-6509.122666666668
ID_dhxzDx_Mg,-1169.3275555555558
ID_dhxzDx_S,-7.6156400000000275
ID_dhxzDx_Fe,-417.9548444444443
ID_dhxzDx_Mn,-290.8316
ID_dhxzDx_Zn,-28.08794666666673
ID_dhxzDx_Cu,-6.708537777777788
ID_dhxzDx_B,-0.813786666666668
ID_OakYUi_N,-5210.196000000001
ID_OakYUi_P,-14.44445333333347
ID_OakYUi_K,-950.870577777778
ID_OakYUi_Ca,-5646.6736
ID_OakYUi_Mg,-838.3081777777778
ID_OakYUi_S,-8.007002666666683
ID_OakYUi_Fe,-397.5562444444444
ID_OakYUi_Mn,-424.5640533333334
ID_OakYUi_Zn,-8.806327555555544
ID_OakYUi_Cu,-1.812218222222221
ID_OakYUi_B,-0.5866337777777778
ID_oVw6i9_N,-5570.286666666667
ID_oVw6i9_P,-5.029404444444516
ID_oVw6i9_K,-874.6770666666667
ID_oVw6i9_Ca,-4971.6320000000005
ID_oVw6i9_Mg,-892.1791111111112
ID_oVw6i9_S,-9.356819555555564
ID_oVw6i9_Fe,-493.7758755555555
ID_oVw6i9_Mn,-432.9718755555556
ID_oVw6i9_Zn,-8.5495751111111
ID_oVw6i9_Cu,-2.6100577777777794
ID_oVw6i9_B,-0.5505866666666668
ID_QPuDvR_N,-5819.9946666666665
ID_QPuDvR_P,-11.515130666666721
ID_QPuDvR_K,-1105.8144
ID_QPuDvR_Ca,-9671.818666666666
ID_QPuDvR_Mg,-1771.9757333333332
ID_QPuDvR_S,-10.34876266666669
ID_QPuDvR_Fe,-471.66919999999993
ID_QPuDvR_Mn,-336.9989599999999
ID_QPuDvR_Zn,-24.386335999999968
ID_QPuDvR_Cu,-10.586730666666664
ID_QPuDvR_B,-0.9042000000000012
ID_totEmh_N,-5660.286666666668
ID_totEmh_P,-22.553695111111324
ID_totEmh_K,-1120.7334222222223
ID_totEmh_Ca,-6190.695866666669
ID_totEmh_Mg,-849.5684000000001
ID_totEmh_S,-10.626995111111114
ID_totEmh_Fe,-500.83108000000004
ID_totEmh_Mn,-429.950408888889
ID_totEmh_Zn,-12.041647555555537
ID_totEmh_Cu,-2.1253333333333293
ID_totEmh_B,-1.5381413333333402
ID_GnqDAG_N,-5877.22088888889
ID_GnqDAG_P,18.536785777777794
ID_GnqDAG_K,-958.4396888888891
ID_GnqDAG_Ca,-6645.758755555556
ID_GnqDAG_Mg,-1287.4335111111113
ID_GnqDAG_S,-6.93610977777778
ID_GnqDAG_Fe,-426.64616444444437
ID_GnqDAG_Mn,-254.64255999999975
ID_GnqDAG_Zn,-20.04956266666662
ID_GnqDAG_Cu,-6.964545777777786
ID_GnqDAG_B,-0.8949444444444452
ID_d2CEsT_N,-5834.622222222223
ID_d2CEsT_P,19.26064888888891
ID_d2CEsT_K,-848.9635555555557
ID_d2CEsT_Ca,-6562.944444444445
ID_d2CEsT_Mg,-1049.3053333333335
ID_d2CEsT_S,-7.663795555555556
ID_d2CEsT_Fe,-462.43053333333347
ID_d2CEsT_Mn,-266.293288888889
ID_d2CEsT_Zn,-22.562475555555544
ID_d2CEsT_Cu,-9.598311111111107
ID_d2CEsT_B,-0.5336533333333329
ID_8ksI5L_N,-5141.953777777778
ID_8ksI5L_P,-8.791572000000073
ID_8ksI5L_K,-1095.1351111111114
ID_8ksI5L_Ca,-6146.900977777778
ID_8ksI5L_Mg,-875.3682222222222
ID_8ksI5L_S,-11.196744000000024
ID_8ksI5L_Fe,-440.00671111111126
ID_8ksI5L_Mn,-464.91589333333343
ID_8ksI5L_Zn,-10.657522666666647
ID_8ksI5L_Cu,-2.440236888888891
ID_8ksI5L_B,-0.8222715555555554
ID_TcPf6e_N,-5483.552000000001
ID_TcPf6e_P,-5.862752000000079
ID_TcPf6e_K,-1062.5983999999999
ID_TcPf6e_Ca,-5926.252800000001
ID_TcPf6e_Mg,-895.4512000000001
ID_TcPf6e_S,-9.829248000000014
ID_TcPf6e_Fe,-448.40992000000006
ID_TcPf6e_Mn,-444.3852800000001
ID_TcPf6e_Zn,-10.210783999999995
ID_TcPf6e_Cu,-2.7852159999999984
ID_TcPf6e_B,-0.6878559999999996
ID_d6ck3t_N,-5842.728444444445
ID_d6ck3t_P,11.37960355555559
ID_d6ck3t_K,-1049.878577777778
ID_d6ck3t_Ca,-6733.031422222222
ID_d6ck3t_Mg,-1474.6955111111113
ID_d6ck3t_S,-7.3236168888889
ID_d6ck3t_Fe,-372.16844888888875
ID_d6ck3t_Mn,-301.77222222222224
ID_d6ck3t_Zn,-24.24083066666666
ID_d6ck3t_Cu,-9.860554666666667
ID_d6ck3t_B,-0.9675626666666673
ID_9rSWYg_N,-5846.901333333335
ID_9rSWYg_P,18.029134222222243
ID_9rSWYg_K,-946.6268444444445
ID_9rSWYg_Ca,-6135.958755555557
ID_9rSWYg_Mg,-1447.6117333333336
ID_9rSWYg_S,-8.50505955555559
ID_9rSWYg_Fe,-424.9478400000001
ID_9rSWYg_Mn,-325.5662933333332
ID_9rSWYg_Zn,-26.935317333333384
ID_9rSWYg_Cu,-5.909127111111111
ID_9rSWYg_B,-0.7630364444444441
ID_EiMp0f_N,-5842.080000000001
ID_EiMp0f_P,8.461619555555572
ID_EiMp0f_K,-1226.517155555556
ID_EiMp0f_Ca,-12078.584177777779
ID_EiMp0f_Mg,-3313.6293333333338
ID_EiMp0f_S,-15.48556444444447
ID_EiMp0f_Fe,-497.11731555555565
ID_EiMp0f_Mn,-372.9386488888889
ID_EiMp0f_Zn,-28.740275555555574
ID_EiMp0f_Cu,-8.758972444444439
ID_EiMp0f_B,-1.1395537777777784
ID_x7BSWW_N,-5894.833333333335
ID_x7BSWW_P,8.735166666666679
ID_x7BSWW_K,-1205.2666666666667
ID_x7BSWW_Ca,-12553.455555555556
ID_x7BSWW_Mg,-3391.5888888888894
ID_x7BSWW_S,-17.068722222222267
ID_x7BSWW_Fe,-475.5666666666666
ID_x7BSWW_Mn,-373.9216666666667
ID_x7BSWW_Zn,-7.472111111111107
ID_x7BSWW_Cu,-8.958555555555545
ID_x7BSWW_B,-1.1291111111111112
ID_22vRyd_N,-5155.887555555557
ID_22vRyd_P,-9.73236355555565
ID_22vRyd_K,-1033.9596444444446
ID_22vRyd_Ca,-6113.6501333333335
ID_22vRyd_Mg,-864.0737777777779
ID_22vRyd_S,-8.369899111111124
ID_22vRyd_Fe,-428.5025466666668
ID_22vRyd_Mn,-440.38008
ID_22vRyd_Zn,-7.475295111111106
ID_22vRyd_Cu,-2.625370666666668
ID_22vRyd_B,-0.700529333333333
ID_yXLaH0_N,-7332.512
ID_yXLaH0_P,20.99353600000001
ID_yXLaH0_K,-648.7904000000001
ID_yXLaH0_Ca,-4271.376
ID_yXLaH0_Mg,-476.9632000000001
ID_yXLaH0_S,-12.397104000000027
ID_yXLaH0_Fe,-358.71183999999994
ID_yXLaH0_Mn,-349.98896
ID_yXLaH0_Zn,-11.629279999999994
ID_yXLaH0_Cu,-2.9181760000000003
ID_yXLaH0_B,-0.5518239999999999
ID_RnzSAi_N,-5455.808000000001
ID_RnzSAi_P,34.872208
ID_RnzSAi_K,-676.2032
ID_RnzSAi_Ca,-6002.481600000001
ID_RnzSAi_Mg,-690.2224000000001
ID_RnzSAi_S,-9.475680000000008
ID_RnzSAi_Fe,-435.03184000000005
ID_RnzSAi_Mn,-364.43792
ID_RnzSAi_Zn,-7.453712000000008
ID_RnzSAi_Cu,-3.9760480000000005
ID_RnzSAi_B,-0.5236960000000003
ID_uztx8N_N,-5822.960000000001
ID_uztx8N_P,34.764928000000005
ID_uztx8N_K,-601.2560000000001
ID_uztx8N_Ca,-4203.196800000001
ID_uztx8N_Mg,-512.2624000000001
ID_uztx8N_S,-12.413232000000036
ID_uztx8N_Fe,-438.4950400000001
ID_uztx8N_Mn,-375.7577600000001
ID_uztx8N_Zn,-9.477296
ID_uztx8N_Cu,-2.5018720000000005
ID_uztx8N_B,-0.5244639999999999
ID_Pj3BK8_N,-5688.448
ID_Pj3BK8_P,33.845969777777775
ID_Pj3BK8_K,-624.4307555555556
ID_Pj3BK8_Ca,-4094.9770666666673
ID_Pj3BK8_Mg,-542.4933333333335
ID_Pj3BK8_S,-11.568134222222252
ID_Pj3BK8_Fe,-418.1784266666668
ID_Pj3BK8_Mn,-357.1299911111111
ID_Pj3BK8_Zn,-8.065960888888894
ID_Pj3BK8_Cu,-3.8795395555555583
ID_Pj3BK8_B,-0.5229751111111114
ID_62iCUM_N,-5441.411111111112
ID_62iCUM_P,-22.46407955555558
ID_62iCUM_K,-1613.747466666667
ID_62iCUM_Ca,-6658.232577777778
ID_62iCUM_Mg,-1006.7499555555556
ID_62iCUM_S,-12.105863555555548
ID_62iCUM_Fe,-435.95497777777786
ID_62iCUM_Mn,-267.3030622222221
ID_62iCUM_Zn,-13.84364977777778
ID_62iCUM_Cu,-3.369139555555551
ID_62iCUM_B,-1.2816106666666667
ID_WY9iUp_N,-5432.832000000001
ID_WY9iUp_P,12.913039999999999
ID_WY9iUp_K,-1025.5140000000001
ID_WY9iUp_Ca,-7191.875333333334
ID_WY9iUp_Mg,-2146.7912
ID_WY9iUp_S,-8.056368000000028
ID_WY9iUp_Fe,-439.3544666666668
ID_WY9iUp_Mn,-281.9588400000001
ID_WY9iUp_Zn,-10.949528
ID_WY9iUp_Cu,-7.261518666666669
ID_WY9iUp_B,-0.9190986666666682
ID_0oTv9p_N,-5847.528
ID_0oTv9p_P,14.271680000000018
ID_0oTv9p_K,-1075.0101333333334
ID_0oTv9p_Ca,-6793.040000000001
ID_0oTv9p_Mg,-1594.0605333333335
ID_0oTv9p_S,-7.52983333333335
ID_0oTv9p_Fe,-441.2251866666667
ID_0oTv9p_Mn,-268.4084533333333
ID_0oTv9p_Zn,-11.851439999999998
ID_0oTv9p_Cu,-6.168538666666677
ID_0oTv9p_B,-1.0029653333333353
ID_LTFfLE_N,-5746.400000000001
ID_LTFfLE_P,28.63734400000002
ID_LTFfLE_K,-737.8832000000001
ID_LTFfLE_Ca,-6042.432000000001
ID_LTFfLE_Mg,-928.3984
ID_LTFfLE_S,-6.653904000000026
ID_LTFfLE_Fe,-464.92528000000004
ID_LTFfLE_Mn,-329.33407999999986
ID_LTFfLE_Zn,-9.560719999999995
ID_LTFfLE_Cu,-6.940384000000003
ID_LTFfLE_B,-0.598576
ID_uwlIMs_N,-5424.224
ID_uwlIMs_P,22.14908800000001
ID_uwlIMs_K,-676.7504000000001
ID_uwlIMs_Ca,-4488.0624
ID_uwlIMs_Mg,-812.4304000000002
ID_uwlIMs_S,-6.977424000000017
ID_uwlIMs_Fe,-453.9659199999998
ID_uwlIMs_Mn,-386.98303999999996
ID_uwlIMs_Zn,-7.7275040000000015
ID_uwlIMs_Cu,-4.011904000000006
ID_uwlIMs_B,-0.6059200000000007
ID_pGD3YY_N,-7519.616000000001
ID_pGD3YY_P,25.91732800000004
ID_pGD3YY_K,-510.65599999999995
ID_pGD3YY_Ca,-3879.4752000000003
ID_pGD3YY_Mg,-474.22720000000004
ID_pGD3YY_S,-18.66777600000003
ID_pGD3YY_Fe,-439.68352
ID_pGD3YY_Mn,-380.51552000000004
ID_pGD3YY_Zn,-11.380543999999999
ID_pGD3YY_Cu,-2.1959680000000077
ID_pGD3YY_B,-0.5477439999999992
ID_DkDIIY_N,-5821.2333333333345
ID_DkDIIY_P,-55.26079200000004
ID_DkDIIY_K,-1050.476666666667
ID_DkDIIY_Ca,-6758.052800000001
ID_DkDIIY_Mg,-1189.7837333333334
ID_DkDIIY_S,-6.482536000000014
ID_DkDIIY_Fe,-405.6168799999999
ID_DkDIIY_Mn,-307.6985066666665
ID_DkDIIY_Zn,-13.443328
ID_DkDIIY_Cu,-3.408239999999993
ID_DkDIIY_B,-1.2119413333333342
ID_FZjRkN_N,-5660.035555555557
ID_FZjRkN_P,-8.928220444444428
ID_FZjRkN_K,-1130.232177777778
ID_FZjRkN_Ca,-8096.770133333335
ID_FZjRkN_Mg,-1100.7054222222223
ID_FZjRkN_S,-4.903488000000003
ID_FZjRkN_Fe,-458.25863111111124
ID_FZjRkN_Mn,-295.13415111111095
ID_FZjRkN_Zn,-6.8836337777777725
ID_FZjRkN_Cu,-7.794360888888893
ID_FZjRkN_B,-1.0703146666666672
ID_lxPdfM_N,-5440.252
ID_lxPdfM_P,15.754282222222237
ID_lxPdfM_K,-661.9596888888891
ID_lxPdfM_Ca,-6281.068977777778
ID_lxPdfM_Mg,-728.1569333333334
ID_lxPdfM_S,-7.242569333333336
ID_lxPdfM_Fe,-454.8635999999998
ID_lxPdfM_Mn,-383.58277777777766
ID_lxPdfM_Zn,-13.739819111111112
ID_lxPdfM_Cu,-2.389985333333336
ID_lxPdfM_B,-0.6145480000000002
ID_DzMFM0_N,-5718.633333333334
ID_DzMFM0_P,7.118853333333348
ID_DzMFM0_K,-1001.836
ID_DzMFM0_Ca,-5866.474000000002
ID_DzMFM0_Mg,-928.3013333333333
ID_DzMFM0_S,-8.255246666666672
ID_DzMFM0_Fe,-429.966
ID_DzMFM0_Mn,-352.6641333333333
ID_DzMFM0_Zn,-8.90724666666667
ID_DzMFM0_Cu,-9.43158
ID_DzMFM0_B,-0.9694866666666676
ID_OcbH1y_N,-5492.8640000000005
ID_OcbH1y_P,-6.953407999999953
ID_OcbH1y_K,-1208.6576000000002
ID_OcbH1y_Ca,-6462.696
ID_OcbH1y_Mg,-938.6464000000001
ID_OcbH1y_S,-10.271567999999995
ID_OcbH1y_Fe,-432.3208000000001
ID_OcbH1y_Mn,-312.90079999999995
ID_OcbH1y_Zn,-12.695599999999985
ID_OcbH1y_Cu,-3.8415999999999997
ID_OcbH1y_B,-1.1156320000000015
ID_TBniqk_N,-5581.853333333334
ID_TBniqk_P,-0.8570399999999694
ID_TBniqk_K,-671.3333333333334
ID_TBniqk_Ca,-4169.823333333334
ID_TBniqk_Mg,-520.206
ID_TBniqk_S,-10.197699999999994
ID_TBniqk_Fe,-429.87640000000005
ID_TBniqk_Mn,-378.1362
ID_TBniqk_Zn,-7.753040000000009
ID_TBniqk_Cu,-2.393499999999995
ID_TBniqk_B,-0.5260600000000001
ID_QuWjXA_N,-5315.386666666667
ID_QuWjXA_P,-8.736893333333406
ID_QuWjXA_K,-1048.9553333333333
ID_QuWjXA_Ca,-7018.319333333335
ID_QuWjXA_Mg,-1015.1946666666669
ID_QuWjXA_S,-7.92153333333334
ID_QuWjXA_Fe,-378.09180000000015
ID_QuWjXA_Mn,-365.9669333333333
ID_QuWjXA_Zn,-10.08688666666667
ID_QuWjXA_Cu,-3.581773333333338
ID_QuWjXA_B,-0.9153066666666688
ID_mPocW8_N,-6539.377777777777
ID_mPocW8_P,32.41895555555557
ID_mPocW8_K,-862.4311555555555
ID_mPocW8_Ca,-4561.597155555554
ID_mPocW8_Mg,-837.9079555555554
ID_mPocW8_S,-8.282445333333332
ID_mPocW8_Fe,-541.7541822222221
ID_mPocW8_Mn,-375.96884888888883
ID_mPocW8_Zn,-10.785644000000005
ID_mPocW8_Cu,-2.278717777777781
ID_mPocW8_B,-0.6015155555555555
ID_QHKFb6_N,-5064.133333333335
ID_QHKFb6_P,21.922406666666674
ID_QHKFb6_K,-704.4480000000001
ID_QHKFb6_Ca,-6199.0160000000005
ID_QHKFb6_Mg,-703.2280000000001
ID_QHKFb6_S,-5.960880000000014
ID_QHKFb6_Fe,-407.6327333333333
ID_QHKFb6_Mn,-389.6143333333333
ID_QHKFb6_Zn,-8.340246666666662
ID_QHKFb6_Cu,-2.7338866666666672
ID_QHKFb6_B,-0.5423933333333335
ID_Xru3Mz_N,-5031.288888888889
ID_Xru3Mz_P,-9.720444444444468
ID_Xru3Mz_K,-913.3466666666668
ID_Xru3Mz_Ca,-7088.951111111112
ID_Xru3Mz_Mg,-1112.4755555555555
ID_Xru3Mz_S,-4.610888888888891
ID_Xru3Mz_Fe,-351.96622222222226
ID_Xru3Mz_Mn,-389.58000000000004
ID_Xru3Mz_Zn,-8.801377777777773
ID_Xru3Mz_Cu,-2.7773333333333348
ID_Xru3Mz_B,-0.8974666666666685
ID_QkBf31_N,-5962.280000000001
ID_QkBf31_P,33.408100000000005
ID_QkBf31_K,-915.5586666666668
ID_QkBf31_Ca,-4348.813333333333
ID_QkBf31_Mg,-840.7126666666668
ID_QkBf31_S,-9.190446666666663
ID_QkBf31_Fe,-435.48106666666666
ID_QkBf31_Mn,-345.51153333333343
ID_QkBf31_Zn,-12.87484666666666
ID_QkBf31_Cu,-2.0706133333333385
ID_QkBf31_B,-0.5633000000000004
ID_o7zqzl_N,-5129.684444444445
ID_o7zqzl_P,-0.47519911111105273
ID_o7zqzl_K,-747.751288888889
ID_o7zqzl_Ca,-4640.245866666667
ID_o7zqzl_Mg,-868.9054222222223
ID_o7zqzl_S,-6.547760444444457
ID_o7zqzl_Fe,-564.4567466666668
ID_o7zqzl_Mn,-377.06033333333335
ID_o7zqzl_Zn,-9.475148888888882
ID_o7zqzl_Cu,-1.9386208888888892
ID_o7zqzl_B,-0.5854924444444449
ID_H0la64_N,-5303.977777777778
ID_H0la64_P,-3.2184515555555535
ID_H0la64_K,-677.0937333333335
ID_H0la64_Ca,-6219.413733333335
ID_H0la64_Mg,-783.8050666666668
ID_H0la64_S,-6.615746666666684
ID_H0la64_Fe,-623.8295866666668
ID_H0la64_Mn,-369.35803555555566
ID_H0la64_Zn,-9.551554666666657
ID_H0la64_Cu,-2.2933871111111124
ID_H0la64_B,-0.5397982222222214
ID_9iduZC_N,-5092.133333333333
ID_9iduZC_P,-26.015155555555793
ID_9iduZC_K,-945.4044444444446
ID_9iduZC_Ca,-5293.3422222222225
ID_9iduZC_Mg,-805.5155555555557
ID_9iduZC_S,-7.4376000000000175
ID_9iduZC_Fe,-366.14977777777784
ID_9iduZC_Mn,-409.62800000000004
ID_9iduZC_Zn,-9.056133333333339
ID_9iduZC_Cu,-2.8189333333333346
ID_9iduZC_B,-0.9125333333333341
ID_QM627n_N,-5498.624000000002
ID_QM627n_P,2.380047999999995
ID_QM627n_K,-940.4288000000001
ID_QM627n_Ca,-6102.441600000002
ID_QM627n_Mg,-1077.9952
ID_QM627n_S,-5.312784000000011
ID_QM627n_Fe,-491.68
ID_QM627n_Mn,-358.0380799999999
ID_QM627n_Zn,-9.187520000000006
ID_QM627n_Cu,-7.165696000000006
ID_QM627n_B,-1.0271679999999996
ID_od5EeX_N,-5601.968000000001
ID_od5EeX_P,35.32331200000001
ID_od5EeX_K,-732.0464000000001
ID_od5EeX_Ca,-6220.944
ID_od5EeX_Mg,-717.1984000000001
ID_od5EeX_S,-10.862112000000035
ID_od5EeX_Fe,-456.8022400000001
ID_od5EeX_Mn,-370.68512000000004
ID_od5EeX_Zn,-8.562752000000003
ID_od5EeX_Cu,-2.757136
ID_od5EeX_B,-0.6280960000000003
ID_f6F22h_N,-5508.320000000001
ID_f6F22h_P,19.925631999999997
ID_f6F22h_K,-780.3920000000003
ID_f6F22h_Ca,-4555.790400000001
ID_f6F22h_Mg,-869.7280000000001
ID_f6F22h_S,-6.892560000000007
ID_f6F22h_Fe,-430.85871999999983
ID_f6F22h_Mn,-292.2166399999999
ID_f6F22h_Zn,-10.447327999999994
ID_f6F22h_Cu,-8.94548800000001
ID_f6F22h_B,-0.739264
ID_6L58bC_N,-5401.835555555556
ID_6L58bC_P,-53.426225333333406
ID_6L58bC_K,-1183.9001333333335
ID_6L58bC_Ca,-7736.480577777779
ID_6L58bC_Mg,-1317.2171555555558
ID_6L58bC_S,-5.471731111111122
ID_6L58bC_Fe,-383.15371111111125
ID_6L58bC_Mn,-347.4708355555554
ID_6L58bC_Zn,-12.49707377777779
ID_6L58bC_Cu,-2.5906422222222205
ID_6L58bC_B,-1.2855035555555576
ID_XNKVbn_N,-5547.411111111112
ID_XNKVbn_P,19.293584888888933
ID_XNKVbn_K,-576.1791111111112
ID_XNKVbn_Ca,-3933.2816444444443
ID_XNKVbn_Mg,-479.9033777777779
ID_XNKVbn_S,-16.80312888888887
ID_XNKVbn_Fe,-633.8386933333334
ID_XNKVbn_Mn,-404.2603199999999
ID_XNKVbn_Zn,-8.68410844444443
ID_XNKVbn_Cu,-1.3730879999999976
ID_XNKVbn_B,-0.5475008888888878
ID_UpUffb_N,-5605.5777777777785
ID_UpUffb_P,-0.4716399999999581
ID_UpUffb_K,-801.4924444444446
ID_UpUffb_Ca,-4471.164888888889
ID_UpUffb_Mg,-972.9360000000001
ID_UpUffb_S,-7.677875555555573
ID_UpUffb_Fe,-579.8230222222222
ID_UpUffb_Mn,-353.91439999999994
ID_UpUffb_Zn,-9.857817777777774
ID_UpUffb_Cu,-2.0843333333333325
ID_UpUffb_B,-0.5912933333333338
ID_kavkuy_N,-5248.126222222223
ID_kavkuy_P,-2.11665422222228
ID_kavkuy_K,-621.1988444444445
ID_kavkuy_Ca,-4696.867022222223
ID_kavkuy_Mg,-479.8308888888889
ID_kavkuy_S,-9.068215111111094
ID_kavkuy_Fe,-509.2354
ID_kavkuy_Mn,-375.85716888888885
ID_kavkuy_Zn,-10.133787111111099
ID_kavkuy_Cu,-2.2661404444444453
ID_kavkuy_B,-0.5175831111111108
ID_TgrKjB_N,-5175.203555555556
ID_TgrKjB_P,20.819441777777776
ID_TgrKjB_K,-804.4977777777779
ID_TgrKjB_Ca,-5854.792533333333
ID_TgrKjB_Mg,-902.7950222222222
ID_TgrKjB_S,-7.66150044444446
ID_TgrKjB_Fe,-471.2356622222223
ID_TgrKjB_Mn,-378.98876444444437
ID_TgrKjB_Zn,-7.881496888888888
ID_TgrKjB_Cu,-2.7755093333333343
ID_TgrKjB_B,-0.579729777777778
ID_ngAqLH_N,-7125.44
ID_ngAqLH_P,31.64468800000001
ID_ngAqLH_K,-503.58080000000007
ID_ngAqLH_Ca,-3967.0176
ID_ngAqLH_Mg,-491.98720000000003
ID_ngAqLH_S,-15.151008000000026
ID_ngAqLH_Fe,-454.18192
ID_ngAqLH_Mn,-373.8689599999999
ID_ngAqLH_Zn,-10.012975999999993
ID_ngAqLH_Cu,-2.211328000000006
ID_ngAqLH_B,-0.5104000000000002
ID_TDvFjQ_N,-5608.331111111112
ID_TDvFjQ_P,10.207490666666654
ID_TDvFjQ_K,-994.4695111111112
ID_TDvFjQ_Ca,-6305.222933333334
ID_TDvFjQ_Mg,-1127.9833333333336
ID_TDvFjQ_S,-6.115242666666671
ID_TDvFjQ_Fe,-498.30792000000014
ID_TDvFjQ_Mn,-375.19282666666675
ID_TDvFjQ_Zn,-9.876850666666664
ID_TDvFjQ_Cu,-2.8661444444444473
ID_TDvFjQ_B,-0.877673777777778
ID_FhsEC2_N,-5621.466666666667
ID_FhsEC2_P,31.93010666666667
ID_FhsEC2_K,-877.680888888889
ID_FhsEC2_Ca,-6104.107555555556
ID_FhsEC2_Mg,-983.8822222222224
ID_FhsEC2_S,-6.2752044444444515
ID_FhsEC2_Fe,-487.00551111111116
ID_FhsEC2_Mn,-381.89742222222236
ID_FhsEC2_Zn,-9.442311111111122
ID_FhsEC2_Cu,-7.892871111111115
ID_FhsEC2_B,-0.5516933333333327
ID_R6hjLq_N,-7622.624000000001
ID_R6hjLq_P,31.075936000000013
ID_R6hjLq_K,-489.1232000000001
ID_R6hjLq_Ca,-4119.801600000001
ID_R6hjLq_Mg,-497.2192
ID_R6hjLq_S,-17.078160000000025
ID_R6hjLq_Fe,-489.3265600000001
ID_R6hjLq_Mn,-365.22656
ID_R6hjLq_Zn,-9.144511999999986
ID_R6hjLq_Cu,-2.324224000000006
ID_R6hjLq_B,-0.5183680000000003
ID_81e3cO_N,-5457.813333333333
ID_81e3cO_P,-44.32610666666656
ID_81e3cO_K,-1034.1573333333333
ID_81e3cO_Ca,-6268.708000000001
ID_81e3cO_Mg,-1172.8673333333334
ID_81e3cO_S,-4.589160000000003
ID_81e3cO_Fe,-328.63960000000003
ID_81e3cO_Mn,-357.93279999999993
ID_81e3cO_Zn,-18.157186666666675
ID_81e3cO_Cu,-3.8002666666666656
ID_81e3cO_B,-1.1681466666666651
ID_TMmeFq_N,-5604.4146666666675
ID_TMmeFq_P,34.50501866666667
ID_TMmeFq_K,-617.3031555555556
ID_TMmeFq_Ca,-5700.2976
ID_TMmeFq_Mg,-638.3730666666667
ID_TMmeFq_S,-9.408481333333324
ID_TMmeFq_Fe,-339.20025333333314
ID_TMmeFq_Mn,-328.7445111111111
ID_TMmeFq_Zn,-9.396123999999995
ID_TMmeFq_Cu,-1.5251355555555561
ID_TMmeFq_B,-0.5300346666666663
ID_HtIqZZ_N,-5551.674222222223
ID_HtIqZZ_P,21.351068888888893
ID_HtIqZZ_K,-567.0715555555556
ID_HtIqZZ_Ca,-4882.9187111111105
ID_HtIqZZ_Mg,-585.7108888888889
ID_HtIqZZ_S,-11.100394222222253
ID_HtIqZZ_Fe,-445.30163555555555
ID_HtIqZZ_Mn,-407.26193777777786
ID_HtIqZZ_Zn,-9.18279555555555
ID_HtIqZZ_Cu,-2.9979631111111136
ID_HtIqZZ_B,-0.4985235555555561
ID_M19KOh_N,-5829.64
ID_M19KOh_P,21.441095999999998
ID_M19KOh_K,-622.1223111111112
ID_M19KOh_Ca,-4181.392977777778
ID_M19KOh_Mg,-516.2430222222223
ID_M19KOh_S,-17.306456000000026
ID_M19KOh_Fe,-363.1776177777778
ID_M19KOh_Mn,-343.1672
ID_M19KOh_Zn,-8.853423111111091
ID_M19KOh_Cu,-2.723338666666669
ID_M19KOh_B,-0.5051671111111109
ID_L4FLIM_N,-5819.408000000001
ID_L4FLIM_P,34.758592
ID_L4FLIM_K,-516.5072000000001
ID_L4FLIM_Ca,-4393.4400000000005
ID_L4FLIM_Mg,-559.1632000000002
ID_L4FLIM_S,-11.201375999999993
ID_L4FLIM_Fe,-419.2431999999999
ID_L4FLIM_Mn,-348.51104
ID_L4FLIM_Zn,-10.422607999999988
ID_L4FLIM_Cu,-1.766896000000002
ID_L4FLIM_B,-0.5192800000000001
ID_1qOx5X_N,-4482.338666666667
ID_1qOx5X_P,21.57195466666666
ID_1qOx5X_K,-731.7408
ID_1qOx5X_Ca,-4360.354666666666
ID_1qOx5X_Mg,-798.072
ID_1qOx5X_S,-6.886455999999992
ID_1qOx5X_Fe,-403.55021333333315
ID_1qOx5X_Mn,-367.50176
ID_1qOx5X_Zn,-7.304218666666668
ID_1qOx5X_Cu,-2.207290666666661
ID_1qOx5X_B,-0.7439786666666659
ID_Ikq6yc_N,-5899.040888888889
ID_Ikq6yc_P,22.24608533333333
ID_Ikq6yc_K,-624.9828
ID_Ikq6yc_Ca,-4266.045777777778
ID_Ikq6yc_Mg,-471.2562222222223
ID_Ikq6yc_S,-9.022813333333328
ID_Ikq6yc_Fe,-398.5858711111111
ID_Ikq6yc_Mn,-338.0999288888888
ID_Ikq6yc_Zn,-7.842946666666659
ID_Ikq6yc_Cu,-2.1325613333333355
ID_Ikq6yc_B,-0.5030168888888888
ID_U2fB14_N,-5415.392000000001
ID_U2fB14_P,22.04576711111112
ID_U2fB14_K,-637.5370666666668
ID_U2fB14_Ca,-6041.806044444445
ID_U2fB14_Mg,-680.2132444444445
ID_U2fB14_S,-8.983571555555596
ID_U2fB14_Fe,-439.7826400000002
ID_U2fB14_Mn,-389.12456
ID_U2fB14_Zn,-9.432324444444445
ID_U2fB14_Cu,-2.765927111111112
ID_U2fB14_B,-0.5208551111111112
ID_tN6nIh_N,-7130.020000000001
ID_tN6nIh_P,22.22205333333334
ID_tN6nIh_K,-595.8173333333333
ID_tN6nIh_Ca,-4014.8199999999997
ID_tN6nIh_Mg,-473.66533333333336
ID_tN6nIh_S,-11.523406666666698
ID_tN6nIh_Fe,-362.1528
ID_tN6nIh_Mn,-336.44186666666667
ID_tN6nIh_Zn,-10.855673333333327
ID_tN6nIh_Cu,-3.8579466666666686
ID_tN6nIh_B,-0.5585866666666663
ID_f1XcqE_N,-6532.7226666666675
ID_f1XcqE_P,32.939803555555564
ID_f1XcqE_K,-517.1398666666668
ID_f1XcqE_Ca,-4359.520088888889
ID_f1XcqE_Mg,-520.5482666666667
ID_f1XcqE_S,-11.636674222222222
ID_f1XcqE_Fe,-393.8691377777779
ID_f1XcqE_Mn,-361.5274755555555
ID_f1XcqE_Zn,-9.870512888888861
ID_f1XcqE_Cu,-2.300653777777784
ID_f1XcqE_B,-0.5313204444444444
ID_NUmehM_N,-7843.554666666668
ID_NUmehM_P,24.645592000000057
ID_NUmehM_K,-542.6492000000002
ID_NUmehM_Ca,-3846.9026666666673
ID_NUmehM_Mg,-489.8128000000001
ID_NUmehM_S,-17.49516666666669
ID_NUmehM_Fe,-488.43225333333334
ID_NUmehM_Mn,-371.2738800000001
ID_NUmehM_Zn,-11.707485333333333
ID_NUmehM_Cu,-2.1175813333333413
ID_NUmehM_B,-0.5484079999999986
ID_Q6IKYB_N,-4823.862222222222
ID_Q6IKYB_P,22.415540888888895
ID_Q6IKYB_K,-818.9970666666667
ID_Q6IKYB_Ca,-5800.4871555555565
ID_Q6IKYB_Mg,-876.6926666666667
ID_Q6IKYB_S,-4.765640888888896
ID_Q6IKYB_Fe,-399.89034222222233
ID_Q6IKYB_Mn,-371.99642666666665
ID_Q6IKYB_Zn,-15.087429777777775
ID_Q6IKYB_Cu,-2.2672279999999967
ID_Q6IKYB_B,-0.992934222222224
ID_q4qsI4_N,-5050.8240000000005
ID_q4qsI4_P,19.905386666666665
ID_q4qsI4_K,-902.2011555555557
ID_q4qsI4_Ca,-5791.560177777777
ID_q4qsI4_Mg,-892.1650666666669
ID_q4qsI4_S,-5.506887111111094
ID_q4qsI4_Fe,-349.87059555555555
ID_q4qsI4_Mn,-384.9065199999999
ID_q4qsI4_Zn,-7.811388888888898
ID_q4qsI4_Cu,-2.3530266666666653
ID_q4qsI4_B,-0.6728613333333328
ID_NxPvbO_N,-5029.866666666668
ID_NxPvbO_P,22.805600000000002
ID_NxPvbO_K,-710.1244444444445
ID_NxPvbO_Ca,-5538.737777777777
ID_NxPvbO_Mg,-823.6711111111113
ID_NxPvbO_S,-5.826977777777781
ID_NxPvbO_Fe,-489.3551111111113
ID_NxPvbO_Mn,-381.3208888888889
ID_NxPvbO_Zn,-9.176666666666648
ID_NxPvbO_Cu,-2.9935111111111103
ID_NxPvbO_B,-0.5836888888888888
ID_JNtGMy_N,-5693.0560000000005
ID_JNtGMy_P,20.96267466666667
ID_JNtGMy_K,-556.8312
ID_JNtGMy_Ca,-3989.0112000000004
ID_JNtGMy_Mg,-492.8290666666667
ID_JNtGMy_S,-16.160885333333358
ID_JNtGMy_Fe,-389.3141866666667
ID_JNtGMy_Mn,-378.9778933333334
ID_JNtGMy_Zn,-8.249735999999995
ID_JNtGMy_Cu,-2.7821626666666672
ID_JNtGMy_B,-0.5101493333333331
ID_y4RbPS_N,-5830.605777777779
ID_y4RbPS_P,18.86959244444445
ID_y4RbPS_K,-615.5753777777778
ID_y4RbPS_Ca,-4116.811377777778
ID_y4RbPS_Mg,-517.4128000000001
ID_y4RbPS_S,-17.56286355555558
ID_y4RbPS_Fe,-410.5398622222221
ID_y4RbPS_Mn,-345.86864444444444
ID_y4RbPS_Zn,-11.197183111111107
ID_y4RbPS_Cu,-3.1342151111111134
ID_y4RbPS_B,-0.5479711111111112
ID_SYi9TX_N,-5601.002666666667
ID_SYi9TX_P,22.32281955555555
ID_SYi9TX_K,-935.0154666666667
ID_SYi9TX_Ca,-5124.462933333333
ID_SYi9TX_Mg,-878.7363555555556
ID_SYi9TX_S,-6.452743111111115
ID_SYi9TX_Fe,-359.68341333333325
ID_SYi9TX_Mn,-351.2628266666666
ID_SYi9TX_Zn,-13.457468444444459
ID_SYi9TX_Cu,-3.8768462222222233
ID_SYi9TX_B,-0.7235733333333341
ID_pYPXBa_N,-5674.546222222223
ID_pYPXBa_P,18.838672888888883
ID_pYPXBa_K,-558.6252000000001
ID_pYPXBa_Ca,-4016.137733333333
ID_pYPXBa_Mg,-488.688888888889
ID_pYPXBa_S,-16.221267555555592
ID_pYPXBa_Fe,-389.93072888888884
ID_pYPXBa_Mn,-353.76344
ID_pYPXBa_Zn,-9.280260444444435
ID_pYPXBa_Cu,-2.269802666666669
ID_pYPXBa_B,-0.509114222222222
ID_g884vu_N,-5044.869333333334
ID_g884vu_P,21.923878222222232
ID_g884vu_K,-679.0364444444444
ID_g884vu_Ca,-3880.228977777778
ID_g884vu_Mg,-690.3218666666667
ID_g884vu_S,-5.329797333333325
ID_g884vu_Fe,-305.92170666666664
ID_g884vu_Mn,-331.9184355555555
ID_g884vu_Zn,-10.34127911111111
ID_g884vu_Cu,-3.615248888888891
ID_g884vu_B,-0.5306053333333337
ID_3sEZHD_N,-5189.439111111112
ID_3sEZHD_P,-14.3715026666668
ID_3sEZHD_K,-943.6758222222223
ID_3sEZHD_Ca,-5833.698622222223
ID_3sEZHD_Mg,-1066.8530666666668
ID_3sEZHD_S,-8.330460444444451
ID_3sEZHD_Fe,-352.11553777777766
ID_3sEZHD_Mn,-403.07114222222214
ID_3sEZHD_Zn,-17.64573733333333
ID_3sEZHD_Cu,-4.137719111111112
ID_3sEZHD_B,-0.802870222222223
ID_wzHaAQ_N,-5747.360000000001
ID_wzHaAQ_P,-20.089616000000092
ID_wzHaAQ_K,-1094.5568000000003
ID_wzHaAQ_Ca,-6087.283200000002
ID_wzHaAQ_Mg,-992.9728000000001
ID_wzHaAQ_S,-8.34470400000001
ID_wzHaAQ_Fe,-392.06992
ID_wzHaAQ_Mn,-427.4072
ID_wzHaAQ_Zn,-14.102480000000023
ID_wzHaAQ_Cu,-3.94672
ID_wzHaAQ_B,-0.8391519999999998
ID_dmDvRY_N,-5948.642666666667
ID_dmDvRY_P,-12.966645333333503
ID_dmDvRY_K,-620.2614222222223
ID_dmDvRY_Ca,-3944.6266666666666
ID_dmDvRY_Mg,-472.0339555555556
ID_dmDvRY_S,-15.75777244444446
ID_dmDvRY_Fe,-516.1148888888889
ID_dmDvRY_Mn,-385.41267555555555
ID_dmDvRY_Zn,-9.15347377777777
ID_dmDvRY_Cu,-2.2324880000000027
ID_dmDvRY_B,-0.5011155555555552
ID_pnJGjj_N,-5096.261333333333
ID_pnJGjj_P,2.729457777777874
ID_pnJGjj_K,-647.6047111111111
ID_pnJGjj_Ca,-4193.307377777778
ID_pnJGjj_Mg,-480.17946666666677
ID_pnJGjj_S,-10.079046222222203
ID_pnJGjj_Fe,-580.3881066666667
ID_pnJGjj_Mn,-376.17654222222217
ID_pnJGjj_Zn,-7.402259555555554
ID_pnJGjj_Cu,-2.302589333333337
ID_pnJGjj_B,-0.560428444444444
ID_g6XlU8_N,-5042.552
ID_g6XlU8_P,22.360744000000015
ID_g6XlU8_K,-536.5054666666667
ID_g6XlU8_Ca,-3657.527244444444
ID_g6XlU8_Mg,-471.2058666666666
ID_g6XlU8_S,-13.412060000000007
ID_g6XlU8_Fe,-418.7478488888888
ID_g6XlU8_Mn,-372.13000888888894
ID_g6XlU8_Zn,-7.038908444444442
ID_g6XlU8_Cu,-2.595453777777778
ID_g6XlU8_B,-0.49941333333333343
ID_7aQoV8_N,-5833.378666666667
ID_7aQoV8_P,16.947759555555535
ID_7aQoV8_K,-1017.9633777777779
ID_7aQoV8_Ca,-5629.864222222222
ID_7aQoV8_Mg,-959.1788000000003
ID_7aQoV8_S,-4.549058222222239
ID_7aQoV8_Fe,-468.1616
ID_7aQoV8_Mn,-364.6729733333333
ID_7aQoV8_Zn,-12.179423555555548
ID_7aQoV8_Cu,-5.110431555555558
ID_7aQoV8_B,-0.871788000000001
ID_Srp4S5_N,-5507.9182222222225
ID_Srp4S5_P,-0.4600586666666615
ID_Srp4S5_K,-1121.1608888888888
ID_Srp4S5_Ca,-6138.92088888889
ID_Srp4S5_Mg,-1107.1765333333333
ID_Srp4S5_S,-5.258590222222239
ID_Srp4S5_Fe,-433.81554666666665
ID_Srp4S5_Mn,-278.9542844444443
ID_Srp4S5_Zn,-12.902576
ID_Srp4S5_Cu,-5.804688000000006
ID_Srp4S5_B,-0.9799057777777783
ID_w6wuPc_N,-5673.533333333335
ID_w6wuPc_P,15.970964444444455
ID_w6wuPc_K,-849.569777777778
ID_w6wuPc_Ca,-6488.589333333334
ID_w6wuPc_Mg,-1033.8173333333336
ID_w6wuPc_S,-7.619013333333349
ID_w6wuPc_Fe,-479.38764444444433
ID_w6wuPc_Mn,-281.51191111111103
ID_w6wuPc_Zn,-9.27398666666668
ID_w6wuPc_Cu,-6.570231111111119
ID_w6wuPc_B,-0.5998977777777775
ID_RP5154_N,-5563.628888888889
ID_RP5154_P,-2.2305697777778093
ID_RP5154_K,-943.5660444444446
ID_RP5154_Ca,-6101.047911111112
ID_RP5154_Mg,-949.8449777777778
ID_RP5154_S,-5.828340000000026
ID_RP5154_Fe,-461.8670488888889
ID_RP5154_Mn,-307.2245244444444
ID_RP5154_Zn,-10.85654266666667
ID_RP5154_Cu,-6.096308000000003
ID_RP5154_B,-0.8405804444444446
ID_dgsjyI_N,-5672.576000000001
ID_dgsjyI_P,29.43044800000002
ID_dgsjyI_K,-791.8496
ID_dgsjyI_Ca,-5995.368000000001
ID_dgsjyI_Mg,-901.5088000000001
ID_dgsjyI_S,-7.584336000000011
ID_dgsjyI_Fe,-473.94496
ID_dgsjyI_Mn,-355.15711999999996
ID_dgsjyI_Zn,-9.69204800000003
ID_dgsjyI_Cu,-7.016608
ID_dgsjyI_B,-0.5524959999999989
ID_CJldbQ_N,-5046.331555555556
ID_CJldbQ_P,19.20194533333333
ID_CJldbQ_K,-751.4482666666668
ID_CJldbQ_Ca,-5735.636177777778
ID_CJldbQ_Mg,-882.4519111111111
ID_CJldbQ_S,-5.430490222222232
ID_CJldbQ_Fe,-522.0123600000002
ID_CJldbQ_Mn,-360.2557377777777
ID_CJldbQ_Zn,-8.767657777777792
ID_CJldbQ_Cu,-2.0935528888888846
ID_CJldbQ_B,-0.6121417777777786
ID_KD9f6M_N,-5641.808000000001
ID_KD9f6M_P,0.6162400000000616
ID_KD9f6M_K,-752.8592000000001
ID_KD9f6M_Ca,-4328.788800000001
ID_KD9f6M_Mg,-915.0832000000003
ID_KD9f6M_S,-8.197632000000016
ID_KD9f6M_Fe,-499.1655999999998
ID_KD9f6M_Mn,-374.96383999999995
ID_KD9f6M_Zn,-8.512016
ID_KD9f6M_Cu,-1.6325439999999984
ID_KD9f6M_B,-0.5732800000000007
ID_k5OSEX_N,-5454.6826666666675
ID_k5OSEX_P,20.389858666666665
ID_k5OSEX_K,-832.8032000000002
ID_k5OSEX_Ca,-6153.16728888889
ID_k5OSEX_Mg,-993.0734222222223
ID_k5OSEX_S,-7.144589333333347
ID_k5OSEX_Fe,-363.63553777777787
ID_k5OSEX_Mn,-397.3624088888888
ID_k5OSEX_Zn,-11.411320888888886
ID_k5OSEX_Cu,-2.648667555555556
ID_k5OSEX_B,-0.6659102222222227
ID_AwbsJc_N,-5632.592000000001
ID_AwbsJc_P,29.174464000000015
ID_AwbsJc_K,-783.3488
ID_AwbsJc_Ca,-5011.752
ID_AwbsJc_Mg,-937.0
ID_AwbsJc_S,-8.563392000000018
ID_AwbsJc_Fe,-465.4283200000001
ID_AwbsJc_Mn,-390.7563200000001
ID_AwbsJc_Zn,-10.614992000000003
ID_AwbsJc_Cu,-2.8529440000000026
ID_AwbsJc_B,-0.584896
ID_2N9F5H_N,-4992.228444444445
ID_2N9F5H_P,23.41603866666667
ID_2N9F5H_K,-754.4671111111111
ID_2N9F5H_Ca,-4287.874622222223
ID_2N9F5H_Mg,-810.2411555555557
ID_2N9F5H_S,-6.417498666666685
ID_2N9F5H_Fe,-410.82279111111114
ID_2N9F5H_Mn,-327.7863822222222
ID_2N9F5H_Zn,-7.970008888888895
ID_2N9F5H_Cu,-7.259855111111119
ID_2N9F5H_B,-0.5000960000000007
ID_VPqPrp_N,-5470.304000000001
ID_VPqPrp_P,3.6052479999999463
ID_VPqPrp_K,-862.7600000000001
ID_VPqPrp_Ca,-6058.435200000001
ID_VPqPrp_Mg,-1157.8240000000003
ID_VPqPrp_S,-5.342016000000012
ID_VPqPrp_Fe,-324.62656000000004
ID_VPqPrp_Mn,-342.0559999999999
ID_VPqPrp_Zn,-13.129232000000014
ID_VPqPrp_Cu,-7.381600000000013
ID_VPqPrp_B,-0.9704319999999994
ID_IJE19b_N,-5266.216444444444
ID_IJE19b_P,22.124579999999995
ID_IJE19b_K,-720.6065777777778
ID_IJE19b_Ca,-5744.3384444444455
ID_IJE19b_Mg,-898.9938222222223
ID_IJE19b_S,-8.139112000000011
ID_IJE19b_Fe,-449.9068266666665
ID_IJE19b_Mn,-345.089208888889
ID_IJE19b_Zn,-6.917991555555561
ID_IJE19b_Cu,-6.173205333333345
ID_IJE19b_B,-0.5749351111111097
ID_A3w8B1_N,-4916.0817777777775
ID_A3w8B1_P,22.874019555555556
ID_A3w8B1_K,-617.8570666666667
ID_A3w8B1_Ca,-4339.059555555556
ID_A3w8B1_Mg,-802.4743111111111
ID_A3w8B1_S,-6.400512000000017
ID_A3w8B1_Fe,-425.21450666666664
ID_A3w8B1_Mn,-336.74396444444443
ID_A3w8B1_Zn,-6.8664568888889
ID_A3w8B1_Cu,-5.634168888888894
ID_A3w8B1_B,-0.5239857777777778
ID_MsxkLZ_N,-5416.964444444446
ID_MsxkLZ_P,20.925462222222215
ID_MsxkLZ_K,-830.7573333333335
ID_MsxkLZ_Ca,-6138.652444444445
ID_MsxkLZ_Mg,-912.4506666666668
ID_MsxkLZ_S,-6.763604444444457
ID_MsxkLZ_Fe,-490.05128888888885
ID_MsxkLZ_Mn,-337.4329777777778
ID_MsxkLZ_Zn,-9.759844444444452
ID_MsxkLZ_Cu,-4.793853333333337
ID_MsxkLZ_B,-0.6548000000000008
ID_rPCCrq_N,-5547.265777777779
ID_rPCCrq_P,21.99048711111111
ID_rPCCrq_K,-722.5588444444445
ID_rPCCrq_Ca,-5048.0416000000005
ID_rPCCrq_Mg,-909.2277333333336
ID_rPCCrq_S,-7.344835555555573
ID_rPCCrq_Fe,-467.1282800000001
ID_rPCCrq_Mn,-354.5364577777778
ID_rPCCrq_Zn,-7.383617333333345
ID_rPCCrq_Cu,-8.500912888888896
ID_rPCCrq_B,-0.5873706666666659
ID_SSbNkm_N,-5701.464444444446
ID_SSbNkm_P,-19.798804888888924
ID_SSbNkm_K,-1955.4554222222225
ID_SSbNkm_Ca,-6505.875422222223
ID_SSbNkm_Mg,-1140.617777777778
ID_SSbNkm_S,-9.756206222222218
ID_SSbNkm_Fe,-436.9236533333334
ID_SSbNkm_Mn,-358.82621333333327
ID_SSbNkm_Zn,-17.676366222222214
ID_SSbNkm_Cu,-6.426085777777792
ID_SSbNkm_B,-1.114252444444446
ID_0Ad9Gk_N,-5648.785777777779
ID_0Ad9Gk_P,16.387811555555555
ID_0Ad9Gk_K,-756.7395555555556
ID_0Ad9Gk_Ca,-6552.250311111112
ID_0Ad9Gk_Mg,-1036.2830222222226
ID_0Ad9Gk_S,-8.640504888888902
ID_0Ad9Gk_Fe,-572.2437688888889
ID_0Ad9Gk_Mn,-332.32810666666677
ID_0Ad9Gk_Zn,-9.490894222222249
ID_0Ad9Gk_Cu,-7.738560000000006
ID_0Ad9Gk_B,-0.6167893333333317
ID_3uQvbg_N,-5645.0706666666665
ID_3uQvbg_P,-2.806810666666621
ID_3uQvbg_K,-741.8224888888888
ID_3uQvbg_Ca,-6437.216355555556
ID_3uQvbg_Mg,-841.2025333333333
ID_3uQvbg_S,-8.36867688888892
ID_3uQvbg_Fe,-538.0799244444444
ID_3uQvbg_Mn,-336.3093644444442
ID_3uQvbg_Zn,-7.466758666666661
ID_3uQvbg_Cu,-3.47491066666666
ID_3uQvbg_B,-0.5562151111111101
ID_D5zGjj_N,-5883.7880000000005
ID_D5zGjj_P,12.90016400000001
ID_D5zGjj_K,-1105.3007999999998
ID_D5zGjj_Ca,-6541.8889333333345
ID_D5zGjj_Mg,-1118.0284000000004
ID_D5zGjj_S,-5.233662666666671
ID_D5zGjj_Fe,-385.3201599999998
ID_D5zGjj_Mn,-314.77488
ID_D5zGjj_Zn,-11.54320533333333
ID_D5zGjj_Cu,-8.36110933333334
ID_D5zGjj_B,-1.0326640000000018
ID_ddsiGL_N,-5390.624000000002
ID_ddsiGL_P,-21.70126400000013
ID_ddsiGL_K,-1448.9504000000002
ID_ddsiGL_Ca,-6566.880000000001
ID_ddsiGL_Mg,-1174.1200000000003
ID_ddsiGL_S,-5.066832000000012
ID_ddsiGL_Fe,-493.4512
ID_ddsiGL_Mn,-410.7771200000001
ID_ddsiGL_Zn,-11.015456000000013
ID_ddsiGL_Cu,-6.347679999999999
ID_ddsiGL_B,-0.872799999999999
ID_QEBQ8i_N,-5767.568000000001
ID_QEBQ8i_P,19.818832000000004
ID_QEBQ8i_K,-889.1600000000003
ID_QEBQ8i_Ca,-6136.296000000001
ID_QEBQ8i_Mg,-961.9504000000002
ID_QEBQ8i_S,-6.368064000000018
ID_QEBQ8i_Fe,-458.26096
ID_QEBQ8i_Mn,-407.70416000000006
ID_QEBQ8i_Zn,-9.31040000000002
ID_QEBQ8i_Cu,-6.246352000000008
ID_QEBQ8i_B,-0.8664640000000006
ID_WC6xKx_N,-5463.122666666667
ID_WC6xKx_P,22.786662666666647
ID_WC6xKx_K,-912.5554666666667
ID_WC6xKx_Ca,-6238.587600000001
ID_WC6xKx_Mg,-969.2884000000003
ID_WC6xKx_S,-5.629710666666696
ID_WC6xKx_Fe,-433.8735333333334
ID_WC6xKx_Mn,-358.32388000000003
ID_WC6xKx_Zn,-11.44670933333333
ID_WC6xKx_Cu,-6.620284000000007
ID_WC6xKx_B,-1.0475133333333335
ID_rx5q1w_N,-5477.600000000001
ID_rx5q1w_P,-49.824320000000085
ID_rx5q1w_K,-1132.16
ID_rx5q1w_Ca,-6533.692800000001
ID_rx5q1w_Mg,-1200.7648000000002
ID_rx5q1w_S,-4.851264000000008
ID_rx5q1w_Fe,-404.4423999999999
ID_rx5q1w_Mn,-355.28528
ID_rx5q1w_Zn,-15.857552000000014
ID_rx5q1w_Cu,-6.606688000000008
ID_rx5q1w_B,-1.190991999999999
ID_xxFKBB_N,-5225.176
ID_xxFKBB_P,21.53745911111111
ID_xxFKBB_K,-838.24
ID_xxFKBB_Ca,-5987.2950222222225
ID_xxFKBB_Mg,-881.7644444444445
ID_xxFKBB_S,-5.092227555555553
ID_xxFKBB_Fe,-483.2351866666666
ID_xxFKBB_Mn,-350.02500000000003
ID_xxFKBB_Zn,-8.552618666666667
ID_xxFKBB_Cu,-5.647383555555566
ID_xxFKBB_B,-0.6862626666666669
ID_COtlQv_N,-5650.800000000001
ID_COtlQv_P,0.8596044444444289
ID_COtlQv_K,-840.7942222222223
ID_COtlQv_Ca,-6626.304444444445
ID_COtlQv_Mg,-927.4253333333335
ID_COtlQv_S,-9.031608888888918
ID_COtlQv_Fe,-398.88964444444423
ID_COtlQv_Mn,-144.17715555555557
ID_COtlQv_Zn,-9.373182222222225
ID_COtlQv_Cu,-4.215888888888885
ID_COtlQv_B,-1.003915555555557
ID_XekPK4_N,-5938.018666666667
ID_XekPK4_P,27.552248444444434
ID_XekPK4_K,-817.9411111111112
ID_XekPK4_Ca,-4847.249066666666
ID_XekPK4_Mg,-657.0017333333335
ID_XekPK4_S,-10.406863555555574
ID_XekPK4_Fe,-406.57902222222225
ID_XekPK4_Mn,-106.30809333333335
ID_XekPK4_Zn,-9.451371555555543
ID_XekPK4_Cu,-4.519457777777777
ID_XekPK4_B,-0.7728159999999983
ID_6ZBgne_N,-6050.433333333334
ID_6ZBgne_P,20.370320000000007
ID_6ZBgne_K,-577.7760000000001
ID_6ZBgne_Ca,-3829.2266666666674
ID_6ZBgne_Mg,-534.6773333333333
ID_6ZBgne_S,-9.15745333333335
ID_6ZBgne_Fe,-509.96396000000004
ID_6ZBgne_Mn,-261.44200000000006
ID_6ZBgne_Zn,-11.278100000000007
ID_6ZBgne_Cu,-4.734673333333317
ID_6ZBgne_B,-0.6162666666666646
ID_36wLt4_N,-6009.133333333333
ID_36wLt4_P,17.550801777777828
ID_36wLt4_K,-335.1402666666668
ID_36wLt4_Ca,-3109.5162666666674
ID_36wLt4_Mg,-451.8280000000001
ID_36wLt4_S,-12.402896000000002
ID_36wLt4_Fe,-572.70664
ID_36wLt4_Mn,-194.09586666666675
ID_36wLt4_Zn,-10.051317333333307
ID_36wLt4_Cu,-5.112672888888875
ID_36wLt4_B,-0.6359004444444442
ID_T7nkDq_N,-5785.706666666667
ID_T7nkDq_P,24.376981333333354
ID_T7nkDq_K,-350.11484444444454
ID_T7nkDq_Ca,-3163.7624888888895
ID_T7nkDq_Mg,-429.01724444444454
ID_T7nkDq_S,-9.983658666666692
ID_T7nkDq_Fe,-473.23893333333336
ID_T7nkDq_Mn,-249.97792
ID_T7nkDq_Zn,-10.129514666666637
ID_T7nkDq_Cu,-4.666783999999983
ID_T7nkDq_B,-0.6358435555555562
ID_UjM79D_N,-6118.887555555557
ID_UjM79D_P,9.098209777777782
ID_UjM79D_K,-257.5343555555556
ID_UjM79D_Ca,-3328.5067111111116
ID_UjM79D_Mg,-513.3182666666667
ID_UjM79D_S,-11.975846666666705
ID_UjM79D_Fe,-608.3391111111112
ID_UjM79D_Mn,-208.29375111111116
ID_UjM79D_Zn,-10.761288888888869
ID_UjM79D_Cu,-4.9575902222222155
ID_UjM79D_B,-0.6781782222222215
ID_7b4Uvk_N,-5489.264000000001
ID_7b4Uvk_P,20.646160000000037
ID_7b4Uvk_K,-862.7360000000001
ID_7b4Uvk_Ca,-6439.0848000000005
ID_7b4Uvk_Mg,-820.1008000000002
ID_7b4Uvk_S,-9.617856000000039
ID_7b4Uvk_Fe,-425.87631999999985
ID_7b4Uvk_Mn,-188.1603200000001
ID_7b4Uvk_Zn,-7.081855999999988
ID_7b4Uvk_Cu,-4.489407999999996
ID_7b4Uvk_B,-0.8115519999999999
ID_rwCnUA_N,-5865.024
ID_rwCnUA_P,-1.3261680000000169
ID_rwCnUA_K,-903.1516
ID_rwCnUA_Ca,-4957.588
ID_rwCnUA_Mg,-1111.8772
ID_rwCnUA_S,-11.140572000000052
ID_rwCnUA_Fe,-532.84896
ID_rwCnUA_Mn,-320.9652
ID_rwCnUA_Zn,-8.043967999999994
ID_rwCnUA_Cu,-5.694667999999994
ID_rwCnUA_B,-0.915799999999998
ID_Q5eW4V_N,-5305.085777777777
ID_Q5eW4V_P,-3.109786222222226
ID_Q5eW4V_K,-546.1310222222222
ID_Q5eW4V_Ca,-4767.299155555555
ID_Q5eW4V_Mg,-723.0619555555555
ID_Q5eW4V_S,-13.699821777777789
ID_Q5eW4V_Fe,-565.6574533333334
ID_Q5eW4V_Mn,-194.1999066666667
ID_Q5eW4V_Zn,-8.980531999999997
ID_Q5eW4V_Cu,-5.559018222222227
ID_Q5eW4V_B,-0.8698315555555561
ID_YdfZYX_N,-5619.253333333334
ID_YdfZYX_P,-7.673013333333358
ID_YdfZYX_K,-853.056
ID_YdfZYX_Ca,-4975.472
ID_YdfZYX_Mg,-1019.904
ID_YdfZYX_S,-10.425546666666712
ID_YdfZYX_Fe,-694.4122666666668
ID_YdfZYX_Mn,-344.1301333333334
ID_YdfZYX_Zn,-7.698826666666664
ID_YdfZYX_Cu,-6.05504
ID_YdfZYX_B,-0.8482133333333326
ID_oGOdrj_N,-2898.301333333334
ID_oGOdrj_P,-45.07847199999996
ID_oGOdrj_K,-2129.9615999999996
ID_oGOdrj_Ca,-12817.18551111111
ID_oGOdrj_Mg,-1609.4810666666667
ID_oGOdrj_S,-8.486163555555567
ID_oGOdrj_Fe,-435.2578293333334
ID_oGOdrj_Mn,-424.73302222222213
ID_oGOdrj_Zn,-6.157496000000002
ID_oGOdrj_Cu,-4.5796293333333375
ID_oGOdrj_B,-1.9303004444444443
ID_X8gbyg_N,-2939.627555555556
ID_X8gbyg_P,-21.433999111111063
ID_X8gbyg_K,-2380.5935999999997
ID_X8gbyg_Ca,-21062.800000000003
ID_X8gbyg_Mg,-1221.8799111111111
ID_X8gbyg_S,-10.210956444444452
ID_X8gbyg_Fe,-184.56814044444445
ID_X8gbyg_Mn,-463.3295111111112
ID_X8gbyg_Zn,-5.780944888888884
ID_X8gbyg_Cu,-5.752549333333339
ID_X8gbyg_B,-2.452594666666666
ID_ltJQnI_N,-3348.7960000000003
ID_ltJQnI_P,-44.6486679999999
ID_ltJQnI_K,-2261.4799999999996
ID_ltJQnI_Ca,-30594.321200000002
ID_ltJQnI_Mg,-1427.9072
ID_ltJQnI_S,-38.02919999999996
ID_ltJQnI_Fe,-148.9999879999999
ID_ltJQnI_Mn,-345.63868
ID_ltJQnI_Zn,-6.09958399999999
ID_ltJQnI_Cu,-4.522795999999994
ID_ltJQnI_B,-2.204671999999997
ID_xsnEWi_N,-3874.5022222222215
ID_xsnEWi_P,-6.40195288888895
ID_xsnEWi_K,-1142.7736000000002
ID_xsnEWi_Ca,-11065.624977777778
ID_xsnEWi_Mg,-1707.9088000000002
ID_xsnEWi_S,-6.577238222222196
ID_xsnEWi_Fe,-450.14560088888885
ID_xsnEWi_Mn,-337.28872888888884
ID_xsnEWi_Zn,-4.338040888888883
ID_xsnEWi_Cu,-5.858906666666668
ID_xsnEWi_B,-1.359809777777778
ID_1aZ58Z_N,-3618.126222222223
ID_1aZ58Z_P,-26.09271644444435
ID_1aZ58Z_K,-1849.9726222222225
ID_1aZ58Z_Ca,-10999.403911111112
ID_1aZ58Z_Mg,-1904.3941333333332
ID_1aZ58Z_S,-9.073441777777756
ID_1aZ58Z_Fe,-400.8217813333334
ID_1aZ58Z_Mn,-372.35116444444446
ID_1aZ58Z_Zn,-5.818462222222223
ID_1aZ58Z_Cu,-5.981041777777786
ID_1aZ58Z_B,-1.9079679999999979
ID_KXtNf7_N,-3161.92
ID_KXtNf7_P,-25.85521066666665
ID_KXtNf7_K,-2319.900977777778
ID_KXtNf7_Ca,-18766.4976
ID_KXtNf7_Mg,-1283.6832000000002
ID_KXtNf7_S,-11.643584000000033
ID_KXtNf7_Fe,-193.55315377777785
ID_KXtNf7_Mn,-438.3883022222222
ID_KXtNf7_Zn,-9.076787555555558
ID_KXtNf7_Cu,-4.941326222222226
ID_KXtNf7_B,-2.467514666666666
ID_UaxH4N_N,-3310.2453333333333
ID_UaxH4N_P,-23.71441777777772
ID_UaxH4N_K,-2128.624711111111
ID_UaxH4N_Ca,-9908.696355555556
ID_UaxH4N_Mg,-1486.2140444444447
ID_UaxH4N_S,-8.736881777777782
ID_UaxH4N_Fe,-352.2625493333334
ID_UaxH4N_Mn,-411.7423288888889
ID_UaxH4N_Zn,-6.439514666666672
ID_UaxH4N_Cu,-5.185287111111107
ID_UaxH4N_B,-1.973045333333331
ID_N7mz0y_N,-3311.096
ID_N7mz0y_P,-25.040507999999946
ID_N7mz0y_K,-2011.9579999999996
ID_N7mz0y_Ca,-9312.874000000002
ID_N7mz0y_Mg,-1206.5328000000002
ID_N7mz0y_S,-9.424728000000016
ID_N7mz0y_Fe,-400.920488
ID_N7mz0y_Mn,-393.7184
ID_N7mz0y_Zn,-6.456459999999995
ID_N7mz0y_Cu,-4.485876000000002
ID_N7mz0y_B,-1.850967999999999
ID_iUutuH_N,-3229.778666666667
ID_iUutuH_P,-23.42213422222219
ID_iUutuH_K,-1738.6696888888891
ID_iUutuH_Ca,-12577.660533333335
ID_iUutuH_Mg,-1915.3943555555554
ID_iUutuH_S,-9.01947244444445
ID_iUutuH_Fe,-409.8528160000002
ID_iUutuH_Mn,-387.61774666666673
ID_iUutuH_Zn,-5.452896000000004
ID_iUutuH_Cu,-5.848267555555564
ID_iUutuH_B,-2.0926226666666645
ID_GyHoXH_N,-3427.173333333333
ID_GyHoXH_P,-20.094444444444463
ID_GyHoXH_K,-2303.2175999999995
ID_GyHoXH_Ca,-24440.500977777778
ID_GyHoXH_Mg,-1276.1973333333333
ID_GyHoXH_S,-31.970650666666657
ID_GyHoXH_Fe,-184.04125688888885
ID_GyHoXH_Mn,-431.0833955555555
ID_GyHoXH_Zn,-6.21715555555555
ID_GyHoXH_Cu,-4.6960764444444445
ID_GyHoXH_B,-1.955722666666666
ID_MHKvar_N,-3299.292
ID_MHKvar_P,-19.419776000000013
ID_MHKvar_K,-2297.7864
ID_MHKvar_Ca,-25497.057600000004
ID_MHKvar_Mg,-1481.0407999999998
ID_MHKvar_S,-24.57180800000001
ID_MHKvar_Fe,-180.34407999999996
ID_MHKvar_Mn,-408.55452
ID_MHKvar_Zn,-6.088247999999995
ID_MHKvar_Cu,-5.864812000000004
ID_MHKvar_B,-1.8252280000000007
ID_Em9640_N,-3319.0631111111106
ID_Em9640_P,-31.045440000000028
ID_Em9640_K,-2337.5104888888886
ID_Em9640_Ca,-31012.76977777778
ID_Em9640_Mg,-1391.8995555555557
ID_Em9640_S,-36.80563911111108
ID_Em9640_Fe,-146.90642133333336
ID_Em9640_Mn,-485.6236444444445
ID_Em9640_Zn,-6.133004444444441
ID_Em9640_Cu,-4.546746666666665
ID_Em9640_B,-2.051761777777775
ID_gzgC5j_N,-4869.182222222222
ID_gzgC5j_P,25.095546666666692
ID_gzgC5j_K,-554.9841777777777
ID_gzgC5j_Ca,-8544.0672
ID_gzgC5j_Mg,-1048.863111111111
ID_gzgC5j_S,-7.7174737777777835
ID_gzgC5j_Fe,-795.8003555555556
ID_gzgC5j_Mn,-289.89386666666695
ID_gzgC5j_Zn,-6.163331555555553
ID_gzgC5j_Cu,-5.660010666666675
ID_gzgC5j_B,-1.1096444444444458
ID_oJuH7j_N,-5049.11288888889
ID_oJuH7j_P,16.241564444444457
ID_oJuH7j_K,-753.6035555555557
ID_oJuH7j_Ca,-6472.356977777778
ID_oJuH7j_Mg,-863.4396444444446
ID_oJuH7j_S,-12.29075911111114
ID_oJuH7j_Fe,-421.76504888888866
ID_oJuH7j_Mn,-224.2376533333334
ID_oJuH7j_Zn,-6.371420444444448
ID_oJuH7j_Cu,-5.06350222222223
ID_oJuH7j_B,-0.7907128888888877
ID_ID9v6f_N,-3422.322222222222
ID_ID9v6f_P,-19.8866844444444
ID_ID9v6f_K,-2148.578666666667
ID_ID9v6f_Ca,-8489.495111111111
ID_ID9v6f_Mg,-1356.9426666666668
ID_ID9v6f_S,-7.980151111111116
ID_ID9v6f_Fe,-392.5203422222224
ID_ID9v6f_Mn,-401.0445555555556
ID_ID9v6f_Zn,-10.05646444444445
ID_ID9v6f_Cu,-5.895817777777784
ID_ID9v6f_B,-1.9080688888888884
ID_397yyS_N,-5148.293333333334
ID_397yyS_P,25.76729333333337
ID_397yyS_K,-697.8
ID_397yyS_Ca,-6996.258444444444
ID_397yyS_Mg,-1028.8962222222224
ID_397yyS_S,-12.419253333333376
ID_397yyS_Fe,-497.56568666666664
ID_397yyS_Mn,-276.0170666666667
ID_397yyS_Zn,-5.91355111111111
ID_397yyS_Cu,-5.7009311111111085
ID_397yyS_B,-0.7405888888888877
ID_QGFpJC_N,-3131.7528888888887
ID_QGFpJC_P,-35.33743999999997
ID_QGFpJC_K,-2236.741688888889
ID_QGFpJC_Ca,-11417.778755555555
ID_QGFpJC_Mg,-1995.218311111111
ID_QGFpJC_S,-7.973514666666645
ID_QGFpJC_Fe,-376.2658337777779
ID_QGFpJC_Mn,-408.36072888888884
ID_QGFpJC_Zn,-5.355905777777776
ID_QGFpJC_Cu,-5.871533333333342
ID_QGFpJC_B,-1.9029608888888863
ID_8wLo3Z_N,-3561.5137777777777
ID_8wLo3Z_P,-40.3937146666666
ID_8wLo3Z_K,-2055.962488888889
ID_8wLo3Z_Ca,-10398.059644444445
ID_8wLo3Z_Mg,-1629.6984000000002
ID_8wLo3Z_S,-7.136348444444412
ID_8wLo3Z_Fe,-422.6510240000002
ID_8wLo3Z_Mn,-400.99404444444446
ID_8wLo3Z_Zn,-6.379021333333332
ID_8wLo3Z_Cu,-5.847106666666675
ID_8wLo3Z_B,-1.8251493333333315
ID_4ZbzQx_N,-5827.866666666667
ID_4ZbzQx_P,8.96201111111111
ID_4ZbzQx_K,-926.6039999999999
ID_4ZbzQx_Ca,-6209.765777777779
ID_4ZbzQx_Mg,-773.0033333333332
ID_4ZbzQx_S,-10.059657777777801
ID_4ZbzQx_Fe,-468.1561999999999
ID_4ZbzQx_Mn,-264.186888888889
ID_4ZbzQx_Zn,-6.985402222222217
ID_4ZbzQx_Cu,-4.844462222222223
ID_4ZbzQx_B,-0.8394377777777775
ID_c9zbuj_N,-5767.937777777779
ID_c9zbuj_P,10.178608888888906
ID_c9zbuj_K,-404.7151111111111
ID_c9zbuj_Ca,-3702.4066666666668
ID_c9zbuj_Mg,-605.9857777777778
ID_c9zbuj_S,-13.80213777777783
ID_c9zbuj_Fe,-412.8547555555555
ID_c9zbuj_Mn,-178.9479111111112
ID_c9zbuj_Zn,-6.908106666666673
ID_c9zbuj_Cu,-5.072422222222219
ID_c9zbuj_B,-0.6326533333333327
ID_G3G4GH_N,-5330.920000000001
ID_G3G4GH_P,25.447097777777792
ID_G3G4GH_K,-582.0742222222224
ID_G3G4GH_Ca,-6392.532444444445
ID_G3G4GH_Mg,-762.9044444444445
ID_G3G4GH_S,-9.66960888888892
ID_G3G4GH_Fe,-635.2443466666666
ID_G3G4GH_Mn,-264.4966222222224
ID_G3G4GH_Zn,-6.46414666666666
ID_G3G4GH_Cu,-4.794097777777779
ID_G3G4GH_B,-0.663502222222221
ID_e8dVCa_N,-3288.871111111111
ID_e8dVCa_P,-21.06862888888891
ID_e8dVCa_K,-1552.2551111111113
ID_e8dVCa_Ca,-9139.357555555556
ID_e8dVCa_Mg,-1681.9991111111112
ID_e8dVCa_S,-5.3545733333333025
ID_e8dVCa_Fe,-381.29644444444443
ID_e8dVCa_Mn,-367.3761333333333
ID_e8dVCa_Zn,-5.480128888888887
ID_e8dVCa_Cu,-5.716008888888886
ID_e8dVCa_B,-1.443877777777776
ID_8tPgoY_N,-3078.2968888888886
ID_8tPgoY_P,-25.358369777777824
ID_8tPgoY_K,-2287.9777777777776
ID_8tPgoY_Ca,-23012.02542222222
ID_8tPgoY_Mg,-1252.7344
ID_8tPgoY_S,-19.464768000000046
ID_8tPgoY_Fe,-163.64010488888886
ID_8tPgoY_Mn,-540.0440000000001
ID_8tPgoY_Zn,-6.309543111111102
ID_8tPgoY_Cu,-4.843473777777779
ID_8tPgoY_B,-2.1815875555555513
ID_q5G7pf_N,-5058.816
ID_q5G7pf_P,-1.9306680000000114
ID_q5G7pf_K,-930.3163999999999
ID_q5G7pf_Ca,-7460.348
ID_q5G7pf_Mg,-1229.6571999999999
ID_q5G7pf_S,-6.097195999999972
ID_q5G7pf_Fe,-488.43679999999995
ID_q5G7pf_Mn,-363.43828
ID_q5G7pf_Zn,-7.909339999999988
ID_q5G7pf_Cu,-5.8623680000000045
ID_q5G7pf_B,-1.5074560000000026
ID_ZRhD28_N,-5026.811555555556
ID_ZRhD28_P,-7.736506666666671
ID_ZRhD28_K,-718.8599111111112
ID_ZRhD28_Ca,-4437.381422222222
ID_ZRhD28_Mg,-1087.4805333333334
ID_ZRhD28_S,-13.417829333333358
ID_ZRhD28_Fe,-710.0066168888891
ID_ZRhD28_Mn,-322.5937955555556
ID_ZRhD28_Zn,-8.298383111111097
ID_ZRhD28_Cu,-6.128418666666665
ID_ZRhD28_B,-0.8146497777777763
ID_VbI4Iz_N,-4770.986666666667
ID_VbI4Iz_P,-16.556266666666687
ID_VbI4Iz_K,-934.7359999999999
ID_VbI4Iz_Ca,-8766.650666666666
ID_VbI4Iz_Mg,-1386.6293333333333
ID_VbI4Iz_S,-9.784106666666684
ID_VbI4Iz_Fe,-516.7725866666667
ID_VbI4Iz_Mn,-373.2325333333333
ID_VbI4Iz_Zn,-5.960853333333336
ID_VbI4Iz_Cu,-6.155679999999999
ID_VbI4Iz_B,-1.0164266666666684
ID_3kMf9w_N,-5189.367111111112
ID_3kMf9w_P,-25.162748444444446
ID_3kMf9w_K,-911.7892
ID_3kMf9w_Ca,-6117.139377777778
ID_3kMf9w_Mg,-1153.8742666666665
ID_3kMf9w_S,-10.472711555555584
ID_3kMf9w_Fe,-606.2623777777778
ID_3kMf9w_Mn,-370.3407733333334
ID_3kMf9w_Zn,-7.721788888888897
ID_3kMf9w_Cu,-6.067800000000001
ID_3kMf9w_B,-0.9955555555555559
ID_L230Y8_N,-6016.547111111111
ID_L230Y8_P,2.3159791111110977
ID_L230Y8_K,-766.1276444444445
ID_L230Y8_Ca,-5001.464711111112
ID_L230Y8_Mg,-945.1688444444444
ID_L230Y8_S,-10.708373333333345
ID_L230Y8_Fe,-662.6741866666669
ID_L230Y8_Mn,-318.3073866666667
ID_L230Y8_Zn,-15.449847999999998
ID_L230Y8_Cu,-5.976575999999997
ID_L230Y8_B,-0.7016448888888858
ID_OddLgi_N,-4005.0888888888894
ID_OddLgi_P,3.0363688888888802
ID_OddLgi_K,-1808.0051555555556
ID_OddLgi_Ca,-10902.454577777777
ID_OddLgi_Mg,-1462.909333333333
ID_OddLgi_S,-7.457413333333324
ID_OddLgi_Fe,-419.9897831111111
ID_OddLgi_Mn,-380.84174222222225
ID_OddLgi_Zn,-8.727693333333344
ID_OddLgi_Cu,-5.64613955555556
ID_OddLgi_B,-1.3922728888888876
ID_arTb8U_N,-5335.447111111111
ID_arTb8U_P,2.9508844444444335
ID_arTb8U_K,-630.5539555555556
ID_arTb8U_Ca,-5353.16631111111
ID_arTb8U_Mg,-950.4222222222221
ID_arTb8U_S,-10.0351626666667
ID_arTb8U_Fe,-635.6080888888889
ID_arTb8U_Mn,-233.14927111111112
ID_arTb8U_Zn,-8.63156266666666
ID_arTb8U_Cu,-6.044717333333337
ID_arTb8U_B,-1.1366586666666663
ID_Fnv2iI_N,-5576.782222222221
ID_Fnv2iI_P,8.049320888888857
ID_Fnv2iI_K,-645.5827555555555
ID_Fnv2iI_Ca,-6036.142044444445
ID_Fnv2iI_Mg,-1175.7516444444443
ID_Fnv2iI_S,-8.648051555555586
ID_Fnv2iI_Fe,-656.7189333333334
ID_Fnv2iI_Mn,-231.98563555555552
ID_Fnv2iI_Zn,-8.451882666666666
ID_Fnv2iI_Cu,-5.87334755555556
ID_Fnv2iI_B,-0.9146613333333337
ID_YQYvCk_N,-6142.295111111111
ID_YQYvCk_P,-5.618469333333309
ID_YQYvCk_K,-607.7358222222223
ID_YQYvCk_Ca,-6398.629155555555
ID_YQYvCk_Mg,-850.8124444444446
ID_YQYvCk_S,-11.322032000000046
ID_YQYvCk_Fe,-693.3079111111113
ID_YQYvCk_Mn,-228.81909333333334
ID_YQYvCk_Zn,-7.811872000000012
ID_YQYvCk_Cu,-4.39952888888889
ID_YQYvCk_B,-1.1321742222222235
ID_bBsgpo_N,-5352.529777777778
ID_bBsgpo_P,21.129147111111134
ID_bBsgpo_K,-595.3214666666668
ID_bBsgpo_Ca,-5260.655644444445
ID_bBsgpo_Mg,-709.1330222222223
ID_bBsgpo_S,-9.433764444444495
ID_bBsgpo_Fe,-668.1830222222223
ID_bBsgpo_Mn,-182.0739955555556
ID_bBsgpo_Zn,-7.040494666666663
ID_bBsgpo_Cu,-5.045663111111118
ID_bBsgpo_B,-0.7836564444444434
ID_e8nKgw_N,-5419.799999999999
ID_e8nKgw_P,-3.506684000000007
ID_e8nKgw_K,-763.0532
ID_e8nKgw_Ca,-8298.2812
ID_e8nKgw_Mg,-1372.9587999999999
ID_e8nKgw_S,-8.444892000000017
ID_e8nKgw_Fe,-670.6031999999999
ID_e8nKgw_Mn,-209.24164000000002
ID_e8nKgw_Zn,-7.364535999999997
ID_e8nKgw_Cu,-5.548444000000004
ID_e8nKgw_B,-1.1277520000000019
ID_88Fybn_N,-4699.56888888889
ID_88Fybn_P,3.862897777777796
ID_88Fybn_K,-684.6431111111112
ID_88Fybn_Ca,-6735.5271111111115
ID_88Fybn_Mg,-1300.139555555556
ID_88Fybn_S,-5.933324444444416
ID_88Fybn_Fe,-479.643822222222
ID_88Fybn_Mn,-201.6685333333334
ID_88Fybn_Zn,-4.987262222222227
ID_88Fybn_Cu,-5.3086533333333366
ID_88Fybn_B,-0.7452933333333334
ID_k3xqxA_N,-5181.949333333334
ID_k3xqxA_P,-7.391066666666717
ID_k3xqxA_K,-784.0759999999999
ID_k3xqxA_Ca,-10826.800799999999
ID_k3xqxA_Mg,-1409.6026666666667
ID_k3xqxA_S,-6.541821333333335
ID_k3xqxA_Fe,-567.6369333333333
ID_k3xqxA_Mn,-223.39618666666667
ID_k3xqxA_Zn,-8.041370666666674
ID_k3xqxA_Cu,-5.492349333333336
ID_k3xqxA_B,-1.0424186666666686
ID_qlVcKH_N,-4980.8679999999995
ID_qlVcKH_P,1.9363639999999904
ID_qlVcKH_K,-780.8944
ID_qlVcKH_Ca,-10965.902000000002
ID_qlVcKH_Mg,-1472.4036
ID_qlVcKH_S,-7.6164279999999955
ID_qlVcKH_Fe,-614.0376000000001
ID_qlVcKH_Mn,-267.13532
ID_qlVcKH_Zn,-8.137516000000003
ID_qlVcKH_Cu,-5.570388000000004
ID_qlVcKH_B,-1.0027440000000003
ID_E8j2A7_N,-5267.484444444445
ID_E8j2A7_P,5.138848888888909
ID_E8j2A7_K,-620.5557777777777
ID_E8j2A7_Ca,-7836.479111111109
ID_E8j2A7_Mg,-981.0051111111111
ID_E8j2A7_S,-8.684002222222244
ID_E8j2A7_Fe,-678.5893333333335
ID_E8j2A7_Mn,-287.2574222222222
ID_E8j2A7_Zn,-6.740784444444444
ID_E8j2A7_Cu,-5.0203866666666555
ID_E8j2A7_B,-0.9227488888888887
ID_Ur0qu0_N,-5233.712
ID_Ur0qu0_P,18.46240000000001
ID_Ur0qu0_K,-611.6048000000001
ID_Ur0qu0_Ca,-6017.894400000001
ID_Ur0qu0_Mg,-728.1472
ID_Ur0qu0_S,-7.9224000000000245
ID_Ur0qu0_Fe,-630.5872
ID_Ur0qu0_Mn,-258.2547200000001
ID_Ur0qu0_Zn,-6.922687999999998
ID_Ur0qu0_Cu,-4.818303999999996
ID_Ur0qu0_B,-0.8346399999999992
ID_sCvBnE_N,-4391.133333333334
ID_sCvBnE_P,1.3456840000000057
ID_sCvBnE_K,-847.874088888889
ID_sCvBnE_Ca,-8370.771066666666
ID_sCvBnE_Mg,-1156.4312444444445
ID_sCvBnE_S,-5.343181333333348
ID_sCvBnE_Fe,-389.81637777777763
ID_sCvBnE_Mn,-169.8038533333333
ID_sCvBnE_Zn,-5.91887422222222
ID_sCvBnE_Cu,-4.86440933333334
ID_sCvBnE_B,-0.9176106666666684
ID_As9Gm3_N,-5138.152444444444
ID_As9Gm3_P,8.800615111111146
ID_As9Gm3_K,-894.4494222222224
ID_As9Gm3_Ca,-8234.397422222222
ID_As9Gm3_Mg,-1195.7911555555556
ID_As9Gm3_S,-5.786862222222222
ID_As9Gm3_Fe,-473.0036222222222
ID_As9Gm3_Mn,-188.8051066666667
ID_As9Gm3_Zn,-7.460643999999992
ID_As9Gm3_Cu,-5.164544000000007
ID_As9Gm3_B,-1.3477062222222242
ID_hP5mxK_N,-4940.238666666668
ID_hP5mxK_P,-10.199922666666659
ID_hP5mxK_K,-999.8705333333335
ID_hP5mxK_Ca,-9289.316533333336
ID_hP5mxK_Mg,-986.7228000000001
ID_hP5mxK_S,-8.486110666666711
ID_hP5mxK_Fe,-566.4396000000002
ID_hP5mxK_Mn,-222.40511999999998
ID_hP5mxK_Zn,-7.529346666666673
ID_hP5mxK_Cu,-4.915866666666667
ID_hP5mxK_B,-1.2527400000000002
ID_nJAVow_N,-6442.311111111112
ID_nJAVow_P,29.2806222222222
ID_nJAVow_K,-862.8186666666667
ID_nJAVow_Ca,-5680.910666666667
ID_nJAVow_Mg,-835.6315555555557
ID_nJAVow_S,-10.081888888888926
ID_nJAVow_Fe,-410.33844444444424
ID_nJAVow_Mn,-145.3754222222222
ID_nJAVow_Zn,-8.76964888888888
ID_nJAVow_Cu,-3.732084444444438
ID_nJAVow_B,-0.9520444444444441
ID_LFFSak_N,-5434.1
ID_LFFSak_P,-6.791836000000011
ID_LFFSak_K,-1061.5176
ID_LFFSak_Ca,-9398.4504
ID_LFFSak_Mg,-1044.9792
ID_LFFSak_S,-9.985704000000052
ID_LFFSak_Fe,-585.6924
ID_LFFSak_Mn,-234.20788000000002
ID_LFFSak_Zn,-8.621792000000005
ID_LFFSak_Cu,-5.848120000000001
ID_LFFSak_B,-1.4834319999999988
ID_6PhC94_N,-5585.292444444444
ID_6PhC94_P,-1.202086222222242
ID_6PhC94_K,-1002.0808888888889
ID_6PhC94_Ca,-8248.456266666666
ID_6PhC94_Mg,-1159.9744888888888
ID_6PhC94_S,-9.882811555555602
ID_6PhC94_Fe,-623.0581333333336
ID_6PhC94_Mn,-257.45936888888883
ID_6PhC94_Zn,-8.478005333333337
ID_6PhC94_Cu,-5.763248000000007
ID_6PhC94_B,-1.4172888888888868
ID_jZ7YZI_N,-6363.392
ID_jZ7YZI_P,5.276999999999994
ID_jZ7YZI_K,-645.0495999999999
ID_jZ7YZI_Ca,-5595.7788
ID_jZ7YZI_Mg,-786.0504
ID_jZ7YZI_S,-10.728680000000054
ID_jZ7YZI_Fe,-736.7732000000001
ID_jZ7YZI_Mn,-245.81480000000002
ID_jZ7YZI_Zn,-6.74854400000001
ID_jZ7YZI_Cu,-4.502099999999999
ID_jZ7YZI_B,-1.3000280000000013
ID_C0JrTj_N,-6403.826666666667
ID_C0JrTj_P,10.952648000000003
ID_C0JrTj_K,-649.0341333333332
ID_C0JrTj_Ca,-6756.078666666667
ID_C0JrTj_Mg,-756.6714666666667
ID_C0JrTj_S,-10.129680000000025
ID_C0JrTj_Fe,-682.6173333333334
ID_C0JrTj_Mn,-216.1853066666666
ID_C0JrTj_Zn,-7.733975999999988
ID_C0JrTj_Cu,-5.584968000000013
ID_C0JrTj_B,-0.9279626666666666
ID_TSHsHN_N,-5108.432000000001
ID_TSHsHN_P,14.122912000000007
ID_TSHsHN_K,-565.6400000000001
ID_TSHsHN_Ca,-5650.656000000001
ID_TSHsHN_Mg,-687.6064000000001
ID_TSHsHN_S,-9.564240000000062
ID_TSHsHN_Fe,-632.6320000000001
ID_TSHsHN_Mn,-188.50928
ID_TSHsHN_Zn,-7.080032000000007
ID_TSHsHN_Cu,-4.4654080000000045
ID_TSHsHN_B,-0.6631839999999984
ID_z5iXrA_N,-6481.270666666665
ID_z5iXrA_P,12.669518666666676
ID_z5iXrA_K,-606.6594222222221
ID_z5iXrA_Ca,-5375.443244444445
ID_z5iXrA_Mg,-713.3367555555556
ID_z5iXrA_S,-9.749084888888948
ID_z5iXrA_Fe,-703.9476524444444
ID_z5iXrA_Mn,-216.34655555555557
ID_z5iXrA_Zn,-7.617124000000006
ID_z5iXrA_Cu,-5.355230666666672
ID_z5iXrA_B,-0.8760302222222209
ID_trXI3C_N,-4795.311999999999
ID_trXI3C_P,-9.777922666666647
ID_trXI3C_K,-1361.3416
ID_trXI3C_Ca,-9529.242666666665
ID_trXI3C_Mg,-1420.5314666666666
ID_trXI3C_S,-11.470421333333334
ID_trXI3C_Fe,-602.20832
ID_trXI3C_Mn,-281.1409866666668
ID_trXI3C_Zn,-10.641735999999986
ID_trXI3C_Cu,-5.696485333333329
ID_trXI3C_B,-1.58171466666667
ID_qdhmLw_N,-5294.512000000001
ID_qdhmLw_P,20.42989022222224
ID_qdhmLw_K,-894.7978222222223
ID_qdhmLw_Ca,-4349.819333333334
ID_qdhmLw_Mg,-885.9398222222225
ID_qdhmLw_S,-7.830096000000037
ID_qdhmLw_Fe,-411.7858177777778
ID_qdhmLw_Mn,-283.48954666666674
ID_qdhmLw_Zn,-7.204846666666667
ID_qdhmLw_Cu,-5.555268444444459
ID_qdhmLw_B,-0.8567968888888879
ID_lizK36_N,-5488.182222222222
ID_lizK36_P,-14.077753333333376
ID_lizK36_K,-939.6526666666665
ID_lizK36_Ca,-5269.300888888889
ID_lizK36_Mg,-1188.8280000000002
ID_lizK36_S,-8.135068888888924
ID_lizK36_Fe,-408.3035555555554
ID_lizK36_Mn,-356.0943777777778
ID_lizK36_Zn,-8.058888888888891
ID_lizK36_Cu,-5.681202222222231
ID_lizK36_B,-1.325300000000002
ID_p11Yv3_N,-4644.606222222223
ID_p11Yv3_P,-13.387839999999976
ID_p11Yv3_K,-907.2065777777776
ID_p11Yv3_Ca,-7932.690488888889
ID_p11Yv3_Mg,-1225.1212444444443
ID_p11Yv3_S,-5.9007075555555595
ID_p11Yv3_Fe,-657.9653404444445
ID_p11Yv3_Mn,-340.1316622222222
ID_p11Yv3_Zn,-8.033612444444431
ID_p11Yv3_Cu,-5.7343537777777795
ID_p11Yv3_B,-0.9334791111111126
ID_cDVSZJ_N,-4541.805333333333
ID_cDVSZJ_P,-7.205559111111107
ID_cDVSZJ_K,-936.5620444444444
ID_cDVSZJ_Ca,-6222.495911111111
ID_cDVSZJ_Mg,-1481.7683555555554
ID_cDVSZJ_S,-9.548216000000007
ID_cDVSZJ_Fe,-498.65026133333333
ID_cDVSZJ_Mn,-382.32015111111116
ID_cDVSZJ_Zn,-6.305651555555552
ID_cDVSZJ_Cu,-6.108489777777785
ID_cDVSZJ_B,-1.1562204444444477
ID_1AdAdF_N,-5054.24
ID_1AdAdF_P,-2.6722613333333456
ID_1AdAdF_K,-920.0472888888889
ID_1AdAdF_Ca,-7584.892444444446
ID_1AdAdF_Mg,-1197.4407999999999
ID_1AdAdF_S,-6.561609777777758
ID_1AdAdF_Fe,-567.6296000000001
ID_1AdAdF_Mn,-382.44968888888894
ID_1AdAdF_Zn,-6.696729777777778
ID_1AdAdF_Cu,-5.9522577777777785
ID_1AdAdF_B,-1.1979662222222247
ID_uKVpHe_N,-4038.307555555556
ID_uKVpHe_P,-25.18189333333332
ID_uKVpHe_K,-1110.6755555555555
ID_uKVpHe_Ca,-10169.284177777778
ID_uKVpHe_Mg,-1725.8816
ID_uKVpHe_S,-7.287077333333322
ID_uKVpHe_Fe,-442.926844
ID_uKVpHe_Mn,-375.84062666666665
ID_uKVpHe_Zn,-5.5599759999999945
ID_uKVpHe_Cu,-6.062960000000001
ID_uKVpHe_B,-1.338227555555556
ID_HoixNr_N,-4260.659555555556
ID_HoixNr_P,-13.595792888888894
ID_HoixNr_K,-1112.4710222222222
ID_HoixNr_Ca,-9910.921511111112
ID_HoixNr_Mg,-1440.9208000000003
ID_HoixNr_S,-8.215833777777775
ID_HoixNr_Fe,-491.9975822222222
ID_HoixNr_Mn,-364.7297333333334
ID_HoixNr_Zn,-7.422314666666674
ID_HoixNr_Cu,-5.976019555555551
ID_HoixNr_B,-1.3760835555555562
ID_gc6OIY_N,-4554.884
ID_gc6OIY_P,-30.226156000000046
ID_gc6OIY_K,-931.398
ID_gc6OIY_Ca,-8496.6976
ID_gc6OIY_Mg,-1322.1132
ID_gc6OIY_S,-7.747987999999999
ID_gc6OIY_Fe,-510.775272
ID_gc6OIY_Mn,-332.3906400000001
ID_gc6OIY_Zn,-7.497759999999995
ID_gc6OIY_Cu,-5.969487999999994
ID_gc6OIY_B,-1.2883800000000003
ID_Be9eug_N,-5118.7
ID_Be9eug_P,-16.82625333333337
ID_Be9eug_K,-831.895111111111
ID_Be9eug_Ca,-4953.975999999999
ID_Be9eug_Mg,-1021.8991111111111
ID_Be9eug_S,-9.234520000000025
ID_Be9eug_Fe,-637.8761644444446
ID_Be9eug_Mn,-328.78520000000003
ID_Be9eug_Zn,-6.348864444444445
ID_Be9eug_Cu,-5.847722222222224
ID_Be9eug_B,-0.8178177777777781
ID_gbRsZr_N,-4364.968888888889
ID_gbRsZr_P,-7.124407111111083
ID_gbRsZr_K,-916.7237333333335
ID_gbRsZr_Ca,-9268.31448888889
ID_gbRsZr_Mg,-1494.8650666666667
ID_gbRsZr_S,-7.570746666666661
ID_gbRsZr_Fe,-491.4271822222222
ID_gbRsZr_Mn,-342.9744355555556
ID_gbRsZr_Zn,-5.813527111111114
ID_gbRsZr_Cu,-5.914952888888888
ID_gbRsZr_B,-1.1485173333333338
ID_K4Vc56_N,-5669.046222222222
ID_K4Vc56_P,-23.557684444444448
ID_K4Vc56_K,-893.4527111111111
ID_K4Vc56_Ca,-5206.9512
ID_K4Vc56_Mg,-801.1443555555555
ID_K4Vc56_S,-9.727785777777825
ID_K4Vc56_Fe,-601.5873777777779
ID_K4Vc56_Mn,-350.6473777777779
ID_K4Vc56_Zn,-7.980884444444442
ID_K4Vc56_Cu,-4.73156088888889
ID_K4Vc56_B,-1.298869333333336
ID_PeD7k0_N,-5802.08
ID_PeD7k0_P,-19.718133333333384
ID_PeD7k0_K,-801.9359999999999
ID_PeD7k0_Ca,-6032.650666666667
ID_PeD7k0_Mg,-1141.1786666666667
ID_PeD7k0_S,-8.951626666666687
ID_PeD7k0_Fe,-581.4480533333333
ID_PeD7k0_Mn,-348.51200000000006
ID_PeD7k0_Zn,-8.358879999999997
ID_PeD7k0_Cu,-5.778506666666656
ID_PeD7k0_B,-1.0188799999999993
ID_QzRPv2_N,-6024.209777777779
ID_QzRPv2_P,12.398222222222216
ID_QzRPv2_K,-596.8533333333335
ID_QzRPv2_Ca,-5257.35608888889
ID_QzRPv2_Mg,-857.2373333333334
ID_QzRPv2_S,-5.7137706666666865
ID_QzRPv2_Fe,-664.9777777777779
ID_QzRPv2_Mn,-215.04917333333333
ID_QzRPv2_Zn,-7.306645333333337
ID_QzRPv2_Cu,-5.3055715555555585
ID_QzRPv2_B,-0.8023608888888881
ID_1n9mqC_N,-6104.846666666668
ID_1n9mqC_P,15.734639999999931
ID_1n9mqC_K,-249.41533333333336
ID_1n9mqC_Ca,-3054.1913333333337
ID_1n9mqC_Mg,-444.02266666666674
ID_1n9mqC_S,-11.599100000000025
ID_1n9mqC_Fe,-387.79613333333344
ID_1n9mqC_Mn,-176.4559333333334
ID_1n9mqC_Zn,-10.010306666666636
ID_1n9mqC_Cu,-6.3659533333333345
ID_1n9mqC_B,-0.3737399999999986
ID_yaY9O1_N,-5565.392000000001
ID_yaY9O1_P,13.80519999999995
ID_yaY9O1_K,-306.1616000000001
ID_yaY9O1_Ca,-3110.5200000000004
ID_yaY9O1_Mg,-449.72320000000013
ID_yaY9O1_S,-11.55628800000003
ID_yaY9O1_Fe,-406.2304
ID_yaY9O1_Mn,-169.84640000000007
ID_yaY9O1_Zn,-5.755999999999991
ID_yaY9O1_Cu,-6.758368000000004
ID_yaY9O1_B,-0.4791999999999978
ID_BitsKL_N,-5818.195555555557
ID_BitsKL_P,15.029853333333257
ID_BitsKL_K,-319.28177777777785
ID_BitsKL_Ca,-4114.955555555556
ID_BitsKL_Mg,-556.7986666666668
ID_BitsKL_S,-15.19351555555565
ID_BitsKL_Fe,-377.6674666666667
ID_BitsKL_Mn,-193.23764444444444
ID_BitsKL_Zn,-8.117275555555555
ID_BitsKL_Cu,-6.690106666666668
ID_BitsKL_B,-0.4537688888888885
ID_5ldhG5_N,-4473.134222222222
ID_5ldhG5_P,16.03886222222222
ID_5ldhG5_K,-608.3306666666667
ID_5ldhG5_Ca,-5764.626844444445
ID_5ldhG5_Mg,-1388.5258666666668
ID_5ldhG5_S,-9.42215111111117
ID_5ldhG5_Fe,-444.22339555555567
ID_5ldhG5_Mn,-277.05998222222223
ID_5ldhG5_Zn,-4.950823111111111
ID_5ldhG5_Cu,-7.537646222222222
ID_5ldhG5_B,-0.6358897777777758
ID_YOGIqu_N,-3315.4906666666666
ID_YOGIqu_P,-18.570717333333363
ID_YOGIqu_K,-1429.0373333333332
ID_YOGIqu_Ca,-17283.750666666667
ID_YOGIqu_Mg,-2201.4314666666664
ID_YOGIqu_S,-7.4897439999999875
ID_YOGIqu_Fe,-433.0609466666668
ID_YOGIqu_Mn,-380.4770399999999
ID_YOGIqu_Zn,-3.7876506666666647
ID_YOGIqu_Cu,-7.091541333333342
ID_YOGIqu_B,-1.5061706666666663
ID_qDlOWH_N,-6603.523555555557
ID_qDlOWH_P,-5.171989333333379
ID_qDlOWH_K,-287.92746666666676
ID_qDlOWH_Ca,-4048.144355555556
ID_qDlOWH_Mg,-598.8956444444445
ID_qDlOWH_S,-17.044238222222283
ID_qDlOWH_Fe,-468.71694222222243
ID_qDlOWH_Mn,-257.71221333333335
ID_qDlOWH_Zn,-8.646911999999997
ID_qDlOWH_Cu,-8.435100444444439
ID_qDlOWH_B,-0.5175324444444441
ID_gqebrO_N,-5735.393333333333
ID_gqebrO_P,12.199630666666621
ID_gqebrO_K,-580.2609333333334
ID_gqebrO_Ca,-4644.780533333334
ID_gqebrO_Mg,-535.7569333333334
ID_gqebrO_S,-15.274772000000077
ID_gqebrO_Fe,-411.1091600000001
ID_gqebrO_Mn,-274.44192000000004
ID_gqebrO_Zn,-7.341731999999996
ID_gqebrO_Cu,-6.944996000000003
ID_gqebrO_B,-0.670705333333332
ID_ofZNbC_N,-4489.529333333334
ID_ofZNbC_P,13.943119999999968
ID_ofZNbC_K,-701.6998666666668
ID_ofZNbC_Ca,-6098.002400000001
ID_ofZNbC_Mg,-886.1370666666668
ID_ofZNbC_S,-10.19689200000003
ID_ofZNbC_Fe,-422.26983999999993
ID_ofZNbC_Mn,-272.5435733333333
ID_ofZNbC_Zn,-4.7271639999999975
ID_ofZNbC_Cu,-6.925805333333336
ID_ofZNbC_B,-0.7682866666666649
ID_36zB0N_N,-4468.592000000001
ID_36zB0N_P,18.55657599999997
ID_36zB0N_K,-572.4320000000001
ID_36zB0N_Ca,-3995.2416000000007
ID_36zB0N_Mg,-587.5696000000002
ID_36zB0N_S,-14.071392000000085
ID_36zB0N_Fe,-397.7756800000001
ID_36zB0N_Mn,-233.1751999999999
ID_36zB0N_Zn,-4.960639999999996
ID_36zB0N_Cu,-6.468207999999996
ID_36zB0N_B,-0.6364959999999988
ID_eU3Ir4_N,-4691.260444444446
ID_eU3Ir4_P,12.794901333333279
ID_eU3Ir4_K,-627.3173333333334
ID_eU3Ir4_Ca,-6520.661333333334
ID_eU3Ir4_Mg,-829.247288888889
ID_eU3Ir4_S,-10.663523555555582
ID_eU3Ir4_Fe,-446.21987555555563
ID_eU3Ir4_Mn,-212.59015111111117
ID_eU3Ir4_Zn,-5.820480000000008
ID_eU3Ir4_Cu,-7.013198222222228
ID_eU3Ir4_B,-0.7605475555555534
ID_tVxkvi_N,-4716.647111111111
ID_tVxkvi_P,15.73875911111109
ID_tVxkvi_K,-477.1776000000001
ID_tVxkvi_Ca,-4541.6064
ID_tVxkvi_Mg,-649.3703111111113
ID_tVxkvi_S,-15.671914666666751
ID_tVxkvi_Fe,-389.6250311111111
ID_tVxkvi_Mn,-306.07331555555544
ID_tVxkvi_Zn,-5.872746666666663
ID_tVxkvi_Cu,-6.838876444444449
ID_tVxkvi_B,-0.6183822222222212
ID_vp8mnr_N,-4904.462222222223
ID_vp8mnr_P,9.762906666666627
ID_vp8mnr_K,-539.9466666666667
ID_vp8mnr_Ca,-4522.131555555557
ID_vp8mnr_Mg,-606.5235555555557
ID_vp8mnr_S,-11.680848888888946
ID_vp8mnr_Fe,-416.5918222222223
ID_vp8mnr_Mn,-268.97533333333337
ID_vp8mnr_Zn,-5.972764444444445
ID_vp8mnr_Cu,-6.829586666666673
ID_vp8mnr_B,-0.661155555555554
ID_zJbXDX_N,-4589.478666666667
ID_zJbXDX_P,7.8372813333332445
ID_zJbXDX_K,-673.5798666666668
ID_zJbXDX_Ca,-6138.801066666668
ID_zJbXDX_Mg,-812.8030666666668
ID_zJbXDX_S,-9.988754666666697
ID_zJbXDX_Fe,-412.3673573333335
ID_zJbXDX_Mn,-298.89546666666666
ID_zJbXDX_Zn,-6.016391999999998
ID_zJbXDX_Cu,-6.759256000000003
ID_zJbXDX_B,-0.7713453333333323
ID_XOgLPh_N,-4479.909333333334
ID_XOgLPh_P,8.39045599999993
ID_XOgLPh_K,-694.8968000000001
ID_XOgLPh_Ca,-6014.194933333334
ID_XOgLPh_Mg,-846.9072000000001
ID_XOgLPh_S,-9.686686666666688
ID_XOgLPh_Fe,-415.12607733333334
ID_XOgLPh_Mn,-294.71989333333335
ID_XOgLPh_Zn,-4.486713333333332
ID_XOgLPh_Cu,-6.759256000000003
ID_XOgLPh_B,-0.683877333333331
ID_7RR43z_N,-4581.062666666667
ID_7RR43z_P,10.465516444444376
ID_7RR43z_K,-595.3544
ID_7RR43z_Ca,-6163.490177777777
ID_7RR43z_Mg,-862.5268888888888
ID_7RR43z_S,-10.765833777777807
ID_7RR43z_Fe,-408.3860577777777
ID_7RR43z_Mn,-304.08025777777766
ID_7RR43z_Zn,-4.819645777777784
ID_7RR43z_Cu,-6.950489333333336
ID_7RR43z_B,-0.7324951111111103
ID_cAhXGG_N,-3954.031111111111
ID_cAhXGG_P,2.4865399999999696
ID_cAhXGG_K,-714.9631111111112
ID_cAhXGG_Ca,-10187.273333333333
ID_cAhXGG_Mg,-1364.6604444444445
ID_cAhXGG_S,-9.34660666666666
ID_cAhXGG_Fe,-420.5512599999999
ID_cAhXGG_Mn,-304.42768888888867
ID_cAhXGG_Zn,-5.324137777777783
ID_cAhXGG_Cu,-8.473811111111111
ID_cAhXGG_B,-1.3966511111111117
ID_TlWsgh_N,-4620.135555555556
ID_TlWsgh_P,15.470462222222213
ID_TlWsgh_K,-592.3059111111111
ID_TlWsgh_Ca,-5616.188488888889
ID_TlWsgh_Mg,-845.9636
ID_TlWsgh_S,-11.006548888888908
ID_TlWsgh_Fe,-431.6565244444444
ID_TlWsgh_Mn,-273.36886666666663
ID_TlWsgh_Zn,-6.40315244444444
ID_TlWsgh_Cu,-7.166244000000003
ID_TlWsgh_B,-0.7145155555555541
ID_fboU5S_N,-4715.3528888888895
ID_fboU5S_P,13.580892444444434
ID_fboU5S_K,-604.2901333333334
ID_fboU5S_Ca,-5507.190755555556
ID_fboU5S_Mg,-1133.8574222222223
ID_fboU5S_S,-10.972693333333368
ID_fboU5S_Fe,-427.8951822222222
ID_fboU5S_Mn,-275.87463111111106
ID_fboU5S_Zn,-6.9059342222222195
ID_fboU5S_Cu,-7.0969244444444515
ID_fboU5S_B,-0.7352604444444434
ID_O0VTAB_N,-3740.869333333333
ID_O0VTAB_P,-0.8293168888889468
ID_O0VTAB_K,-630.349688888889
ID_O0VTAB_Ca,-7370.628133333334
ID_O0VTAB_Mg,-1439.243866666667
ID_O0VTAB_S,-8.798798666666684
ID_O0VTAB_Fe,-451.6650555555556
ID_O0VTAB_Mn,-229.98724444444449
ID_O0VTAB_Zn,-4.955097333333336
ID_O0VTAB_Cu,-7.596358222222221
ID_O0VTAB_B,-0.7872524444444436
ID_nY2rwk_N,-3377.0826666666676
ID_nY2rwk_P,0.5986222222221613
ID_nY2rwk_K,-755.9414222222223
ID_nY2rwk_Ca,-7398.012444444445
ID_nY2rwk_Mg,-1141.9916444444445
ID_nY2rwk_S,-7.614711111111134
ID_nY2rwk_Fe,-442.3385119999999
ID_nY2rwk_Mn,-219.7902666666667
ID_nY2rwk_Zn,-5.147097777777782
ID_nY2rwk_Cu,-7.351157333333332
ID_nY2rwk_B,-1.2572960000000004
ID_wBfne1_N,-3253.5288888888895
ID_wBfne1_P,-2.9924693333333465
ID_wBfne1_K,-753.7877333333336
ID_wBfne1_Ca,-11998.92977777778
ID_wBfne1_Mg,-1549.6711111111113
ID_wBfne1_S,-7.950385777777775
ID_wBfne1_Fe,-424.278976
ID_wBfne1_Mn,-308.22172444444425
ID_wBfne1_Zn,-4.176021333333332
ID_wBfne1_Cu,-7.892423111111111
ID_wBfne1_B,-1.4554951111111132
ID_9fRorR_N,-3155.755555555556
ID_9fRorR_P,0.7502399999999412
ID_9fRorR_K,-1282.4026666666668
ID_9fRorR_Ca,-8955.840444444446
ID_9fRorR_Mg,-1369.2831111111113
ID_9fRorR_S,-6.478875555555547
ID_9fRorR_Fe,-421.71322666666674
ID_9fRorR_Mn,-308.3362666666667
ID_9fRorR_Zn,-4.9264933333333385
ID_9fRorR_Cu,-6.948631111111115
ID_9fRorR_B,-1.42915111111111
ID_GiQzTk_N,-3084.8480000000004
ID_GiQzTk_P,1.7243679999999273
ID_GiQzTk_K,-806.1680000000001
ID_GiQzTk_Ca,-9558.384000000002
ID_GiQzTk_Mg,-1345.8064000000002
ID_GiQzTk_S,-7.393920000000005
ID_GiQzTk_Fe,-391.267936
ID_GiQzTk_Mn,-318.15296000000006
ID_GiQzTk_Zn,-4.811167999999999
ID_GiQzTk_Cu,-6.665056000000004
ID_GiQzTk_B,-1.4558560000000003
ID_Dd8w9m_N,-3003.564444444445
ID_Dd8w9m_P,1.2355599999999356
ID_Dd8w9m_K,-1246.1222222222223
ID_Dd8w9m_Ca,-15466.603555555557
ID_Dd8w9m_Mg,-1900.979111111111
ID_Dd8w9m_S,-7.571640000000002
ID_Dd8w9m_Fe,-380.2336933333333
ID_Dd8w9m_Mn,-364.95204444444437
ID_Dd8w9m_Zn,-3.8271288888888892
ID_Dd8w9m_Cu,-7.731293333333333
ID_Dd8w9m_B,-1.5809022222222227
ID_h2bh00_N,-2846.386666666667
ID_h2bh00_P,-13.63463111111112
ID_h2bh00_K,-1238.304888888889
ID_h2bh00_Ca,-16706.772888888892
ID_h2bh00_Mg,-1883.9902222222227
ID_h2bh00_S,-7.2911155555555425
ID_h2bh00_Fe,-337.5973999999998
ID_h2bh00_Mn,-410.5908
ID_h2bh00_Zn,-3.6223822222222233
ID_h2bh00_Cu,-6.830417777777777
ID_h2bh00_B,-1.5731777777777773
ID_a1BtxW_N,-5092.3751111111105
ID_a1BtxW_P,6.633209333333298
ID_a1BtxW_K,-662.6622222222222
ID_a1BtxW_Ca,-6750.060622222223
ID_a1BtxW_Mg,-768.8122222222222
ID_a1BtxW_S,-10.15663822222226
ID_a1BtxW_Fe,-351.0237422222223
ID_a1BtxW_Mn,-250.09287555555542
ID_a1BtxW_Zn,-8.982616000000004
ID_a1BtxW_Cu,-7.314248888888883
ID_a1BtxW_B,-0.8279173333333325
ID_ypl08x_N,-4755.5848888888895
ID_ypl08x_P,15.506722666666604
ID_ypl08x_K,-348.1756888888889
ID_ypl08x_Ca,-4278.389022222222
ID_ypl08x_Mg,-619.4864888888889
ID_ypl08x_S,-16.99258577777788
ID_ypl08x_Fe,-386.6264262222222
ID_ypl08x_Mn,-246.2086888888885
ID_ypl08x_Zn,-5.665639111111108
ID_ypl08x_Cu,-7.279545333333336
ID_ypl08x_B,-0.5690217777777768
ID_QiSs5W_N,-4437.384
ID_QiSs5W_P,6.9940759999999855
ID_QiSs5W_K,-607.5866666666667
ID_QiSs5W_Ca,-4456.317333333333
ID_QiSs5W_Mg,-709.8789333333334
ID_QiSs5W_S,-11.706640000000046
ID_QiSs5W_Fe,-453.44095866666675
ID_QiSs5W_Mn,-302.33843999999993
ID_QiSs5W_Zn,-8.009359999999997
ID_QiSs5W_Cu,-6.9528893333333475
ID_QiSs5W_B,-0.7221599999999994
ID_kOEzis_N,-4633.031111111111
ID_kOEzis_P,15.119955555555542
ID_kOEzis_K,-422.95066666666673
ID_kOEzis_Ca,-4290.549777777778
ID_kOEzis_Mg,-602.372888888889
ID_kOEzis_S,-13.79490222222232
ID_kOEzis_Fe,-469.05116444444457
ID_kOEzis_Mn,-278.5306666666666
ID_kOEzis_Zn,-10.119373333333316
ID_kOEzis_Cu,-7.988302222222223
ID_kOEzis_B,-0.6285466666666655
ID_h4qVua_N,-4606.153333333334
ID_h4qVua_P,11.246559999999974
ID_h4qVua_K,-560.2316
ID_h4qVua_Ca,-4492.7648
ID_h4qVua_Mg,-736.2032000000002
ID_h4qVua_S,-13.489990666666735
ID_h4qVua_Fe,-468.91006666666675
ID_h4qVua_Mn,-299.1312799999998
ID_h4qVua_Zn,-6.035631999999997
ID_h4qVua_Cu,-6.924078666666671
ID_h4qVua_B,-0.7384399999999995
ID_yAX9TW_N,-4510.075555555557
ID_yAX9TW_P,6.872986666666648
ID_yAX9TW_K,-605.6288888888889
ID_yAX9TW_Ca,-5527.575555555557
ID_yAX9TW_Mg,-786.5764444444444
ID_yAX9TW_S,-10.710013333333364
ID_yAX9TW_Fe,-496.79120888888895
ID_yAX9TW_Mn,-274.65279999999996
ID_yAX9TW_Zn,-5.83079111111112
ID_yAX9TW_Cu,-7.497115555555552
ID_yAX9TW_B,-0.8020533333333333
ID_iMJjNB_N,-4722.96
ID_iMJjNB_P,-6.312626666666716
ID_iMJjNB_K,-657.8754666666667
ID_iMJjNB_Ca,-6199.414133333333
ID_iMJjNB_Mg,-842.3944
ID_iMJjNB_S,-11.51566666666669
ID_iMJjNB_Fe,-536.1053440000001
ID_iMJjNB_Mn,-285.8241066666665
ID_iMJjNB_Zn,-6.425661333333339
ID_iMJjNB_Cu,-7.691181333333328
ID_iMJjNB_B,-1.0253946666666667
ID_V7v10K_N,-4326.328444444445
ID_V7v10K_P,4.558508888888873
ID_V7v10K_K,-588.5352888888889
ID_V7v10K_Ca,-5363.62768888889
ID_V7v10K_Mg,-772.3533777777778
ID_V7v10K_S,-10.483410666666721
ID_V7v10K_Fe,-531.7009555555558
ID_V7v10K_Mn,-271.6510666666666
ID_V7v10K_Zn,-6.541541777777779
ID_V7v10K_Cu,-7.355721777777773
ID_V7v10K_B,-0.7996351111111121
ID_W3skyM_N,-4343.80888888889
ID_W3skyM_P,1.4041657777777488
ID_W3skyM_K,-641.6517777777779
ID_W3skyM_Ca,-5894.462933333335
ID_W3skyM_Mg,-962.3083111111112
ID_W3skyM_S,-8.394578222222279
ID_W3skyM_Fe,-501.5661760000001
ID_W3skyM_Mn,-289.12289333333325
ID_W3skyM_Zn,-5.069523111111111
ID_W3skyM_Cu,-7.476942666666665
ID_W3skyM_B,-0.8400084444444446
ID_jrGPsk_N,-4637.677333333334
ID_jrGPsk_P,-5.048634666666679
ID_jrGPsk_K,-639.1205333333334
ID_jrGPsk_Ca,-5385.155466666667
ID_jrGPsk_Mg,-674.8868000000001
ID_jrGPsk_S,-10.327082666666712
ID_jrGPsk_Fe,-612.8918666666668
ID_jrGPsk_Mn,-289.16101333333324
ID_jrGPsk_Zn,-6.138491999999999
ID_jrGPsk_Cu,-7.707590666666667
ID_jrGPsk_B,-0.9314813333333344
ID_8DAJVI_N,-3372.5120000000006
ID_8DAJVI_P,-0.06560000000004607
ID_8DAJVI_K,-871.8512000000003
ID_8DAJVI_Ca,-11476.6512
ID_8DAJVI_Mg,-1875.9280000000003
ID_8DAJVI_S,-8.321856000000011
ID_8DAJVI_Fe,-387.3291039999999
ID_8DAJVI_Mn,-268.18448000000006
ID_8DAJVI_Zn,-6.172352000000004
ID_8DAJVI_Cu,-7.712271999999996
ID_8DAJVI_B,-1.3946559999999995
ID_feWyoX_N,-3479.986666666667
ID_feWyoX_P,-2.120711111111156
ID_feWyoX_K,-831.6715555555556
ID_feWyoX_Ca,-7668.141333333335
ID_feWyoX_Mg,-1219.4386666666667
ID_feWyoX_S,-8.295537777777803
ID_feWyoX_Fe,-464.70499111111104
ID_feWyoX_Mn,-290.63506666666666
ID_feWyoX_Zn,-5.9603466666666725
ID_feWyoX_Cu,-7.880893333333334
ID_feWyoX_B,-1.4361911111111159
ID_W6zGf1_N,-4058.624
ID_W6zGf1_P,5.231439999999999
ID_W6zGf1_K,-654.0224000000001
ID_W6zGf1_Ca,-5359.732800000002
ID_W6zGf1_Mg,-854.5312
ID_W6zGf1_S,-8.334864000000042
ID_W6zGf1_Fe,-510.5964640000003
ID_W6zGf1_Mn,-286.47007999999994
ID_W6zGf1_Zn,-5.926784000000006
ID_W6zGf1_Cu,-7.452735999999994
ID_W6zGf1_B,-0.7958079999999992
ID_xifVoY_N,-3466.0640000000003
ID_xifVoY_P,0.4301919999999768
ID_xifVoY_K,-1035.344
ID_xifVoY_Ca,-8115.705600000001
ID_xifVoY_Mg,-1130.608
ID_xifVoY_S,-8.232912000000027
ID_xifVoY_Fe,-398.85808
ID_xifVoY_Mn,-279.76736000000005
ID_xifVoY_Zn,-6.2537600000000015
ID_xifVoY_Cu,-7.615695999999997
ID_xifVoY_B,-1.4128959999999997
ID_EfNC9B_N,-4006.587111111111
ID_EfNC9B_P,-5.621150666666701
ID_EfNC9B_K,-841.2622666666666
ID_EfNC9B_Ca,-6444.845111111112
ID_EfNC9B_Mg,-973.2276888888888
ID_EfNC9B_S,-7.988080888888927
ID_EfNC9B_Fe,-498.889668888889
ID_EfNC9B_Mn,-286.68177777777777
ID_EfNC9B_Zn,-5.52228488888889
ID_EfNC9B_Cu,-7.2862168888888865
ID_EfNC9B_B,-1.15397688888889
ID_UiWHEa_N,-3297.036
ID_UiWHEa_P,-1.674027111111144
ID_UiWHEa_K,-737.950088888889
ID_UiWHEa_Ca,-7032.808666666668
ID_UiWHEa_Mg,-1327.4884000000002
ID_UiWHEa_S,-8.117521777777803
ID_UiWHEa_Fe,-431.08895066666673
ID_UiWHEa_Mn,-268.0682311111111
ID_UiWHEa_Zn,-5.496603555555556
ID_UiWHEa_Cu,-7.4922062222222285
ID_UiWHEa_B,-1.2488448888888914
ID_0hSrFq_N,-3250.7644444444445
ID_0hSrFq_P,-2.1420213333333677
ID_0hSrFq_K,-801.3892000000001
ID_0hSrFq_Ca,-7575.2368444444455
ID_0hSrFq_Mg,-1279.8995555555557
ID_0hSrFq_S,-7.287487111111123
ID_0hSrFq_Fe,-401.80167155555574
ID_0hSrFq_Mn,-277.5883777777778
ID_0hSrFq_Zn,-5.124243555555559
ID_0hSrFq_Cu,-6.642293333333342
ID_0hSrFq_B,-1.4637959999999994
ID_QeyWn5_N,-3387.077333333334
ID_QeyWn5_P,-61.535350666666716
ID_QeyWn5_K,-897.5088000000002
ID_QeyWn5_Ca,-12254.930666666667
ID_QeyWn5_Mg,-2087.2064000000005
ID_QeyWn5_S,-9.434445333333358
ID_QeyWn5_Fe,-421.5087253333334
ID_QeyWn5_Mn,-291.9809066666667
ID_QeyWn5_Zn,-3.7578626666666657
ID_QeyWn5_Cu,-6.897093333333342
ID_QeyWn5_B,-1.4909213333333362
ID_W3V0QI_N,-5616.314666666666
ID_W3V0QI_P,-39.99577599999999
ID_W3V0QI_K,-997.6967999999999
ID_W3V0QI_Ca,-7294.969333333333
ID_W3V0QI_Mg,-1069.7205333333334
ID_W3V0QI_S,-8.863367999999994
ID_W3V0QI_Fe,-371.2959999999999
ID_W3V0QI_Mn,-306.29698666666656
ID_W3V0QI_Zn,-13.196855999999995
ID_W3V0QI_Cu,-10.42378666666666
ID_W3V0QI_B,-1.3746400000000019
ID_Hvm5q6_N,-3721.052444444445
ID_Hvm5q6_P,8.188895999999957
ID_Hvm5q6_K,-651.0261333333334
ID_Hvm5q6_Ca,-8708.737422222222
ID_Hvm5q6_Mg,-1308.9496888888889
ID_Hvm5q6_S,-7.320149333333347
ID_Hvm5q6_Fe,-396.9993991111111
ID_Hvm5q6_Mn,-251.99875555555542
ID_Hvm5q6_Zn,-4.3283484444444404
ID_Hvm5q6_Cu,-6.410702222222224
ID_Hvm5q6_B,-1.0577600000000014
ID_nEi04u_N,-4033.9582222222225
ID_nEi04u_P,11.88352266666664
ID_nEi04u_K,-568.9027555555557
ID_nEi04u_Ca,-6500.197733333333
ID_nEi04u_Mg,-1445.9485777777782
ID_nEi04u_S,-8.7816008888889
ID_nEi04u_Fe,-422.7474524444444
ID_nEi04u_Mn,-241.5436666666666
ID_nEi04u_Zn,-5.481446222222231
ID_nEi04u_Cu,-6.613517333333337
ID_nEi04u_B,-1.21467777777778
ID_x20xZi_N,-3771.511111111112
ID_x20xZi_P,2.9320044444444093
ID_x20xZi_K,-637.3431111111113
ID_x20xZi_Ca,-8317.581333333334
ID_x20xZi_Mg,-1941.332
ID_x20xZi_S,-8.722337777777796
ID_x20xZi_Fe,-403.7582933333335
ID_x20xZi_Mn,-252.92951111111117
ID_x20xZi_Zn,-4.155368888888888
ID_x20xZi_Cu,-6.82411111111112
ID_x20xZi_B,-1.0621422222222237
ID_YJ7DGb_N,-4035.2960000000003
ID_YJ7DGb_P,-4.360496000000026
ID_YJ7DGb_K,-659.696
ID_YJ7DGb_Ca,-5644.996800000001
ID_YJ7DGb_Mg,-937.4368000000003
ID_YJ7DGb_S,-7.8133440000000505
ID_YJ7DGb_Fe,-508.749856
ID_YJ7DGb_Mn,-285.87392000000006
ID_YJ7DGb_Zn,-4.9701439999999995
ID_YJ7DGb_Cu,-7.311471999999995
ID_YJ7DGb_B,-0.8166879999999999
ID_ElmwOk_N,-4270.160000000001
ID_ElmwOk_P,6.949456000000005
ID_ElmwOk_K,-624.8144
ID_ElmwOk_Ca,-5930.990400000001
ID_ElmwOk_Mg,-879.9472000000002
ID_ElmwOk_S,-8.969952000000031
ID_ElmwOk_Fe,-475.50856000000016
ID_ElmwOk_Mn,-272.89568
ID_ElmwOk_Zn,-5.1797600000000035
ID_ElmwOk_Cu,-7.336431999999994
ID_ElmwOk_B,-1.191472000000002
ID_RBeJRT_N,-3926.192
ID_RBeJRT_P,3.0464799999999954
ID_RBeJRT_K,-697.2320000000002
ID_RBeJRT_Ca,-5663.9808
ID_RBeJRT_Mg,-858.1360000000001
ID_RBeJRT_S,-8.305920000000032
ID_RBeJRT_Fe,-495.8486560000001
ID_RBeJRT_Mn,-297.67904
ID_RBeJRT_Zn,-5.559440000000002
ID_RBeJRT_Cu,-7.566783999999998
ID_RBeJRT_B,-1.1444320000000023
ID_AHw6lP_N,-4146.169333333334
ID_AHw6lP_P,-8.622588000000015
ID_AHw6lP_K,-786.5433333333335
ID_AHw6lP_Ca,-6355.882533333333
ID_AHw6lP_Mg,-1276.398266666667
ID_AHw6lP_S,-8.666670666666704
ID_AHw6lP_Fe,-435.8585093333333
ID_AHw6lP_Mn,-322.2671333333334
ID_AHw6lP_Zn,-5.450045333333337
ID_AHw6lP_Cu,-7.566250666666664
ID_AHw6lP_B,-0.8525973333333337
ID_Qbbpm8_N,-3918.5777777777785
ID_Qbbpm8_P,-4.395061333333359
ID_Qbbpm8_K,-812.5171555555557
ID_Qbbpm8_Ca,-6374.641333333333
ID_Qbbpm8_Mg,-955.6436444444446
ID_Qbbpm8_S,-7.1053457777778135
ID_Qbbpm8_Fe,-489.92186488888905
ID_Qbbpm8_Mn,-280.2597333333334
ID_Qbbpm8_Zn,-5.413275555555552
ID_Qbbpm8_Cu,-7.169167111111108
ID_Qbbpm8_B,-1.2634675555555583
ID_sqzaGF_N,-3351.113333333334
ID_sqzaGF_P,-15.133848
ID_sqzaGF_K,-1100.4168000000002
ID_sqzaGF_Ca,-8568.4184
ID_sqzaGF_Mg,-1505.1322666666667
ID_sqzaGF_S,-7.663033333333335
ID_sqzaGF_Fe,-376.0754880000001
ID_sqzaGF_Mn,-301.05873333333335
ID_sqzaGF_Zn,-5.3311519999999994
ID_sqzaGF_Cu,-7.116626666666675
ID_sqzaGF_B,-1.5717786666666684
ID_3awyli_N,-3343.479555555556
ID_3awyli_P,-9.178426222222235
ID_3awyli_K,-1143.8268888888892
ID_3awyli_Ca,-7927.574533333334
ID_3awyli_Mg,-1217.7219555555555
ID_3awyli_S,-7.76010133333336
ID_3awyli_Fe,-368.93410400000005
ID_3awyli_Mn,-294.6290888888889
ID_3awyli_Zn,-5.362805777777778
ID_3awyli_Cu,-7.621694666666662
ID_3awyli_B,-1.677080000000001
ID_rQjlx3_N,-3000.7253333333338
ID_rQjlx3_P,-9.642343111111138
ID_rQjlx3_K,-993.4172444444443
ID_rQjlx3_Ca,-6387.51288888889
ID_rQjlx3_Mg,-1014.5927111111113
ID_rQjlx3_S,-7.123427555555583
ID_rQjlx3_Fe,-395.8111182222223
ID_rQjlx3_Mn,-288.78933333333333
ID_rQjlx3_Zn,-5.2271857777777795
ID_rQjlx3_Cu,-7.053607111111106
ID_rQjlx3_B,-1.4416817777777802
ID_FXwffG_N,-3276.771555555556
ID_FXwffG_P,-33.455390666666645
ID_FXwffG_K,-907.7280444444447
ID_FXwffG_Ca,-11636.834844444445
ID_FXwffG_Mg,-1807.1212888888892
ID_FXwffG_S,-7.597618666666673
ID_FXwffG_Fe,-398.0106048888892
ID_FXwffG_Mn,-310.0940088888889
ID_FXwffG_Zn,-4.695677333333333
ID_FXwffG_Cu,-6.831662666666678
ID_FXwffG_B,-1.213999555555557
ID_rAEkHO_N,-3153.6613333333335
ID_rAEkHO_P,-7.990554666666661
ID_rAEkHO_K,-1267.3650666666665
ID_rAEkHO_Ca,-7426.9104
ID_rAEkHO_Mg,-1149.307733333333
ID_rAEkHO_S,-8.287693333333351
ID_rAEkHO_Fe,-422.0271653333335
ID_rAEkHO_Mn,-320.2136
ID_rAEkHO_Zn,-6.076466666666676
ID_rAEkHO_Cu,-7.906413333333327
ID_rAEkHO_B,-1.5956986666666648
ID_herSgX_N,-3336.7893333333336
ID_herSgX_P,-23.091610666666682
ID_herSgX_K,-1090.6595555555557
ID_herSgX_Ca,-7333.0961777777775
ID_herSgX_Mg,-1162.3449777777778
ID_herSgX_S,-11.361115555555578
ID_herSgX_Fe,-459.4339315555556
ID_herSgX_Mn,-318.9436622222221
ID_herSgX_Zn,-6.130959111111112
ID_herSgX_Cu,-8.321750222222215
ID_herSgX_B,-1.642013333333334
ID_aDKRLX_N,-4321.909333333333
ID_aDKRLX_P,3.964920888888855
ID_aDKRLX_K,-839.7639111111112
ID_aDKRLX_Ca,-8439.758933333334
ID_aDKRLX_Mg,-1244.4686222222224
ID_aDKRLX_S,-8.50227200000002
ID_aDKRLX_Fe,-384.4103111111112
ID_aDKRLX_Mn,-331.8148977777777
ID_aDKRLX_Zn,-4.6541368888888845
ID_aDKRLX_Cu,-8.483086222222218
ID_aDKRLX_B,-0.9549297777777773
ID_NrDlmF_N,-3685.2364444444447
ID_NrDlmF_P,-1.7797351111111652
ID_NrDlmF_K,-621.5852444444445
ID_NrDlmF_Ca,-7844.489155555556
ID_NrDlmF_Mg,-1211.461688888889
ID_NrDlmF_S,-7.6318124444444635
ID_NrDlmF_Fe,-402.9478284444444
ID_NrDlmF_Mn,-248.9421511111111
ID_NrDlmF_Zn,-6.177841777777777
ID_NrDlmF_Cu,-7.111173333333329
ID_NrDlmF_B,-1.166418666666668
ID_Q4er9R_N,-3468.1066666666666
ID_Q4er9R_P,4.809435555555503
ID_Q4er9R_K,-968.628888888889
ID_Q4er9R_Ca,-11033.134222222223
ID_Q4er9R_Mg,-1479.9040000000005
ID_Q4er9R_S,-9.000368888888904
ID_Q4er9R_Fe,-383.0838177777777
ID_Q4er9R_Mn,-258.05453333333344
ID_Q4er9R_Zn,-4.124813333333335
ID_Q4er9R_Cu,-7.455999999999993
ID_Q4er9R_B,-1.4608800000000026
ID_jyTemf_N,-3146.232888888889
ID_jyTemf_P,5.310591999999943
ID_jyTemf_K,-980.502755555556
ID_jyTemf_Ca,-9628.887822222223
ID_jyTemf_Mg,-1476.5006222222223
ID_jyTemf_S,-7.070410666666671
ID_jyTemf_Fe,-360.6300444444444
ID_jyTemf_Mn,-236.64835555555555
ID_jyTemf_Zn,-5.8912604444444465
ID_jyTemf_Cu,-6.668344888888888
ID_jyTemf_B,-1.4162595555555557
ID_fV6xnl_N,-3940.4480000000003
ID_fV6xnl_P,2.082735999999983
ID_fV6xnl_K,-767.7248
ID_fV6xnl_Ca,-6587.409600000001
ID_fV6xnl_Mg,-1040.5072
ID_fV6xnl_S,-7.971024000000032
ID_fV6xnl_Fe,-476.09339200000016
ID_fV6xnl_Mn,-280.02080000000007
ID_fV6xnl_Zn,-5.4937759999999995
ID_fV6xnl_Cu,-7.346559999999996
ID_fV6xnl_B,-1.2045760000000016
ID_8QEFpn_N,-3860.8160000000007
ID_8QEFpn_P,3.4784319999999695
ID_8QEFpn_K,-750.5984000000001
ID_8QEFpn_Ca,-7098.2880000000005
ID_8QEFpn_Mg,-1104.8176000000003
ID_8QEFpn_S,-7.867392000000017
ID_8QEFpn_Fe,-454.4159680000002
ID_8QEFpn_Mn,-282.87248
ID_8QEFpn_Zn,-5.618864
ID_8QEFpn_Cu,-6.740464000000009
ID_8QEFpn_B,-1.3419520000000031
ID_O35LPk_N,-2988.242666666667
ID_O35LPk_P,2.1895066666666523
ID_O35LPk_K,-1187.4677333333334
ID_O35LPk_Ca,-7153.241600000001
ID_O35LPk_Mg,-1079.1296
ID_O35LPk_S,-6.1992026666666895
ID_O35LPk_Fe,-345.98757866666676
ID_O35LPk_Mn,-290.16672
ID_O35LPk_Zn,-5.267392000000004
ID_O35LPk_Cu,-7.195906666666661
ID_O35LPk_B,-1.4823226666666673
ID_ohu5MZ_N,-3350.0666666666675
ID_ohu5MZ_P,-9.668266666666689
ID_ohu5MZ_K,-877.3760000000002
ID_ohu5MZ_Ca,-7160.214
ID_ohu5MZ_Mg,-1222.7726666666667
ID_ohu5MZ_S,-6.989880000000017
ID_ohu5MZ_Fe,-406.0172733333333
ID_ohu5MZ_Mn,-275.22546666666665
ID_ohu5MZ_Zn,-4.97847333333333
ID_ohu5MZ_Cu,-6.966366666666666
ID_ohu5MZ_B,-1.421453333333334
ID_HxCy04_N,-3456.8875555555564
ID_HxCy04_P,-11.221076000000018
ID_HxCy04_K,-636.0262666666667
ID_HxCy04_Ca,-5311.795333333334
ID_HxCy04_Mg,-1109.2432888888889
ID_HxCy04_S,-8.719663111111146
ID_HxCy04_Fe,-549.9490111111119
ID_HxCy04_Mn,-242.19979111111113
ID_HxCy04_Zn,-4.8543733333333305
ID_HxCy04_Cu,-6.686442666666664
ID_HxCy04_B,-0.9505493333333342
ID_b6YMx9_N,-3307.1324444444454
ID_b6YMx9_P,-9.512135111111142
ID_b6YMx9_K,-735.6174222222223
ID_b6YMx9_Ca,-6747.805866666667
ID_b6YMx9_Mg,-1265.8382222222226
ID_b6YMx9_S,-7.066666666666688
ID_b6YMx9_Fe,-436.78531555555566
ID_b6YMx9_Mn,-258.4430577777778
ID_b6YMx9_Zn,-4.98146844444444
ID_b6YMx9_Cu,-6.931349333333336
ID_b6YMx9_B,-1.1313920000000015
ID_0d2dU1_N,-3372.4493333333335
ID_0d2dU1_P,-28.241363555555537
ID_0d2dU1_K,-831.4619555555557
ID_0d2dU1_Ca,-8929.720533333333
ID_0d2dU1_Mg,-1615.8868444444445
ID_0d2dU1_S,-7.939248888888912
ID_0d2dU1_Fe,-392.5085271111113
ID_0d2dU1_Mn,-309.76361777777777
ID_0d2dU1_Zn,-5.8758324444444465
ID_0d2dU1_Cu,-6.962075111111116
ID_0d2dU1_B,-1.5578582222222253
ID_e3AekG_N,-3257.043555555556
ID_e3AekG_P,-23.202193777777737
ID_e3AekG_K,-939.6182222222222
ID_e3AekG_Ca,-7950.135822222223
ID_e3AekG_Mg,-1289.0536888888892
ID_e3AekG_S,-7.390320888888912
ID_e3AekG_Fe,-374.0448320000002
ID_e3AekG_Mn,-304.15354666666667
ID_e3AekG_Zn,-5.682515555555563
ID_e3AekG_Cu,-7.2988168888889
ID_e3AekG_B,-1.5124026666666677
ID_dpmY2f_N,-3500.9542222222226
ID_dpmY2f_P,-22.24793955555554
ID_dpmY2f_K,-854.7275111111112
ID_dpmY2f_Ca,-10241.168000000001
ID_dpmY2f_Mg,-1506.1356
ID_dpmY2f_S,-8.180723111111138
ID_dpmY2f_Fe,-404.45099155555585
ID_dpmY2f_Mn,-297.88366222222214
ID_dpmY2f_Zn,-4.738330222222224
ID_dpmY2f_Cu,-7.3975231111111075
ID_dpmY2f_B,-1.5200542222222244
ID_MC76Yq_N,-3375.0400000000004
ID_MC76Yq_P,-47.50406266666664
ID_MC76Yq_K,-856.5572000000001
ID_MC76Yq_Ca,-6803.898266666668
ID_MC76Yq_Mg,-1168.3484000000003
ID_MC76Yq_S,-8.630114666666682
ID_MC76Yq_Fe,-463.4464000000002
ID_MC76Yq_Mn,-306.5840666666666
ID_MC76Yq_Zn,-6.085557333333334
ID_MC76Yq_Cu,-8.201022666666669
ID_MC76Yq_B,-1.3254573333333348
ID_yWsT6x_N,-3403.7688888888897
ID_yWsT6x_P,-16.49296888888884
ID_yWsT6x_K,-926.2520000000003
ID_yWsT6x_Ca,-10678.988000000001
ID_yWsT6x_Mg,-1565.0195555555558
ID_yWsT6x_S,-8.385297777777804
ID_yWsT6x_Fe,-396.93643555555576
ID_yWsT6x_Mn,-307.39222222222213
ID_yWsT6x_Zn,-4.238724444444446
ID_yWsT6x_Cu,-7.566733333333326
ID_yWsT6x_B,-1.4401022222222235
ID_VdlrRh_N,-2985.6897777777776
ID_VdlrRh_P,-21.42080577777776
ID_VdlrRh_K,-1367.1196
ID_VdlrRh_Ca,-8850.719644444445
ID_VdlrRh_Mg,-1551.7556444444444
ID_VdlrRh_S,-7.4872680000000145
ID_VdlrRh_Fe,-362.9939128888894
ID_VdlrRh_Mn,-340.4834533333334
ID_VdlrRh_Zn,-5.79910444444445
ID_VdlrRh_Cu,-7.314015555555559
ID_VdlrRh_B,-1.7311057777777785
ID_qp9RrM_N,-3303.8106666666663
ID_qp9RrM_P,-20.396961777777747
ID_qp9RrM_K,-1598.6174666666666
ID_qp9RrM_Ca,-8801.236666666668
ID_qp9RrM_Mg,-1438.1543555555556
ID_qp9RrM_S,-9.687663555555567
ID_qp9RrM_Fe,-431.73993688888925
ID_qp9RrM_Mn,-345.3755155555556
ID_qp9RrM_Zn,-6.3956826666666675
ID_qp9RrM_Cu,-8.372177777777775
ID_qp9RrM_B,-1.5938333333333325
ID_Pj1U2K_N,-3411.1666666666674
ID_Pj1U2K_P,-36.14883333333336
ID_Pj1U2K_K,-2279.1277777777777
ID_Pj1U2K_Ca,-8505.016666666666
ID_Pj1U2K_Mg,-1457.0777777777782
ID_Pj1U2K_S,-11.832555555555594
ID_Pj1U2K_Fe,-406.5205000000002
ID_Pj1U2K_Mn,-496.7705555555556
ID_Pj1U2K_Zn,-10.985722222222217
ID_Pj1U2K_Cu,-8.645388888888887
ID_Pj1U2K_B,-1.8812222222222237
ID_S9K3M3_N,-3720.5777777777776
ID_S9K3M3_P,-18.714911999999984
ID_S9K3M3_K,-962.1182222222222
ID_S9K3M3_Ca,-8297.827466666668
ID_S9K3M3_Mg,-1092.3159111111113
ID_S9K3M3_S,-10.840866666666688
ID_S9K3M3_Fe,-433.33511111111113
ID_S9K3M3_Mn,-330.54594666666657
ID_S9K3M3_Zn,-6.432619555555556
ID_S9K3M3_Cu,-8.127338666666661
ID_S9K3M3_B,-1.657956444444446
ID_Psq88c_N,-3452.6906666666673
ID_Psq88c_P,-62.39320799999996
ID_Psq88c_K,-862.4525333333333
ID_Psq88c_Ca,-11804.828133333336
ID_Psq88c_Mg,-1779.9633333333336
ID_Psq88c_S,-9.024682666666678
ID_Psq88c_Fe,-454.2804640000005
ID_Psq88c_Mn,-317.3856
ID_Psq88c_Zn,-4.453363999999999
ID_Psq88c_Cu,-7.204094666666677
ID_Psq88c_B,-1.4074986666666693
ID_6nSiBE_N,-3883.464
ID_6nSiBE_P,-72.73991999999997
ID_6nSiBE_K,-1281.9317333333336
ID_6nSiBE_Ca,-13086.189599999998
ID_6nSiBE_Mg,-2633.4103999999998
ID_6nSiBE_S,-8.846749333333339
ID_6nSiBE_Fe,-423.8971199999998
ID_6nSiBE_Mn,-306.4819199999999
ID_6nSiBE_Zn,-5.406855999999997
ID_6nSiBE_Cu,-9.52303466666666
ID_6nSiBE_B,-1.249746666666667
ID_kLMnae_N,-4588.550222222223
ID_kLMnae_P,0.895838222222153
ID_kLMnae_K,-865.2325777777778
ID_kLMnae_Ca,-6684.669333333335
ID_kLMnae_Mg,-1037.4795555555556
ID_kLMnae_S,-7.44899111111112
ID_kLMnae_Fe,-398.727292
ID_kLMnae_Mn,-272.0365377777778
ID_kLMnae_Zn,-5.781656444444455
ID_kLMnae_Cu,-6.992207555555559
ID_kLMnae_B,-1.3892231111111137
ID_VYl37E_N,-5936.888
ID_VYl37E_P,-65.69207999999979
ID_VYl37E_K,-1125.358
ID_VYl37E_Ca,-9021.939199999999
ID_VYl37E_Mg,-1240.6396
ID_VYl37E_S,-8.839935999999994
ID_VYl37E_Fe,-431.95959999999997
ID_VYl37E_Mn,-306.569
ID_VYl37E_Zn,-9.161552
ID_VYl37E_Cu,-10.495203999999998
ID_VYl37E_B,-1.2935280000000011
ID_gJ9PsJ_N,-5781.4400000000005
ID_gJ9PsJ_P,-31.156106666666574
ID_gJ9PsJ_K,-1237.8506666666667
ID_gJ9PsJ_Ca,-9774.549333333332
ID_gJ9PsJ_Mg,-1382.6506666666667
ID_gJ9PsJ_S,-7.7569599999999745
ID_gJ9PsJ_Fe,-405.5098666666667
ID_gJ9PsJ_Mn,-288.6565333333333
ID_gJ9PsJ_Zn,-8.900799999999995
ID_gJ9PsJ_Cu,-10.341973333333334
ID_gJ9PsJ_B,-1.2721599999999995
ID_uh6JdH_N,-6304.216
ID_uh6JdH_P,-59.26961199999988
ID_uh6JdH_K,-887.9364
ID_uh6JdH_Ca,-7067.878000000001
ID_uh6JdH_Mg,-936.4083999999999
ID_uh6JdH_S,-11.610288000000025
ID_uh6JdH_Fe,-382.46704
ID_uh6JdH_Mn,-302.2374
ID_uh6JdH_Zn,-8.710712000000001
ID_uh6JdH_Cu,-10.145036000000008
ID_uh6JdH_B,-1.1775160000000013
ID_efdC4a_N,-4346.051555555557
ID_efdC4a_P,-13.335495111111143
ID_efdC4a_K,-1067.9751111111113
ID_efdC4a_Ca,-10638.448355555558
ID_efdC4a_Mg,-1397.9285333333335
ID_efdC4a_S,-8.271651555555561
ID_efdC4a_Fe,-412.1806364444445
ID_efdC4a_Mn,-320.86926222222223
ID_efdC4a_Zn,-4.547662222222224
ID_efdC4a_Cu,-8.77179733333333
ID_efdC4a_B,-1.4708764444444433
ID_OtxMIT_N,-3610.776
ID_OtxMIT_P,-36.02974133333332
ID_OtxMIT_K,-1365.7698666666665
ID_OtxMIT_Ca,-14739.924266666663
ID_OtxMIT_Mg,-1939.1807999999999
ID_OtxMIT_S,-8.25329066666665
ID_OtxMIT_Fe,-435.253648
ID_OtxMIT_Mn,-344.72005333333317
ID_OtxMIT_Zn,-3.926274666666662
ID_OtxMIT_Cu,-7.877938666666664
ID_OtxMIT_B,-1.6477333333333377
ID_HUaGq8_N,-3471.4311111111115
ID_HUaGq8_P,-11.431942222222226
ID_HUaGq8_K,-1079.064
ID_HUaGq8_Ca,-13191.080000000002
ID_HUaGq8_Mg,-1616.8760000000002
ID_HUaGq8_S,-8.110786666666666
ID_HUaGq8_Fe,-403.8390577777778
ID_HUaGq8_Mn,-327.66742222222217
ID_HUaGq8_Zn,-3.6941022222222197
ID_HUaGq8_Cu,-8.436124444444458
ID_HUaGq8_B,-1.6020711111111137
ID_GSMyoa_N,-3448.452888888889
ID_GSMyoa_P,-2.373521777777867
ID_GSMyoa_K,-1001.2937333333334
ID_GSMyoa_Ca,-7767.5990666666685
ID_GSMyoa_Mg,-1076.4426222222223
ID_GSMyoa_S,-8.1303617777778
ID_GSMyoa_Fe,-413.1531351111111
ID_GSMyoa_Mn,-272.02247555555556
ID_GSMyoa_Zn,-6.434399111111117
ID_GSMyoa_Cu,-7.2811071111111065
ID_GSMyoa_B,-1.47630311111111
ID_LlyabC_N,-3258.3097777777784
ID_LlyabC_P,-7.311543111111135
ID_LlyabC_K,-1219.184711111111
ID_LlyabC_Ca,-7564.99151111111
ID_LlyabC_Mg,-1149.0195555555554
ID_LlyabC_S,-8.037360888888909
ID_LlyabC_Fe,-398.1540835555556
ID_LlyabC_Mn,-330.11244444444435
ID_LlyabC_Zn,-5.679600888888889
ID_LlyabC_Cu,-7.752236888888885
ID_LlyabC_B,-1.577182666666667
ID_vElu5P_N,-3298.0822222222228
ID_vElu5P_P,-8.250009333333374
ID_vElu5P_K,-910.6100444444446
ID_vElu5P_Ca,-11069.153022222223
ID_vElu5P_Mg,-1743.6280444444446
ID_vElu5P_S,-7.377652444444447
ID_vElu5P_Fe,-364.20905244444435
ID_vElu5P_Mn,-267.46855555555555
ID_vElu5P_Zn,-4.405298666666672
ID_vElu5P_Cu,-7.057786222222228
ID_vElu5P_B,-1.6438413333333362
ID_4nitAf_N,-3027.715555555556
ID_4nitAf_P,-31.17097777777775
ID_4nitAf_K,-1213.6257777777782
ID_4nitAf_Ca,-14675.292888888893
ID_4nitAf_Mg,-1904.0200000000002
ID_4nitAf_S,-13.79192000000004
ID_4nitAf_Fe,-373.4350088888894
ID_4nitAf_Mn,-335.78884444444446
ID_4nitAf_Zn,-3.1240577777777796
ID_4nitAf_Cu,-7.145702222222229
ID_4nitAf_B,-1.602071111111112
ID_IP46pR_N,-3030.344444444445
ID_IP46pR_P,-42.027959555555526
ID_IP46pR_K,-1338.6433333333337
ID_IP46pR_Ca,-16343.002311111111
ID_IP46pR_Mg,-1758.9789777777778
ID_IP46pR_S,-8.145912444444473
ID_IP46pR_Fe,-349.6755991111117
ID_IP46pR_Mn,-348.5883466666667
ID_IP46pR_Zn,-5.281462222222219
ID_IP46pR_Cu,-6.859241777777785
ID_IP46pR_B,-1.8079079999999976
ID_TdWa9l_N,-3351.52
ID_TdWa9l_P,-33.643626666666705
ID_TdWa9l_K,-1037.3013333333333
ID_TdWa9l_Ca,-12431.434666666666
ID_TdWa9l_Mg,-1499.9146666666668
ID_TdWa9l_S,-10.541013333333357
ID_TdWa9l_Fe,-441.845866666667
ID_TdWa9l_Mn,-361.3290666666666
ID_TdWa9l_Zn,-6.362933333333338
ID_TdWa9l_Cu,-8.290666666666663
ID_TdWa9l_B,-1.7685333333333315
ID_e4xhGB_N,-3662.992444444444
ID_e4xhGB_P,-35.549926222222254
ID_e4xhGB_K,-919.2051555555556
ID_e4xhGB_Ca,-11515.11071111111
ID_e4xhGB_Mg,-1409.1627555555553
ID_e4xhGB_S,-11.199572000000039
ID_e4xhGB_Fe,-453.1130542222224
ID_e4xhGB_Mn,-356.43437777777774
ID_e4xhGB_Zn,-6.507056444444444
ID_e4xhGB_Cu,-8.409123111111105
ID_e4xhGB_B,-1.7824319999999991
ID_ETNScj_N,-3154.464888888889
ID_ETNScj_P,-27.847559111111167
ID_ETNScj_K,-1978.8222666666666
ID_ETNScj_Ca,-8900.248488888888
ID_ETNScj_Mg,-1386.785777777778
ID_ETNScj_S,-9.983108000000012
ID_ETNScj_Fe,-438.58343555555587
ID_ETNScj_Mn,-381.1584266666667
ID_ETNScj_Zn,-6.359517333333335
ID_ETNScj_Cu,-8.222343999999996
ID_ETNScj_B,-1.7025671111111138
ID_lDa2WI_N,-3021.2613333333334
ID_lDa2WI_P,-28.05366444444435
ID_lDa2WI_K,-993.4660888888891
ID_lDa2WI_Ca,-8170.9510222222225
ID_lDa2WI_Mg,-1281.2739111111114
ID_lDa2WI_S,-7.383216444444457
ID_lDa2WI_Fe,-376.5800120000001
ID_lDa2WI_Mn,-310.4069422222222
ID_lDa2WI_Zn,-5.198667999999995
ID_lDa2WI_Cu,-7.4471235555555495
ID_lDa2WI_B,-1.5536284444444464
ID_sgjifJ_N,-3208.630222222223
ID_sgjifJ_P,-23.47316088888885
ID_sgjifJ_K,-950.9942222222222
ID_sgjifJ_Ca,-12126.084755555557
ID_sgjifJ_Mg,-1778.7668444444444
ID_sgjifJ_S,-7.851971555555551
ID_sgjifJ_Fe,-398.7885515555558
ID_sgjifJ_Mn,-318.04816888888894
ID_sgjifJ_Zn,-4.110311555555554
ID_sgjifJ_Cu,-6.9950604444444595
ID_sgjifJ_B,-1.4647946666666691
ID_jILMjL_N,-3220.4799999999996
ID_jILMjL_P,-17.79104000000006
ID_jILMjL_K,-1366.1760000000002
ID_jILMjL_Ca,-12946.96
ID_jILMjL_Mg,-1461.6426666666666
ID_jILMjL_S,-10.277706666666695
ID_jILMjL_Fe,-433.44736000000023
ID_jILMjL_Mn,-341.06346666666667
ID_jILMjL_Zn,-6.178933333333336
ID_jILMjL_Cu,-8.288319999999999
ID_jILMjL_B,-1.6808533333333338
ID_aulHoa_N,-5757.084444444445
ID_aulHoa_P,-26.67315111111114
ID_aulHoa_K,-983.5888888888892
ID_aulHoa_Ca,-7129.654666666668
ID_aulHoa_Mg,-1193.9040000000002
ID_aulHoa_S,-8.972502222222271
ID_aulHoa_Fe,-394.4412444444444
ID_aulHoa_Mn,-245.6069333333334
ID_aulHoa_Zn,-6.544568888888892
ID_aulHoa_Cu,-9.997733333333333
ID_aulHoa_B,-1.2816044444444472
ID_RSANup_N,-6465.259999999999
ID_RSANup_P,-25.34564399999995
ID_RSANup_K,-840.3408
ID_RSANup_Ca,-5936.592
ID_RSANup_Mg,-836.3968000000001
ID_RSANup_S,-13.61546000000002
ID_RSANup_Fe,-386.86155999999977
ID_RSANup_Mn,-149.50143999999997
ID_RSANup_Zn,-7.098087999999993
ID_RSANup_Cu,-9.448807999999996
ID_RSANup_B,-0.7618800000000003
ID_PgSNak_N,-4565.882222222222
ID_PgSNak_P,-3.730973333333381
ID_PgSNak_K,-836.8375555555555
ID_PgSNak_Ca,-7497.898666666665
ID_PgSNak_Mg,-1241.3395555555555
ID_PgSNak_S,-8.654511111111116
ID_PgSNak_Fe,-387.94906666666674
ID_PgSNak_Mn,-339.278822222222
ID_PgSNak_Zn,-5.4163933333333345
ID_PgSNak_Cu,-8.504477777777806
ID_PgSNak_B,-1.2653977777777785
ID_eAv6Xx_N,-3731.9555555555557
ID_eAv6Xx_P,9.948603111111098
ID_eAv6Xx_K,-630.8341333333335
ID_eAv6Xx_Ca,-6495.493777777779
ID_eAv6Xx_Mg,-1496.7522666666666
ID_eAv6Xx_S,-8.605020888888916
ID_eAv6Xx_Fe,-416.55368488888917
ID_eAv6Xx_Mn,-281.90709333333325
ID_eAv6Xx_Zn,-4.179017333333331
ID_eAv6Xx_Cu,-6.977238222222243
ID_eAv6Xx_B,-1.1355195555555562
ID_kJEGGo_N,-3432.6720000000005
ID_kJEGGo_P,0.09607822222217521
ID_kJEGGo_K,-891.0165333333334
ID_kJEGGo_Ca,-6458.334577777779
ID_kJEGGo_Mg,-944.4874666666667
ID_kJEGGo_S,-7.098005333333369
ID_kJEGGo_Fe,-560.8359608888891
ID_kJEGGo_Mn,-257.0420622222222
ID_kJEGGo_Zn,-7.949212444444445
ID_kJEGGo_Cu,-6.998695111111108
ID_kJEGGo_B,-1.225731555555556
ID_wjd9Bu_N,-3478.493333333334
ID_wjd9Bu_P,-1.5935800000000526
ID_wjd9Bu_K,-781.8446666666667
ID_wjd9Bu_Ca,-6458.5526666666665
ID_wjd9Bu_Mg,-1012.436666666667
ID_wjd9Bu_S,-7.244306666666702
ID_wjd9Bu_Fe,-478.31924666666674
ID_wjd9Bu_Mn,-262.29833333333335
ID_wjd9Bu_Zn,-6.782140000000005
ID_wjd9Bu_Cu,-7.053726666666662
ID_wjd9Bu_B,-1.3170600000000001
ID_4tnReL_N,-3742.7888888888883
ID_4tnReL_P,-22.21704444444444
ID_4tnReL_K,-885.6793333333334
ID_4tnReL_Ca,-11369.790222222222
ID_4tnReL_Mg,-1914.171333333333
ID_4tnReL_S,-15.727675555555614
ID_4tnReL_Fe,-409.496897777778
ID_4tnReL_Mn,-283.6811777777778
ID_4tnReL_Zn,-4.728335555555555
ID_4tnReL_Cu,-7.9081644444444334
ID_4tnReL_B,-1.3877066666666682
ID_A3JVAQ_N,-3355.0880000000006
ID_A3JVAQ_P,-8.858192000000017
ID_A3JVAQ_K,-880.7744000000001
ID_A3JVAQ_Ca,-7408.4976
ID_A3JVAQ_Mg,-1187.5072
ID_A3JVAQ_S,-8.004576000000025
ID_A3JVAQ_Fe,-383.78228800000005
ID_A3JVAQ_Mn,-272.95088
ID_A3JVAQ_Zn,-5.099504000000002
ID_A3JVAQ_Cu,-7.377183999999995
ID_A3JVAQ_B,-1.277776000000002
ID_8Ao6HZ_N,-3567.9626666666663
ID_8Ao6HZ_P,-25.214941333333314
ID_8Ao6HZ_K,-784.9525333333333
ID_8Ao6HZ_Ca,-6554.633066666666
ID_8Ao6HZ_Mg,-754.8170666666666
ID_8Ao6HZ_S,-9.543821333333348
ID_8Ao6HZ_Fe,-528.6488826666669
ID_8Ao6HZ_Mn,-284.92072
ID_8Ao6HZ_Zn,-9.807914666666663
ID_8Ao6HZ_Cu,-7.564615999999993
ID_8Ao6HZ_B,-1.4447626666666677
ID_wW0JRO_N,-3625.9
ID_wW0JRO_P,-7.583381333333371
ID_wW0JRO_K,-794.7918666666667
ID_wW0JRO_Ca,-6550.354533333335
ID_wW0JRO_Mg,-1007.1221333333335
ID_wW0JRO_S,-9.612538666666698
ID_wW0JRO_Fe,-490.997142666667
ID_wW0JRO_Mn,-265.9467200000001
ID_wW0JRO_Zn,-8.33456533333333
ID_wW0JRO_Cu,-7.554805333333329
ID_wW0JRO_B,-1.522840000000003
ID_BuxqSv_N,-2885.264
ID_BuxqSv_P,-15.43572800000004
ID_BuxqSv_K,-1353.9104
ID_BuxqSv_Ca,-7034.563200000001
ID_BuxqSv_Mg,-1112.656
ID_BuxqSv_S,-7.250592000000012
ID_BuxqSv_Fe,-394.03048000000024
ID_BuxqSv_Mn,-336.71696000000003
ID_BuxqSv_Zn,-5.716976000000007
ID_BuxqSv_Cu,-7.9913919999999985
ID_BuxqSv_B,-1.7109279999999991
ID_E2BiW6_N,-2991.9466666666667
ID_E2BiW6_P,-36.72597333333337
ID_E2BiW6_K,-1740.7665777777777
ID_E2BiW6_Ca,-18492.102400000003
ID_E2BiW6_Mg,-1298.557155555556
ID_E2BiW6_S,-11.46803200000005
ID_E2BiW6_Fe,-177.77349688888884
ID_E2BiW6_Mn,-404.68657777777787
ID_E2BiW6_Zn,-9.196657777777771
ID_E2BiW6_Cu,-8.01149155555555
ID_E2BiW6_B,-2.804124444444443
ID_uJO2zg_N,-3352.8022222222226
ID_uJO2zg_P,-39.53975333333335
ID_uJO2zg_K,-1560.3975999999998
ID_uJO2zg_Ca,-8903.747866666667
ID_uJO2zg_Mg,-1278.9613777777777
ID_uJO2zg_S,-11.070451555555575
ID_uJO2zg_Fe,-429.68890622222256
ID_uJO2zg_Mn,-378.78657333333337
ID_uJO2zg_Zn,-8.042143111111116
ID_uJO2zg_Cu,-8.421169333333328
ID_uJO2zg_B,-1.8539564444444434
ID_r59XIZ_N,-3092.884444444445
ID_r59XIZ_P,-15.77039111111111
ID_r59XIZ_K,-1208.5413333333336
ID_r59XIZ_Ca,-7677.26888888889
ID_r59XIZ_Mg,-1320.5164444444445
ID_r59XIZ_S,-8.282973333333349
ID_r59XIZ_Fe,-399.53556444444484
ID_r59XIZ_Mn,-346.5629777777778
ID_r59XIZ_Zn,-6.02908444444445
ID_r59XIZ_Cu,-7.815235555555563
ID_r59XIZ_B,-1.9224888888888851
ID_WCxLtl_N,-3401.813333333334
ID_WCxLtl_P,-49.373120000000085
ID_WCxLtl_K,-1278.8053333333337
ID_WCxLtl_Ca,-7843.12
ID_WCxLtl_Mg,-1195.0613333333333
ID_WCxLtl_S,-10.357866666666695
ID_WCxLtl_Fe,-475.8464000000001
ID_WCxLtl_Mn,-382.5034666666666
ID_WCxLtl_Zn,-8.790400000000004
ID_WCxLtl_Cu,-8.338773333333332
ID_WCxLtl_B,-1.7179733333333347
ID_pdbvNo_N,-2993.493333333334
ID_pdbvNo_P,-27.01605777777779
ID_pdbvNo_K,-1211.8022222222223
ID_pdbvNo_Ca,-8365.69288888889
ID_pdbvNo_Mg,-1405.1480000000004
ID_pdbvNo_S,-7.468240000000012
ID_pdbvNo_Fe,-409.10321777777807
ID_pdbvNo_Mn,-350.3753333333333
ID_pdbvNo_Zn,-5.819204444444448
ID_pdbvNo_Cu,-7.573871111111103
ID_pdbvNo_B,-1.7894133333333333
ID_u6HvaL_N,-3241.288
ID_u6HvaL_P,-35.99257688888886
ID_u6HvaL_K,-1855.0478222222225
ID_u6HvaL_Ca,-16940.991822222222
ID_u6HvaL_Mg,-1232.001688888889
ID_u6HvaL_S,-16.695449777777853
ID_u6HvaL_Fe,-177.38430044444436
ID_u6HvaL_Mn,-410.6202222222222
ID_u6HvaL_Zn,-11.339216888888892
ID_u6HvaL_Cu,-8.414943999999993
ID_u6HvaL_B,-2.8867822222222186
ID_4yemiz_N,-3066.4906666666666
ID_4yemiz_P,-19.312140444444452
ID_4yemiz_K,-1747.309511111111
ID_4yemiz_Ca,-14482.705244444442
ID_4yemiz_Mg,-1387.072711111111
ID_4yemiz_S,-10.649541333333353
ID_4yemiz_Fe,-262.789480888889
ID_4yemiz_Mn,-400.6857244444444
ID_4yemiz_Zn,-8.419711999999993
ID_4yemiz_Cu,-8.125861333333326
ID_4yemiz_B,-2.462410666666665
ID_RMUTQp_N,-3113.3866666666663
ID_RMUTQp_P,-36.54495999999999
ID_RMUTQp_K,-1313.050666666667
ID_RMUTQp_Ca,-14976.671999999999
ID_RMUTQp_Mg,-1449.4719999999998
ID_RMUTQp_S,-10.172586666666685
ID_RMUTQp_Fe,-427.1995200000004
ID_RMUTQp_Mn,-385.7578666666667
ID_RMUTQp_Zn,-6.292693333333344
ID_RMUTQp_Cu,-8.233013333333334
ID_RMUTQp_B,-1.859306666666665
ID_dTENfi_N,-3338.7800000000007
ID_dTENfi_P,-28.25829066666671
ID_dTENfi_K,-1211.0714666666668
ID_dTENfi_Ca,-8195.867866666667
ID_dTENfi_Mg,-1538.6148
ID_dTENfi_S,-8.513885333333352
ID_dTENfi_Fe,-421.79480933333355
ID_dTENfi_Mn,-307.86673333333323
ID_dTENfi_Zn,-6.664829333333334
ID_dTENfi_Cu,-7.74493599999999
ID_dTENfi_B,-1.6322613333333327
ID_TPAul6_N,-3466.4266666666663
ID_TPAul6_P,-9.733792000000044
ID_TPAul6_K,-1255.0429333333332
ID_TPAul6_Ca,-10233.291466666664
ID_TPAul6_Mg,-1337.8738666666666
ID_TPAul6_S,-10.50177600000002
ID_TPAul6_Fe,-461.81600266666675
ID_TPAul6_Mn,-296.99255999999997
ID_TPAul6_Zn,-6.282274666666673
ID_TPAul6_Cu,-8.00789866666666
ID_TPAul6_B,-1.5478186666666691
ID_EH2sRs_N,-3043.3280000000004
ID_EH2sRs_P,-23.81071999999996
ID_EH2sRs_K,-1125.7232000000001
ID_EH2sRs_Ca,-12792.657600000002
ID_EH2sRs_Mg,-1845.4672000000003
ID_EH2sRs_S,-6.552911999999999
ID_EH2sRs_Fe,-407.78574400000014
ID_EH2sRs_Mn,-333.2153600000001
ID_EH2sRs_Zn,-4.522496000000003
ID_EH2sRs_Cu,-7.018240000000015
ID_EH2sRs_B,-1.5166240000000004
ID_VBH23a_N,-2958.3680000000004
ID_VBH23a_P,-25.355023999999943
ID_VBH23a_K,-1356.6752000000004
ID_VBH23a_Ca,-14196.571200000004
ID_VBH23a_Mg,-1735.9264000000003
ID_VBH23a_S,-7.944240000000022
ID_VBH23a_Fe,-368.3321920000003
ID_VBH23a_Mn,-331.48592
ID_VBH23a_Zn,-3.5764160000000014
ID_VBH23a_Cu,-7.045744000000011
ID_VBH23a_B,-1.5418239999999983
ID_PJfmpN_N,-3199.696444444445
ID_PJfmpN_P,-6.662657777777817
ID_PJfmpN_K,-1157.1588
ID_PJfmpN_Ca,-7565.694533333334
ID_PJfmpN_Mg,-1302.9793333333337
ID_PJfmpN_S,-8.234324000000026
ID_PJfmpN_Fe,-412.71112000000005
ID_PJfmpN_Mn,-285.3936399999999
ID_PJfmpN_Zn,-5.898552888888889
ID_PJfmpN_Cu,-7.798080888888885
ID_PJfmpN_B,-1.6178808888888878
ID_LhBwQQ_N,-3352.0160000000005
ID_LhBwQQ_P,-8.857328000000024
ID_LhBwQQ_K,-763.9040000000001
ID_LhBwQQ_Ca,-11913.580800000002
ID_LhBwQQ_Mg,-1886.2336000000005
ID_LhBwQQ_S,-7.6610879999999995
ID_LhBwQQ_Fe,-426.8852320000001
ID_LhBwQQ_Mn,-322.51616
ID_LhBwQQ_Zn,-3.8993599999999984
ID_LhBwQQ_Cu,-6.856432000000011
ID_LhBwQQ_B,-1.4549920000000023
ID_YBQqQQ_N,-3353.120000000001
ID_YBQqQQ_P,-8.489400888888923
ID_YBQqQQ_K,-789.2135555555557
ID_YBQqQQ_Ca,-7471.678400000002
ID_YBQqQQ_Mg,-1523.3192000000004
ID_YBQqQQ_S,-8.026158222222247
ID_YBQqQQ_Fe,-397.1164173333335
ID_YBQqQQ_Mn,-271.02550222222226
ID_YBQqQQ_Zn,-5.381844444444443
ID_YBQqQQ_Cu,-7.676824444444442
ID_YBQqQQ_B,-1.4564640000000024
ID_PS1wFb_N,-3243.3440000000005
ID_PS1wFb_P,-2.78460800000002
ID_PS1wFb_K,-1130.9408000000003
ID_PS1wFb_Ca,-10517.692800000003
ID_PS1wFb_Mg,-1602.4240000000002
ID_PS1wFb_S,-8.272992000000034
ID_PS1wFb_Fe,-409.3451200000001
ID_PS1wFb_Mn,-277.22479999999996
ID_PS1wFb_Zn,-5.37060800000001
ID_PS1wFb_Cu,-7.699167999999995
ID_PS1wFb_B,-1.5451839999999994
ID_vkYV3S_N,-3922.541333333334
ID_vkYV3S_P,-70.54682399999996
ID_vkYV3S_K,-1162.3449333333335
ID_vkYV3S_Ca,-12987.392533333335
ID_vkYV3S_Mg,-2554.3684000000007
ID_vkYV3S_S,-14.688544000000022
ID_vkYV3S_Fe,-436.9338773333334
ID_vkYV3S_Mn,-293.60644
ID_vkYV3S_Zn,-6.0716946666666685
ID_vkYV3S_Cu,-9.436822666666668
ID_vkYV3S_B,-1.4352240000000014
ID_TC4B88_N,-4607.384444444445
ID_TC4B88_P,-65.06200666666666
ID_TC4B88_K,-1082.8046666666667
ID_TC4B88_Ca,-12195.781555555557
ID_TC4B88_Mg,-2618.753333333333
ID_TC4B88_S,-10.32221555555558
ID_TC4B88_Fe,-416.84938444444424
ID_TC4B88_Mn,-305.6068222222221
ID_TC4B88_Zn,-6.23406888888889
ID_TC4B88_Cu,-10.348157777777773
ID_TC4B88_B,-1.2788399999999989
ID_9nEesM_N,-4135.632
ID_9nEesM_P,-47.43212266666646
ID_9nEesM_K,-1375.305333333333
ID_9nEesM_Ca,-10608.533866666665
ID_9nEesM_Mg,-1437.2565333333332
ID_9nEesM_S,-6.96640799999998
ID_9nEesM_Fe,-420.2769866666666
ID_9nEesM_Mn,-300.33047999999997
ID_9nEesM_Zn,-7.956959999999997
ID_9nEesM_Cu,-9.627408000000003
ID_9nEesM_B,-1.2808560000000004
ID_cduOd3_N,-6149.386666666666
ID_cduOd3_P,-36.37306666666659
ID_cduOd3_K,-815.8453333333333
ID_cduOd3_Ca,-6398.512
ID_cduOd3_Mg,-949.3866666666665
ID_cduOd3_S,-13.36981333333335
ID_cduOd3_Fe,-396.9706666666666
ID_cduOd3_Mn,-312.1045333333334
ID_cduOd3_Zn,-8.086293333333332
ID_cduOd3_Cu,-10.16298666666667
ID_cduOd3_B,-0.7418666666666659
ID_sgSK8r_N,-5307.298666666667
ID_sgSK8r_P,-54.179402666666704
ID_sgSK8r_K,-1128.8069333333333
ID_sgSK8r_Ca,-8777.7192
ID_sgSK8r_Mg,-1402.1749333333332
ID_sgSK8r_S,-8.256432000000004
ID_sgSK8r_Fe,-392.3743466666666
ID_sgSK8r_Mn,-299.98898666666673
ID_sgSK8r_Zn,-6.8666640000000045
ID_sgSK8r_Cu,-10.277815999999998
ID_sgSK8r_B,-1.1879333333333326
ID_Cx8WKh_N,-3855.6711111111117
ID_Cx8WKh_P,6.2991848888888455
ID_Cx8WKh_K,-603.7720888888889
ID_Cx8WKh_Ca,-6367.706177777778
ID_Cx8WKh_Mg,-1439.419911111111
ID_Cx8WKh_S,-10.198124888888934
ID_Cx8WKh_Fe,-438.0099959999999
ID_Cx8WKh_Mn,-240.19544444444438
ID_Cx8WKh_Zn,-5.504925777777782
ID_Cx8WKh_Cu,-7.801983111111112
ID_Cx8WKh_B,-0.993994666666668
ID_6lf5PB_N,-3686.8537777777783
ID_6lf5PB_P,2.129524444444371
ID_6lf5PB_K,-866.0561333333334
ID_6lf5PB_Ca,-11327.957911111114
ID_6lf5PB_Mg,-1885.775688888889
ID_6lf5PB_S,-8.415796888888906
ID_6lf5PB_Fe,-406.01852
ID_6lf5PB_Mn,-297.0222444444444
ID_6lf5PB_Zn,-4.1164271111111095
ID_6lf5PB_Cu,-8.207775555555546
ID_6lf5PB_B,-1.4383457777777786
ID_M9pbxi_N,-3758.4088888888896
ID_M9pbxi_P,2.2847155555554934
ID_M9pbxi_K,-797.7280000000001
ID_M9pbxi_Ca,-11393.176444444445
ID_M9pbxi_Mg,-1986.573777777778
ID_M9pbxi_S,-9.124497777777812
ID_M9pbxi_Fe,-413.2750044444445
ID_M9pbxi_Mn,-279.1114666666667
ID_M9pbxi_Zn,-6.187142222222228
ID_M9pbxi_Cu,-8.299039999999989
ID_M9pbxi_B,-1.1226666666666687
ID_hI5Eb5_N,-3237.0133333333333
ID_hI5Eb5_P,-22.428640000000087
ID_hI5Eb5_K,-1377.248
ID_hI5Eb5_Ca,-7311.295999999999
ID_hI5Eb5_Mg,-1261.6906666666666
ID_hI5Eb5_S,-10.735200000000024
ID_hI5Eb5_Fe,-459.6311999999999
ID_hI5Eb5_Mn,-339.9152
ID_hI5Eb5_Zn,-7.192693333333334
ID_hI5Eb5_Cu,-8.275999999999998
ID_hI5Eb5_B,-1.7446399999999997
ID_0zw9HN_N,-3152.1404444444447
ID_0zw9HN_P,-14.590824888888875
ID_0zw9HN_K,-1869.1421333333337
ID_0zw9HN_Ca,-9448.227022222223
ID_0zw9HN_Mg,-1322.1036444444444
ID_0zw9HN_S,-11.340552000000013
ID_0zw9HN_Fe,-423.3626053333337
ID_0zw9HN_Mn,-379.86044444444445
ID_0zw9HN_Zn,-7.563672000000001
ID_0zw9HN_Cu,-8.342711111111107
ID_0zw9HN_B,-1.7269013333333334
ID_PjxAhk_N,-3114.792
ID_PjxAhk_P,-28.337838222222288
ID_PjxAhk_K,-1413.7120888888887
ID_PjxAhk_Ca,-8796.894044444445
ID_PjxAhk_Mg,-1407.0507555555557
ID_PjxAhk_S,-9.905729777777793
ID_PjxAhk_Fe,-441.83184533333355
ID_PjxAhk_Mn,-337.7355555555555
ID_PjxAhk_Zn,-7.687667555555564
ID_PjxAhk_Cu,-8.052133333333325
ID_PjxAhk_B,-1.834641777777777
ID_jGg1r3_N,-3190.6382222222223
ID_jGg1r3_P,-20.121708444444472
ID_jGg1r3_K,-2067.8828444444443
ID_jGg1r3_Ca,-10326.426400000002
ID_jGg1r3_Mg,-1316.112088888889
ID_jGg1r3_S,-11.353511111111132
ID_jGg1r3_Fe,-366.4205422222224
ID_jGg1r3_Mn,-447.95650666666666
ID_jGg1r3_Zn,-11.212990222222228
ID_jGg1r3_Cu,-8.342711111111107
ID_jGg1r3_B,-1.8702648888888889
ID_gXMFVw_N,-3485.4466666666667
ID_gXMFVw_P,-8.606926666666695
ID_gXMFVw_K,-1131.9566666666667
ID_gXMFVw_Ca,-7016.196000000003
ID_gXMFVw_Mg,-1170.0113333333334
ID_gXMFVw_S,-7.2003933333333485
ID_gXMFVw_Fe,-415.10868666666687
ID_gXMFVw_Mn,-296.70939999999996
ID_gXMFVw_Zn,-5.835786666666669
ID_gXMFVw_Cu,-7.043180000000007
ID_gXMFVw_B,-1.602893333333334
ID_HbdOXW_N,-3261.141333333334
ID_HbdOXW_P,1.7582293333333041
ID_HbdOXW_K,-823.6430222222222
ID_HbdOXW_Ca,-6880.172444444445
ID_HbdOXW_Mg,-1316.1141333333335
ID_HbdOXW_S,-7.154442666666679
ID_HbdOXW_Fe,-423.0967431111113
ID_HbdOXW_Mn,-272.69013333333334
ID_HbdOXW_Zn,-5.9329066666666606
ID_HbdOXW_Cu,-6.803544888888895
ID_HbdOXW_B,-1.4151964444444476
ID_4CWhqT_N,-3242.822666666667
ID_4CWhqT_P,-4.789248888888913
ID_4CWhqT_K,-940.8791555555556
ID_4CWhqT_Ca,-7154.355911111112
ID_4CWhqT_Mg,-1371.3156000000001
ID_4CWhqT_S,-7.906565333333358
ID_4CWhqT_Fe,-407.0533266666668
ID_4CWhqT_Mn,-279.34365333333324
ID_4CWhqT_Zn,-6.334770222222225
ID_4CWhqT_Cu,-7.499862666666664
ID_4CWhqT_B,-1.4977031111111114
ID_iOgbKL_N,-3745.0426666666667
ID_iOgbKL_P,-17.566402666666697
ID_iOgbKL_K,-685.5394666666666
ID_iOgbKL_Ca,-8251.566133333332
ID_iOgbKL_Mg,-1753.0922666666665
ID_iOgbKL_S,-9.65533866666668
ID_iOgbKL_Fe,-452.61554400000017
ID_iOgbKL_Mn,-307.85194666666655
ID_iOgbKL_Zn,-5.818472000000006
ID_iOgbKL_Cu,-7.964325333333329
ID_iOgbKL_B,-1.2674293333333346
ID_sTrA3k_N,-3786.4888888888886
ID_sTrA3k_P,-7.718560000000025
ID_sTrA3k_K,-818.1922222222222
ID_sTrA3k_Ca,-7428.086
ID_sTrA3k_Mg,-1335.3431111111113
ID_sTrA3k_S,-10.619017777777788
ID_sTrA3k_Fe,-457.7593311111112
ID_sTrA3k_Mn,-335.4776888888888
ID_sTrA3k_Zn,-6.293000000000002
ID_sTrA3k_Cu,-7.983451111111102
ID_sTrA3k_B,-1.3302066666666688
ID_F23WcU_N,-2925.887111111111
ID_F23WcU_P,-35.471751111111104
ID_F23WcU_K,-2192.464888888889
ID_F23WcU_Ca,-18769.430666666667
ID_F23WcU_Mg,-1011.1948444444445
ID_F23WcU_S,-10.583049777777806
ID_F23WcU_Fe,-141.5000808888889
ID_F23WcU_Mn,-413.4679555555556
ID_F23WcU_Zn,-5.489878222222217
ID_F23WcU_Cu,-4.524457777777769
ID_F23WcU_B,-2.30160711111111
ID_mvSW55_N,-2866.52
ID_mvSW55_P,-34.139137777777705
ID_mvSW55_K,-2205.5025777777773
ID_mvSW55_Ca,-32098.165244444437
ID_mvSW55_Mg,-1021.1645333333333
ID_mvSW55_S,-22.640866666666696
ID_mvSW55_Fe,-129.58076977777796
ID_mvSW55_Mn,-399.09712888888873
ID_mvSW55_Zn,-4.990554666666663
ID_mvSW55_Cu,-4.602862222222217
ID_mvSW55_B,-2.3662711111111125
ID_LTOanB_N,-3470.105333333334
ID_LTOanB_P,-24.317248000000035
ID_LTOanB_K,-1059.504666666667
ID_LTOanB_Ca,-10998.386
ID_LTOanB_Mg,-1641.706666666667
ID_LTOanB_S,-8.757296000000025
ID_LTOanB_Fe,-408.99029333333357
ID_LTOanB_Mn,-303.0508133333333
ID_LTOanB_Zn,-4.457804000000003
ID_LTOanB_Cu,-7.86575333333333
ID_LTOanB_B,-1.701032000000003
ID_3du0ku_N,-3166.032
ID_3du0ku_P,-40.455212444444385
ID_3du0ku_K,-1683.5863555555557
ID_3du0ku_Ca,-20338.04888888889
ID_3du0ku_Mg,-2551.789955555556
ID_3du0ku_S,-11.111645333333314
ID_3du0ku_Fe,-376.91639644444433
ID_3du0ku_Mn,-379.4077066666665
ID_3du0ku_Zn,-3.9892346666666625
ID_3du0ku_Cu,-10.759158222222249
ID_3du0ku_B,-1.7082724444444457
ID_ZPpqgC_N,-2798.4533333333334
ID_ZPpqgC_P,-45.0983466666666
ID_ZPpqgC_K,-2108.9386666666664
ID_ZPpqgC_Ca,-27766.181333333338
ID_ZPpqgC_Mg,-2183.8453333333337
ID_ZPpqgC_S,-25.74463999999994
ID_ZPpqgC_Fe,-225.12848
ID_ZPpqgC_Mn,-378.2954666666666
ID_ZPpqgC_Zn,-3.767039999999994
ID_ZPpqgC_Cu,-9.584106666666681
ID_ZPpqgC_B,-2.6888533333333386
ID_T14rM8_N,-3443.776
ID_T14rM8_P,-40.20098133333332
ID_T14rM8_K,-1504.0948444444446
ID_T14rM8_Ca,-18973.0672
ID_T14rM8_Mg,-2426.770044444444
ID_T14rM8_S,-10.87018311111109
ID_T14rM8_Fe,-366.1678328888888
ID_T14rM8_Mn,-350.932151111111
ID_T14rM8_Zn,-3.686943111111112
ID_T14rM8_Cu,-9.25882755555557
ID_T14rM8_B,-1.5919288888888898
ID_h451Mw_N,-4533.068888888889
ID_h451Mw_P,-47.36534666666668
ID_h451Mw_K,-1145.4719999999998
ID_h451Mw_Ca,-10596.586444444443
ID_h451Mw_Mg,-1594.9108888888888
ID_h451Mw_S,-10.382066666666642
ID_h451Mw_Fe,-395.07599999999996
ID_h451Mw_Mn,-310.44346666666655
ID_h451Mw_Zn,-4.93528444444444
ID_h451Mw_Cu,-9.448755555555575
ID_h451Mw_B,-1.2927933333333326
ID_l3LKqB_N,-6116.356
ID_l3LKqB_P,-23.792668444444388
ID_l3LKqB_K,-861.9992444444442
ID_l3LKqB_Ca,-6607.766
ID_l3LKqB_Mg,-1471.104711111111
ID_l3LKqB_S,-12.671013777777805
ID_l3LKqB_Fe,-374.57696
ID_l3LKqB_Mn,-301.20202222222224
ID_l3LKqB_Zn,-6.303662222222222
ID_l3LKqB_Cu,-9.354375999999993
ID_l3LKqB_B,-1.091031555555555
ID_k8lYxH_N,-4147.3022222222235
ID_k8lYxH_P,-43.146211555555595
ID_k8lYxH_K,-1647.1658666666667
ID_k8lYxH_Ca,-15684.220888888893
ID_k8lYxH_Mg,-2328.4944
ID_k8lYxH_S,-7.018378666666663
ID_k8lYxH_Fe,-382.90209777777784
ID_k8lYxH_Mn,-328.6221155555555
ID_k8lYxH_Zn,-8.201216888888897
ID_k8lYxH_Cu,-8.789082666666681
ID_k8lYxH_B,-1.338468444444444
ID_hejheU_N,-4494.088888888889
ID_hejheU_P,-26.952404444444497
ID_hejheU_K,-1090.4551111111114
ID_hejheU_Ca,-13412.561333333335
ID_hejheU_Mg,-2450.514666666667
ID_hejheU_S,-8.251928888888894
ID_hejheU_Fe,-399.85862222222227
ID_hejheU_Mn,-292.4752444444444
ID_hejheU_Zn,-5.7388800000000035
ID_hejheU_Cu,-9.266306666666672
ID_hejheU_B,-1.3546933333333342
ID_w7DPdO_N,-3230.5022222222224
ID_w7DPdO_P,-39.24568222222223
ID_w7DPdO_K,-1353.4073333333333
ID_w7DPdO_Ca,-16726.035333333333
ID_w7DPdO_Mg,-2057.2517777777775
ID_w7DPdO_S,-9.917057777777813
ID_w7DPdO_Fe,-444.4871555555555
ID_w7DPdO_Mn,-318.4781333333332
ID_w7DPdO_Zn,-5.459224444444436
ID_w7DPdO_Cu,-10.66417777777776
ID_w7DPdO_B,-1.8127466666666665
ID_SJEMLU_N,-3024.836
ID_SJEMLU_P,-29.55223599999998
ID_SJEMLU_K,-1767.8231999999998
ID_SJEMLU_Ca,-20386.284400000004
ID_SJEMLU_Mg,-2186.8524
ID_SJEMLU_S,-15.392924000000022
ID_SJEMLU_Fe,-327.1046159999997
ID_SJEMLU_Mn,-443.89892
ID_SJEMLU_Zn,-3.992127999999996
ID_SJEMLU_Cu,-9.019495999999993
ID_SJEMLU_B,-1.9150320000000005
ID_8ti3sF_N,-3614.659555555556
ID_8ti3sF_P,1.203749777777709
ID_8ti3sF_K,-781.4396444444445
ID_8ti3sF_Ca,-10806.047155555556
ID_8ti3sF_Mg,-2044.3503555555558
ID_8ti3sF_S,-9.262707111111137
ID_8ti3sF_Fe,-379.66032800000005
ID_8ti3sF_Mn,-250.9277822222222
ID_8ti3sF_Zn,-4.765103999999999
ID_8ti3sF_Cu,-8.50775511111111
ID_8ti3sF_B,-1.2359097777777788
ID_UcbPeZ_N,-3840.7377777777783
ID_UcbPeZ_P,2.625373333333293
ID_UcbPeZ_K,-923.5484444444446
ID_UcbPeZ_Ca,-9430.434222222224
ID_UcbPeZ_Mg,-1315.8524444444447
ID_UcbPeZ_S,-9.440711111111138
ID_UcbPeZ_Fe,-412.4928311111111
ID_UcbPeZ_Mn,-309.66897777777774
ID_UcbPeZ_Zn,-6.244880000000002
ID_UcbPeZ_Cu,-8.46242666666666
ID_UcbPeZ_B,-1.456871111111111
ID_jNiEpn_N,-3291.8080000000004
ID_jNiEpn_P,2.1986062222221747
ID_jNiEpn_K,-1361.9676444444449
ID_jNiEpn_Ca,-16741.308444444447
ID_jNiEpn_Mg,-2004.5902222222223
ID_jNiEpn_S,-8.730055111111124
ID_jNiEpn_Fe,-452.7203555555556
ID_jNiEpn_Mn,-327.4274844444443
ID_jNiEpn_Zn,-4.376028444444437
ID_jNiEpn_Cu,-8.787079111111106
ID_jNiEpn_B,-1.622300444444443
ID_aQwTKg_N,-3309.1804444444447
ID_aQwTKg_P,2.798279111111057
ID_aQwTKg_K,-1349.2942222222223
ID_aQwTKg_Ca,-16746.694400000004
ID_aQwTKg_Mg,-2004.5902222222223
ID_aQwTKg_S,-8.730055111111124
ID_aQwTKg_Fe,-452.7203555555556
ID_aQwTKg_Mn,-327.4274844444443
ID_aQwTKg_Zn,-4.439246222222215
ID_aQwTKg_Cu,-8.787079111111106
ID_aQwTKg_B,-1.618915555555554
ID_nJKty3_N,-3839.941333333334
ID_nJKty3_P,-5.676174222222244
ID_nJKty3_K,-1024.8522666666665
ID_nJKty3_Ca,-7617.187733333332
ID_nJKty3_Mg,-1238.316
ID_nJKty3_S,-9.654888000000028
ID_nJKty3_Fe,-475.94758577777776
ID_nJKty3_Mn,-321.07500444444435
ID_nJKty3_Zn,-7.09383911111112
ID_nJKty3_Cu,-7.938800888888886
ID_nJKty3_B,-1.6560160000000015
ID_YYh98u_N,-3186.954666666667
ID_YYh98u_P,-7.9193173333333675
ID_YYh98u_K,-1015.7472000000002
ID_YYh98u_Ca,-11881.370666666668
ID_YYh98u_Mg,-1785.4499555555558
ID_YYh98u_S,-7.691544888888924
ID_YYh98u_Fe,-356.8810986666667
ID_YYh98u_Mn,-276.2030222222222
ID_YYh98u_Zn,-3.5465919999999986
ID_YYh98u_Cu,-7.981795555555544
ID_YYh98u_B,-1.4386773333333354
ID_PqvgXA_N,-3291.568000000001
ID_PqvgXA_P,-13.31334933333332
ID_PqvgXA_K,-1080.7920000000001
ID_PqvgXA_Ca,-14430.935200000002
ID_PqvgXA_Mg,-1854.353066666667
ID_PqvgXA_S,-8.589266666666695
ID_PqvgXA_Fe,-369.0070080000001
ID_PqvgXA_Mn,-296.50280000000004
ID_PqvgXA_Zn,-4.188591999999996
ID_PqvgXA_Cu,-7.408482666666676
ID_PqvgXA_B,-1.7594426666666643
ID_CoJQkI_N,-3734.624444444445
ID_CoJQkI_P,-38.41681955555569
ID_CoJQkI_K,-851.3698666666668
ID_CoJQkI_Ca,-6095.337866666666
ID_CoJQkI_Mg,-907.4591111111112
ID_CoJQkI_S,-11.902501333333355
ID_CoJQkI_Fe,-690.7437173333335
ID_CoJQkI_Mn,-323.11312888888887
ID_CoJQkI_Zn,-16.62437733333336
ID_CoJQkI_Cu,-7.720660000000001
ID_CoJQkI_B,-1.5312897777777792
ID_rOsTRB_N,-3747.9320000000002
ID_rOsTRB_P,-37.370936000000086
ID_rOsTRB_K,-1160.9877333333334
ID_rOsTRB_Ca,-7680.376266666668
ID_rOsTRB_Mg,-1213.7890666666667
ID_rOsTRB_S,-10.885762666666693
ID_rOsTRB_Fe,-484.0726693333335
ID_rOsTRB_Mn,-386.07092
ID_rOsTRB_Zn,-9.006165333333332
ID_rOsTRB_Cu,-8.402455999999995
ID_rOsTRB_B,-1.8110840000000008
ID_4jNFQg_N,-3627.282666666667
ID_4jNFQg_P,-14.46133866666667
ID_4jNFQg_K,-1169.8765333333336
ID_4jNFQg_Ca,-7577.466266666667
ID_4jNFQg_Mg,-1202.7792
ID_4jNFQg_S,-11.718062666666683
ID_4jNFQg_Fe,-452.84849066666686
ID_4jNFQg_Mn,-377.67083999999994
ID_4jNFQg_Zn,-8.545543999999994
ID_4jNFQg_Cu,-8.543495999999992
ID_4jNFQg_B,-1.8378706666666673
ID_dWTqFm_N,-4098.42
ID_dWTqFm_P,-45.518548888888944
ID_dWTqFm_K,-656.7628888888888
ID_dWTqFm_Ca,-7174.891777777777
ID_dWTqFm_Mg,-1410.7422222222222
ID_dWTqFm_S,-10.480608888888899
ID_dWTqFm_Fe,-466.31369555555597
ID_dWTqFm_Mn,-284.1324888888888
ID_dWTqFm_Zn,-6.962300000000008
ID_dWTqFm_Cu,-7.866406666666664
ID_dWTqFm_B,-1.2418866666666688
ID_CFiLC6_N,-2990.177777777778
ID_CFiLC6_P,-26.657322222222206
ID_CFiLC6_K,-2177.5995555555555
ID_CFiLC6_Ca,-18547.691555555553
ID_CFiLC6_Mg,-1708.9653333333333
ID_CFiLC6_S,-15.596575555555617
ID_CFiLC6_Fe,-366.21432222222273
ID_CFiLC6_Mn,-456.9969111111111
ID_CFiLC6_Zn,-3.725075555555557
ID_CFiLC6_Cu,-7.57098444444445
ID_CFiLC6_B,-2.0378911111111107
ID_KbjkLC_N,-3026.4373333333333
ID_KbjkLC_P,-25.661770666666712
ID_KbjkLC_K,-1729.7085333333334
ID_KbjkLC_Ca,-17225.413066666668
ID_KbjkLC_Mg,-1720.3109333333334
ID_KbjkLC_S,-15.317490666666743
ID_KbjkLC_Fe,-395.54998133333373
ID_KbjkLC_Mn,-365.8870666666666
ID_KbjkLC_Zn,-5.457623999999996
ID_KbjkLC_Cu,-7.465816000000001
ID_KbjkLC_B,-1.9636399999999976
ID_YY5RCG_N,-3254.3191111111114
ID_YY5RCG_P,-27.58718711111115
ID_YY5RCG_K,-2042.2889333333333
ID_YY5RCG_Ca,-15852.931911111114
ID_YY5RCG_Mg,-1452.5901333333336
ID_YY5RCG_S,-10.573612444444475
ID_YY5RCG_Fe,-381.90987066666696
ID_YY5RCG_Mn,-446.64968000000005
ID_YY5RCG_Zn,-6.9978862222222205
ID_YY5RCG_Cu,-8.238210666666665
ID_YY5RCG_B,-1.8556804444444457
ID_fkY2we_N,-3561.333333333334
ID_fkY2we_P,-49.75386666666667
ID_fkY2we_K,-1024.6026666666667
ID_fkY2we_Ca,-7977.344000000001
ID_fkY2we_Mg,-1449.6960000000001
ID_fkY2we_S,-10.352426666666684
ID_fkY2we_Fe,-467.78288000000015
ID_fkY2we_Mn,-324.5018666666667
ID_fkY2we_Zn,-5.614400000000005
ID_fkY2we_Cu,-8.456426666666662
ID_fkY2we_B,-1.3006400000000022
ID_qnLipm_N,-3292.6248888888886
ID_qnLipm_P,-176.2405519999998
ID_qnLipm_K,-1412.272088888889
ID_qnLipm_Ca,-10695.623422222223
ID_qnLipm_Mg,-1548.909688888889
ID_qnLipm_S,-13.565848000000031
ID_qnLipm_Fe,-442.5567991111113
ID_qnLipm_Mn,-339.5917155555554
ID_qnLipm_Zn,-6.183152888888889
ID_qnLipm_Cu,-8.085004444444445
ID_qnLipm_B,-1.7780222222222237
ID_XCzxop_N,-5527.430666666667
ID_XCzxop_P,-49.975635555555485
ID_XCzxop_K,-957.1094222222223
ID_XCzxop_Ca,-7687.294711111111
ID_XCzxop_Mg,-903.7145333333333
ID_XCzxop_S,-11.500648888888914
ID_XCzxop_Fe,-353.7004711111111
ID_XCzxop_Mn,-310.95265777777786
ID_XCzxop_Zn,-5.924083111111108
ID_XCzxop_Cu,-8.81776711111112
ID_XCzxop_B,-0.973070666666665
ID_d1CElH_N,-3815.420444444445
ID_d1CElH_P,-198.36646400000018
ID_d1CElH_K,-1899.3187555555558
ID_d1CElH_Ca,-19592.62435555556
ID_d1CElH_Mg,-2495.9566222222224
ID_d1CElH_S,-10.541916444444432
ID_d1CElH_Fe,-392.69930666666687
ID_d1CElH_Mn,-334.01706666666666
ID_d1CElH_Zn,-5.408021333333335
ID_d1CElH_Cu,-9.455196444444438
ID_d1CElH_B,-1.4238364444444427
ID_HS3rds_N,-3227.278400000001
ID_HS3rds_P,-5.7608000000000175
ID_HS3rds_K,-649.952
ID_HS3rds_Ca,-7258.243200000001
ID_HS3rds_Mg,-1749.1552000000001
ID_HS3rds_S,-9.241392000000026
ID_HS3rds_Fe,-444.742768
ID_HS3rds_Mn,-299.36768000000006
ID_HS3rds_Zn,-6.809072000000005
ID_HS3rds_Cu,-8.219055999999995
ID_HS3rds_B,-1.496416
ID_8kWcpH_N,-3817.584444444444
ID_8kWcpH_P,-2.788630222222281
ID_8kWcpH_K,-605.6047555555556
ID_8kWcpH_Ca,-8065.481066666666
ID_8kWcpH_Mg,-1825.6635555555558
ID_8kWcpH_S,-8.951807111111098
ID_8kWcpH_Fe,-432.3832902222222
ID_8kWcpH_Mn,-301.6901822222222
ID_8kWcpH_Zn,-6.144608444444432
ID_8kWcpH_Cu,-8.92040577777779
ID_8kWcpH_B,-1.242451555555556
ID_eaKb5O_N,-4294.008000000001
ID_eaKb5O_P,-77.27058088888873
ID_eaKb5O_K,-1018.3945333333334
ID_eaKb5O_Ca,-6164.821688888889
ID_eaKb5O_Mg,-1165.4794666666664
ID_eaKb5O_S,-9.297727999999996
ID_eaKb5O_Fe,-389.3899644444445
ID_eaKb5O_Mn,-331.8261866666667
ID_eaKb5O_Zn,-12.099877777777769
ID_eaKb5O_Cu,-9.014763111111135
ID_eaKb5O_B,-1.4349062222222217
ID_5QHl0z_N,-4058.977555555555
ID_5QHl0z_P,-53.79752666666661
ID_5QHl0z_K,-988.990222222222
ID_5QHl0z_Ca,-8320.792666666666
ID_5QHl0z_Mg,-1082.281777777778
ID_5QHl0z_S,-11.497208888888913
ID_5QHl0z_Fe,-416.70106
ID_5QHl0z_Mn,-343.30842222222213
ID_5QHl0z_Zn,-5.754902222222229
ID_5QHl0z_Cu,-28.30727333333333
ID_5QHl0z_B,-1.52637111111111
ID_cAxXAy_N,-4178.672444444444
ID_cAxXAy_P,-10.155404444444493
ID_cAxXAy_K,-703.2746666666667
ID_cAxXAy_Ca,-6343.115555555557
ID_cAxXAy_Mg,-1124.3302222222223
ID_cAxXAy_S,-12.269960000000037
ID_cAxXAy_Fe,-410.51322222222234
ID_cAxXAy_Mn,-331.6435555555556
ID_cAxXAy_Zn,-5.202177777777777
ID_cAxXAy_Cu,-8.690542222222245
ID_cAxXAy_B,-1.0801822222222222
ID_BD49ru_N,-4103.449333333333
ID_BD49ru_P,7.0220297777777105
ID_BD49ru_K,-600.0551999999999
ID_BD49ru_Ca,-6502.801555555555
ID_BD49ru_Mg,-995.44
ID_BD49ru_S,-11.249172444444458
ID_BD49ru_Fe,-418.75242666666674
ID_BD49ru_Mn,-272.5381911111111
ID_BD49ru_Zn,-5.086074666666672
ID_BD49ru_Cu,-8.99222355555557
ID_BD49ru_B,-1.1137320000000002
ID_ng2ZzZ_N,-4444.824844444444
ID_ng2ZzZ_P,-5.142445333333377
ID_ng2ZzZ_K,-753.2982666666666
ID_ng2ZzZ_Ca,-6735.3605777777775
ID_ng2ZzZ_Mg,-1162.6448444444443
ID_ng2ZzZ_S,-9.528408444444459
ID_ng2ZzZ_Fe,-423.6324697777777
ID_ng2ZzZ_Mn,-326.2714488888888
ID_ng2ZzZ_Zn,-7.063172888888877
ID_ng2ZzZ_Cu,-9.413387111111126
ID_ng2ZzZ_B,-1.502803555555559
ID_Keehli_N,-4030.2014666666673
ID_Keehli_P,-12.789824000000038
ID_Keehli_K,-632.1694666666668
ID_Keehli_Ca,-5999.187733333335
ID_Keehli_Mg,-979.4017333333334
ID_Keehli_S,-13.833498666666674
ID_Keehli_Fe,-424.2632026666668
ID_Keehli_Mn,-294.43376000000006
ID_Keehli_Zn,-4.956909333333336
ID_Keehli_Cu,-8.801508000000014
ID_Keehli_B,-0.9469226666666674
ID_1uIJrX_N,-3814.520888888889
ID_1uIJrX_P,11.532688444444432
ID_1uIJrX_K,-543.7661333333333
ID_1uIJrX_Ca,-7817.423466666666
ID_1uIJrX_Mg,-1807.829644444444
ID_1uIJrX_S,-10.694116444444475
ID_1uIJrX_Fe,-409.61800888888894
ID_1uIJrX_Mn,-310.11044
ID_1uIJrX_Zn,-4.022819999999998
ID_1uIJrX_Cu,-8.671755555555544
ID_1uIJrX_B,-1.24662
ID_YCK4Hl_N,-3409.6364444444444
ID_YCK4Hl_P,-95.0438586666665
ID_YCK4Hl_K,-624.1857777777778
ID_YCK4Hl_Ca,-7283.499466666668
ID_YCK4Hl_Mg,-1656.7983111111114
ID_YCK4Hl_S,-11.361316444444459
ID_YCK4Hl_Fe,-460.3775448888897
ID_YCK4Hl_Mn,-279.97188444444447
ID_YCK4Hl_Zn,-4.310734222222223
ID_YCK4Hl_Cu,-6.811640888888903
ID_YCK4Hl_B,-1.205238222222225
ID_nx1oIi_N,-3085.210666666666
ID_nx1oIi_P,-8.056674666666709
ID_nx1oIi_K,-1516.4069333333334
ID_nx1oIi_Ca,-8501.955733333334
ID_nx1oIi_Mg,-1118.3250666666665
ID_nx1oIi_S,-9.31379466666668
ID_nx1oIi_Fe,-412.0012453333335
ID_nx1oIi_Mn,-326.5084266666666
ID_nx1oIi_Zn,-5.594728000000002
ID_nx1oIi_Cu,-8.039767999999999
ID_nx1oIi_B,-1.4134000000000009
ID_NOIHKU_N,-2596.98
ID_NOIHKU_P,-33.190395555555526
ID_NOIHKU_K,-2041.9813333333332
ID_NOIHKU_Ca,-20287.01288888889
ID_NOIHKU_Mg,-1773.3039999999999
ID_NOIHKU_S,-27.21811777777785
ID_NOIHKU_Fe,-194.0534955555555
ID_NOIHKU_Mn,-333.3944000000001
ID_NOIHKU_Zn,-6.537259999999992
ID_NOIHKU_Cu,-9.067824444444438
ID_NOIHKU_B,-2.7096955555555553
ID_kviaqu_N,-3736.1254666666678
ID_kviaqu_P,5.101994666666606
ID_kviaqu_K,-472.8524000000001
ID_kviaqu_Ca,-5862.031200000001
ID_kviaqu_Mg,-944.8930666666668
ID_kviaqu_S,-8.606188000000024
ID_kviaqu_Fe,-458.3103066666667
ID_kviaqu_Mn,-326.83984000000004
ID_kviaqu_Zn,-5.960793333333334
ID_kviaqu_Cu,-7.850015999999992
ID_kviaqu_B,-0.9350826666666664
ID_lzYPOX_N,-4429.144
ID_lzYPOX_P,-5.560176000000027
ID_lzYPOX_K,-835.3101333333333
ID_lzYPOX_Ca,-6972.693866666667
ID_lzYPOX_Mg,-1130.7586666666666
ID_lzYPOX_S,-11.364021333333351
ID_lzYPOX_Fe,-348.4654479999999
ID_lzYPOX_Mn,-333.1574133333331
ID_lzYPOX_Zn,-5.969610666666673
ID_lzYPOX_Cu,-9.400725333333348
ID_lzYPOX_B,-1.0987600000000004
ID_X4S0g6_N,-3744.7270666666664
ID_X4S0g6_P,-51.40946666666673
ID_X4S0g6_K,-578.3943555555555
ID_X4S0g6_Ca,-6353.164444444445
ID_X4S0g6_Mg,-968.2597333333333
ID_X4S0g6_S,-11.742354666666714
ID_X4S0g6_Fe,-457.2390213333333
ID_X4S0g6_Mn,-297.11192444444447
ID_X4S0g6_Zn,-7.066437333333336
ID_X4S0g6_Cu,-7.9710551111111
ID_X4S0g6_B,-1.4526817777777798
ID_qKQ4ZM_N,-3839.9835555555555
ID_qKQ4ZM_P,2.736316444444391
ID_qKQ4ZM_K,-540.1300444444445
ID_qKQ4ZM_Ca,-6242.996977777777
ID_qKQ4ZM_Mg,-1055.8322222222223
ID_qKQ4ZM_S,-8.458825777777776
ID_qKQ4ZM_Fe,-450.0806471111112
ID_qKQ4ZM_Mn,-298.76523999999995
ID_qKQ4ZM_Zn,-6.589577333333331
ID_qKQ4ZM_Cu,-8.385940888888896
ID_qKQ4ZM_B,-1.3042248888888903
ID_Aq6Cgi_N,-4264.590222222221
ID_Aq6Cgi_P,-0.008245333333348981
ID_Aq6Cgi_K,-758.9121777777777
ID_Aq6Cgi_Ca,-7267.623822222221
ID_Aq6Cgi_Mg,-1625.1562666666669
ID_Aq6Cgi_S,-12.528689777777807
ID_Aq6Cgi_Fe,-406.88571199999996
ID_Aq6Cgi_Mn,-305.19864888888884
ID_Aq6Cgi_Zn,-6.233498666666662
ID_Aq6Cgi_Cu,-10.242732444444442
ID_Aq6Cgi_B,-1.299575111111115
ID_gkZGoZ_N,-3324.082666666667
ID_gkZGoZ_P,-4.511708444444459
ID_gkZGoZ_K,-441.7809777777779
ID_gkZGoZ_Ca,-11844.60408888889
ID_gkZGoZ_Mg,-1749.3292444444444
ID_gkZGoZ_S,-8.665241777777808
ID_gkZGoZ_Fe,-402.3088133333337
ID_gkZGoZ_Mn,-315.1827288888889
ID_gkZGoZ_Zn,-5.868133333333341
ID_gkZGoZ_Cu,-8.186672888888884
ID_gkZGoZ_B,-1.4733946666666646
ID_aU2iR3_N,-3974.475555555556
ID_aU2iR3_P,-45.44750444444446
ID_aU2iR3_K,-673.2819999999999
ID_aU2iR3_Ca,-5851.998222222222
ID_aU2iR3_Mg,-1122.5726666666667
ID_aU2iR3_S,-10.926246666666696
ID_aU2iR3_Fe,-467.0326755555552
ID_aU2iR3_Mn,-321.78144444444445
ID_aU2iR3_Zn,-6.293715555555565
ID_aU2iR3_Cu,-8.764377777777764
ID_aU2iR3_B,-1.2433177777777793
ID_B6MtNR_N,-3404.892444444445
ID_B6MtNR_P,-25.022556444444433
ID_B6MtNR_K,-623.5192888888889
ID_B6MtNR_Ca,-7330.0487111111115
ID_B6MtNR_Mg,-1513.7141333333336
ID_B6MtNR_S,-7.80784000000002
ID_B6MtNR_Fe,-376.8727644444445
ID_B6MtNR_Mn,-286.9191822222222
ID_B6MtNR_Zn,-4.258830222222224
ID_B6MtNR_Cu,-6.958435555555563
ID_B6MtNR_B,-1.2215253333333358
ID_H3Pe3d_N,-3142.547555555555
ID_H3Pe3d_P,-12.024145333333337
ID_H3Pe3d_K,-1286.5779111111112
ID_H3Pe3d_Ca,-15603.650800000001
ID_H3Pe3d_Mg,-2128.448311111111
ID_H3Pe3d_S,-8.183306666666667
ID_H3Pe3d_Fe,-422.4073488888891
ID_H3Pe3d_Mn,-353.3191288888888
ID_H3Pe3d_Zn,-3.852516444444442
ID_H3Pe3d_Cu,-7.599561333333341
ID_H3Pe3d_B,-1.7336751111111104
ID_VQkDqR_N,-3506.9799999999996
ID_VQkDqR_P,-29.752904000000072
ID_VQkDqR_K,-1413.9735999999998
ID_VQkDqR_Ca,-6530.848000000001
ID_VQkDqR_Mg,-1062.2848000000001
ID_VQkDqR_S,-10.515896000000009
ID_VQkDqR_Fe,-452.6328760000001
ID_VQkDqR_Mn,-318.08648
ID_VQkDqR_Zn,-7.200736000000002
ID_VQkDqR_Cu,-7.4301679999999966
ID_VQkDqR_B,-1.6938239999999984
ID_69QLyZ_N,-2793.5480000000007
ID_69QLyZ_P,-53.439602666666644
ID_69QLyZ_K,-1370.8720000000003
ID_69QLyZ_Ca,-18846.179733333334
ID_69QLyZ_Mg,-2068.9284000000002
ID_69QLyZ_S,-9.615104000000002
ID_69QLyZ_Fe,-247.29975066666665
ID_69QLyZ_Mn,-376.7020266666667
ID_69QLyZ_Zn,-4.536589333333328
ID_69QLyZ_Cu,-9.57204533333335
ID_69QLyZ_B,-3.0050106666666654
ID_rBfc6j_N,-2930.668
ID_rBfc6j_P,-97.00398888888876
ID_rBfc6j_K,-1064.514088888889
ID_rBfc6j_Ca,-9613.139822222223
ID_rBfc6j_Mg,-1652.0693333333338
ID_rBfc6j_S,-10.157560000000046
ID_rBfc6j_Fe,-385.1058195555556
ID_rBfc6j_Mn,-329.5461511111111
ID_rBfc6j_Zn,-4.436209777777777
ID_rBfc6j_Cu,-7.885918666666666
ID_rBfc6j_B,-1.5150608888888886
ID_Zlpft1_N,-2911.8293333333336
ID_Zlpft1_P,-54.56781333333322
ID_Zlpft1_K,-1986.9887999999996
ID_Zlpft1_Ca,-33821.31013333333
ID_Zlpft1_Mg,-1851.7250666666669
ID_Zlpft1_S,-44.39564799999999
ID_Zlpft1_Fe,-153.83796000000024
ID_Zlpft1_Mn,-375.86941333333334
ID_Zlpft1_Zn,-4.204535999999997
ID_Zlpft1_Cu,-8.819527999999995
ID_Zlpft1_B,-2.5254319999999972
ID_aj52d3_N,-4051.696000000001
ID_aj52d3_P,12.432533333333314
ID_aj52d3_K,-579.1213333333334
ID_aj52d3_Ca,-5814.478800000001
ID_aj52d3_Mg,-859.5168
ID_aj52d3_S,-9.508938666666708
ID_aj52d3_Fe,-388.7980120000001
ID_aj52d3_Mn,-302.6645333333334
ID_aj52d3_Zn,-5.983486666666664
ID_aj52d3_Cu,-8.577633333333358
ID_aj52d3_B,-0.8687786666666673
ID_6J7wse_N,-3093.803555555556
ID_6J7wse_P,-13.42098488888891
ID_6J7wse_K,-1006.9776888888889
ID_6J7wse_Ca,-16895.240266666668
ID_6J7wse_Mg,-2483.9940444444446
ID_6J7wse_S,-7.271789333333334
ID_6J7wse_Fe,-383.7875982222222
ID_6J7wse_Mn,-270.98685333333333
ID_6J7wse_Zn,-5.329323555555552
ID_6J7wse_Cu,-9.570797333333358
ID_6J7wse_B,-1.5600791111111125
ID_loEZTz_N,-4016.1465333333335
ID_loEZTz_P,-5.82690000000003
ID_loEZTz_K,-646.9584
ID_loEZTz_Ca,-8709.943688888889
ID_loEZTz_Mg,-1885.0678666666668
ID_loEZTz_S,-11.066325333333367
ID_loEZTz_Fe,-451.86219600000004
ID_loEZTz_Mn,-317.57593333333335
ID_loEZTz_Zn,-6.150500444444447
ID_loEZTz_Cu,-9.053651555555543
ID_loEZTz_B,-1.2523240000000002
ID_3xQtFT_N,-3564.364
ID_3xQtFT_P,-27.194042666666704
ID_3xQtFT_K,-1784.6939555555555
ID_3xQtFT_Ca,-7912.8277777777785
ID_3xQtFT_Mg,-1232.1263111111111
ID_3xQtFT_S,-11.047811111111137
ID_3xQtFT_Fe,-469.37341066666676
ID_3xQtFT_Mn,-349.96813777777777
ID_3xQtFT_Zn,-5.911736444444437
ID_3xQtFT_Cu,-8.300115555555552
ID_3xQtFT_B,-1.6924617777777797
ID_ouRVyO_N,-3181.1111111111113
ID_ouRVyO_P,-45.30727777777787
ID_ouRVyO_K,-2211.8611111111113
ID_ouRVyO_Ca,-12550.016666666666
ID_ouRVyO_Mg,-1560.5055555555555
ID_ouRVyO_S,-12.514444444444479
ID_ouRVyO_Fe,-454.5185000000004
ID_ouRVyO_Mn,-408.93944444444446
ID_ouRVyO_Zn,-7.989499999999998
ID_ouRVyO_Cu,-8.479333333333331
ID_ouRVyO_B,-1.8112222222222258
ID_VXdXrn_N,-3009.367111111111
ID_VXdXrn_P,-49.53478044444455
ID_VXdXrn_K,-1507.9989333333333
ID_VXdXrn_Ca,-8679.947022222223
ID_VXdXrn_Mg,-1442.8197333333335
ID_VXdXrn_S,-9.228309333333328
ID_VXdXrn_Fe,-431.3459875555559
ID_VXdXrn_Mn,-344.09473777777765
ID_VXdXrn_Zn,-7.285644444444458
ID_VXdXrn_Cu,-7.916855111111125
ID_VXdXrn_B,-1.8594684444444471
ID_tOvE9y_N,-3052.1893333333337
ID_tOvE9y_P,-154.22459866666668
ID_tOvE9y_K,-1565.225866666667
ID_tOvE9y_Ca,-18967.829333333335
ID_tOvE9y_Mg,-1802.4834666666666
ID_tOvE9y_S,-15.240673333333373
ID_tOvE9y_Fe,-389.30198933333367
ID_tOvE9y_Mn,-438.4607200000001
ID_tOvE9y_Zn,-3.8130506666666704
ID_tOvE9y_Cu,-8.332318666666676
ID_tOvE9y_B,-2.0547880000000007
ID_b6Wmhv_N,-3223.3066666666673
ID_b6Wmhv_P,-242.3562666666666
ID_b6Wmhv_K,-1689.6746666666668
ID_b6Wmhv_Ca,-12626.538666666667
ID_b6Wmhv_Mg,-1793.9733333333331
ID_b6Wmhv_S,-12.795200000000023
ID_b6Wmhv_Fe,-447.0346666666669
ID_b6Wmhv_Mn,-375.69066666666674
ID_b6Wmhv_Zn,-5.189493333333338
ID_b6Wmhv_Cu,-8.878720000000005
ID_b6Wmhv_B,-1.768906666666667
ID_8SYD1t_N,-3970.4
ID_8SYD1t_P,-209.95295999999976
ID_8SYD1t_K,-964.0533333333333
ID_8SYD1t_Ca,-9669.76
ID_8SYD1t_Mg,-1860.2666666666664
ID_8SYD1t_S,-17.705920000000045
ID_8SYD1t_Fe,-508.0522666666672
ID_8SYD1t_Mn,-330.23306666666656
ID_8SYD1t_Zn,-6.01573333333334
ID_8SYD1t_Cu,-9.213439999999997
ID_8SYD1t_B,-1.5771200000000036
ID_jyY2G7_N,-3430.1404444444447
ID_jyY2G7_P,-106.27002044444427
ID_jyY2G7_K,-1346.8716444444444
ID_jyY2G7_Ca,-11025.6256
ID_jyY2G7_Mg,-1689.6843555555556
ID_jyY2G7_S,-19.509828444444494
ID_jyY2G7_Fe,-445.0860231111113
ID_jyY2G7_Mn,-320.12523555555543
ID_jyY2G7_Zn,-5.135930666666671
ID_jyY2G7_Cu,-8.227140444444437
ID_jyY2G7_B,-1.720155555555558
ID_ZqBWQu_N,-3454.344888888889
ID_ZqBWQu_P,-116.728130222222
ID_ZqBWQu_K,-1381.712
ID_ZqBWQu_Ca,-8846.746088888887
ID_ZqBWQu_Mg,-1763.0532
ID_ZqBWQu_S,-13.102388888888928
ID_ZqBWQu_Fe,-437.10259955555586
ID_ZqBWQu_Mn,-332.6392177777777
ID_ZqBWQu_Zn,-6.048213333333335
ID_ZqBWQu_Cu,-8.132432888888882
ID_ZqBWQu_B,-1.8301880000000008
ID_hQsVWL_N,-3235.971111111111
ID_hQsVWL_P,-95.8819044444443
ID_hQsVWL_K,-1290.1573333333333
ID_hQsVWL_Ca,-14436.502888888886
ID_hQsVWL_Mg,-1915.6535555555556
ID_hQsVWL_S,-12.449000000000034
ID_hQsVWL_Fe,-395.62350222222267
ID_hQsVWL_Mn,-326.68964444444435
ID_hQsVWL_Zn,-3.6035333333333326
ID_hQsVWL_Cu,-7.755342222222224
ID_hQsVWL_B,-1.8385066666666643
ID_UlOYpK_N,-3500.2213333333334
ID_UlOYpK_P,-103.29729066666656
ID_UlOYpK_K,-756.4677333333333
ID_UlOYpK_Ca,-9509.325600000002
ID_UlOYpK_Mg,-2087.3909333333336
ID_UlOYpK_S,-10.301440000000031
ID_UlOYpK_Fe,-443.58801066666666
ID_UlOYpK_Mn,-300.9648266666666
ID_UlOYpK_Zn,-3.756186666666666
ID_UlOYpK_Cu,-8.115616000000005
ID_UlOYpK_B,-1.3542213333333353
ID_EOmfuU_N,-3610.1044444444447
ID_EOmfuU_P,-6.481926666666681
ID_EOmfuU_K,-552.1077777777778
ID_EOmfuU_Ca,-11607.758444444446
ID_EOmfuU_Mg,-2435.663111111111
ID_EOmfuU_S,-8.85323111111109
ID_EOmfuU_Fe,-445.71729777777745
ID_EOmfuU_Mn,-300.4900888888888
ID_EOmfuU_Zn,-4.3804222222222196
ID_EOmfuU_Cu,-10.109060000000017
ID_EOmfuU_B,-1.2856888888888884
ID_Cm5hML_N,-4128.690666666667
ID_Cm5hML_P,-5.578264000000026
ID_Cm5hML_K,-593.1741333333332
ID_Cm5hML_Ca,-6127.888
ID_Cm5hML_Mg,-1336.9618666666668
ID_Cm5hML_S,-12.77529066666671
ID_Cm5hML_Fe,-364.54988533333335
ID_Cm5hML_Mn,-267.49493333333334
ID_Cm5hML_Zn,-5.0115546666666715
ID_Cm5hML_Cu,-10.098354666666674
ID_Cm5hML_B,-0.8404106666666663
ID_grwqKX_N,-3670.1573333333326
ID_grwqKX_P,-20.40287466666664
ID_grwqKX_K,-780.4888
ID_grwqKX_Ca,-8726.561066666667
ID_grwqKX_Mg,-1475.150133333333
ID_grwqKX_S,-9.210282666666664
ID_grwqKX_Fe,-463.48491199999984
ID_grwqKX_Mn,-310.66293333333317
ID_grwqKX_Zn,-4.823581333333335
ID_grwqKX_Cu,-9.218679999999999
ID_grwqKX_B,-1.426168000000002
ID_EJ8pfj_N,-3549.6911111111112
ID_EJ8pfj_P,-38.085919999999945
ID_EJ8pfj_K,-826.7431111111111
ID_EJ8pfj_Ca,-12880.072444444446
ID_EJ8pfj_Mg,-2186.930888888889
ID_EJ8pfj_S,-13.031768888888905
ID_EJ8pfj_Fe,-458.40915777777775
ID_EJ8pfj_Mn,-311.56331111111103
ID_EJ8pfj_Zn,-3.755844444444444
ID_EJ8pfj_Cu,-8.910760000000003
ID_EJ8pfj_B,-1.4248644444444454
ID_jlixS1_N,-4333.784000000001
ID_jlixS1_P,-14.60884266666666
ID_jlixS1_K,-656.0221333333334
ID_jlixS1_Ca,-5389.126800000002
ID_jlixS1_Mg,-854.2134666666667
ID_jlixS1_S,-13.579876000000063
ID_jlixS1_Fe,-517.4485906666667
ID_jlixS1_Mn,-305.9284266666667
ID_jlixS1_Zn,-6.647316000000002
ID_jlixS1_Cu,-8.314045333333352
ID_jlixS1_B,-0.7583706666666661
ID_RBXz9f_N,-3606.1496000000006
ID_RBXz9f_P,-7.727296000000102
ID_RBXz9f_K,-596.4752000000001
ID_RBXz9f_Ca,-5358.254666666668
ID_RBXz9f_Mg,-927.3445333333334
ID_RBXz9f_S,-11.131922666666672
ID_RBXz9f_Fe,-383.5457920000002
ID_RBXz9f_Mn,-272.96544
ID_RBXz9f_Zn,-5.554125333333329
ID_RBXz9f_Cu,-7.798477333333351
ID_RBXz9f_B,-0.9205066666666671
ID_OPWdoF_N,-4206.524444444445
ID_OPWdoF_P,-8.174136888888953
ID_OPWdoF_K,-615.992888888889
ID_OPWdoF_Ca,-4890.951822222223
ID_OPWdoF_Mg,-882.4049777777778
ID_OPWdoF_S,-12.950712888888916
ID_OPWdoF_Fe,-415.4873742222223
ID_OPWdoF_Mn,-310.07096888888884
ID_OPWdoF_Zn,-5.932032000000001
ID_OPWdoF_Cu,-8.591651555555574
ID_OPWdoF_B,-0.8086826666666663
ID_Dq4JUD_N,-4000.982088888889
ID_Dq4JUD_P,-7.883796888888931
ID_Dq4JUD_K,-594.3748444444445
ID_Dq4JUD_Ca,-5945.712311111111
ID_Dq4JUD_Mg,-977.5876888888888
ID_Dq4JUD_S,-11.64592711111112
ID_Dq4JUD_Fe,-379.0031364444447
ID_Dq4JUD_Mn,-286.6575555555555
ID_Dq4JUD_Zn,-6.392298666666667
ID_Dq4JUD_Cu,-8.219063111111128
ID_Dq4JUD_B,-1.0234191111111117
ID_kkY2oX_N,-4353.4977777777785
ID_kkY2oX_P,-4.930332888888955
ID_kkY2oX_K,-621.1840000000001
ID_kkY2oX_Ca,-4372.290044444445
ID_kkY2oX_Mg,-680.7685777777779
ID_kkY2oX_S,-13.178854666666751
ID_kkY2oX_Fe,-375.5655186666667
ID_kkY2oX_Mn,-298.9934488888889
ID_kkY2oX_Zn,-8.443000444444433
ID_kkY2oX_Cu,-8.38769822222224
ID_kkY2oX_B,-0.693609333333333
ID_nmF1Cn_N,-4050.8314222222225
ID_nmF1Cn_P,-7.909278666666694
ID_nmF1Cn_K,-601.8013777777778
ID_nmF1Cn_Ca,-5713.135377777779
ID_nmF1Cn_Mg,-935.2278666666667
ID_nmF1Cn_S,-11.168361777777829
ID_nmF1Cn_Fe,-385.3928617777778
ID_nmF1Cn_Mn,-304.3484977777778
ID_nmF1Cn_Zn,-5.90644933333334
ID_nmF1Cn_Cu,-8.485168444444463
ID_nmF1Cn_B,-1.2744582222222238
ID_CwTQHu_N,-4013.4768888888893
ID_CwTQHu_P,-13.39209333333337
ID_CwTQHu_K,-607.9217777777778
ID_CwTQHu_Ca,-6356.076000000001
ID_CwTQHu_Mg,-1495.7293333333337
ID_CwTQHu_S,-9.740351111111114
ID_CwTQHu_Fe,-377.3180088888888
ID_CwTQHu_Mn,-309.4108444444445
ID_CwTQHu_Zn,-5.724555555555562
ID_CwTQHu_Cu,-8.625324444444466
ID_CwTQHu_B,-1.1540044444444448
ID_0s8DTP_N,-4050.2231999999995
ID_0s8DTP_P,2.5633119999999465
ID_0s8DTP_K,-507.3954666666667
ID_0s8DTP_Ca,-6967.738666666666
ID_0s8DTP_Mg,-1020.7461333333333
ID_0s8DTP_S,-9.489557333333334
ID_0s8DTP_Fe,-343.7148906666666
ID_0s8DTP_Mn,-321.45290666666654
ID_0s8DTP_Zn,-5.355176000000001
ID_0s8DTP_Cu,-9.806970666666682
ID_0s8DTP_B,-1.4492213333333348
ID_WVQllj_N,-4516.917777777778
ID_WVQllj_P,5.787602222222205
ID_WVQllj_K,-462.29022222222227
ID_WVQllj_Ca,-5634.106444444445
ID_WVQllj_Mg,-880.219111111111
ID_WVQllj_S,-16.70016666666676
ID_WVQllj_Fe,-321.02530222222225
ID_WVQllj_Mn,-302.26517777777775
ID_WVQllj_Zn,-5.490708888888884
ID_WVQllj_Cu,-10.173051111111121
ID_WVQllj_B,-0.7431444444444436
ID_HFjut1_N,-4174.284222222222
ID_HFjut1_P,-2.1064577777778055
ID_HFjut1_K,-603.6533333333333
ID_HFjut1_Ca,-6833.679111111111
ID_HFjut1_Mg,-1543.6771111111111
ID_HFjut1_S,-12.89172444444446
ID_HFjut1_Fe,-402.66462000000007
ID_HFjut1_Mn,-291.7884222222222
ID_HFjut1_Zn,-4.468231111111111
ID_HFjut1_Cu,-8.71454444444445
ID_HFjut1_B,-0.783419999999999
ID_De9c65_N,-4143.719777777778
ID_De9c65_P,-4.17037555555558
ID_De9c65_K,-651.1202222222223
ID_De9c65_Ca,-6722.7117777777785
ID_De9c65_Mg,-1056.5217777777777
ID_De9c65_S,-12.978971111111104
ID_De9c65_Fe,-424.3299555555556
ID_De9c65_Mn,-288.9083111111111
ID_De9c65_Zn,-5.130120000000007
ID_De9c65_Cu,-8.405628888888899
ID_De9c65_B,-1.0358066666666665
ID_dgWOVA_N,-4247.392000000001
ID_dgWOVA_P,-8.876501333333323
ID_dgWOVA_K,-601.1392000000001
ID_dgWOVA_Ca,-4959.580444444446
ID_dgWOVA_Mg,-904.2823111111113
ID_dgWOVA_S,-14.065436444444494
ID_dgWOVA_Fe,-414.9421084444447
ID_dgWOVA_Mn,-298.5255111111111
ID_dgWOVA_Zn,-5.7834453333333355
ID_dgWOVA_Cu,-8.4949831111111
ID_dgWOVA_B,-0.8447217777777772
ID_EZ52uy_N,-4096.216888888889
ID_EZ52uy_P,4.303509333333288
ID_EZ52uy_K,-596.773688888889
ID_EZ52uy_Ca,-4720.557511111112
ID_EZ52uy_Mg,-773.1875555555557
ID_EZ52uy_S,-14.381176888888973
ID_EZ52uy_Fe,-391.66502400000036
ID_EZ52uy_Mn,-306.8528355555556
ID_EZ52uy_Zn,-6.548728888888884
ID_EZ52uy_Cu,-8.898083555555557
ID_EZ52uy_B,-0.7463111111111101
ID_cbZZat_N,-3940.579022222222
ID_cbZZat_P,-7.071717333333403
ID_cbZZat_K,-650.645511111111
ID_cbZZat_Ca,-7989.200533333334
ID_cbZZat_Mg,-2061.713244444444
ID_cbZZat_S,-10.213896888888911
ID_cbZZat_Fe,-466.4004142222224
ID_cbZZat_Mn,-291.89525333333324
ID_cbZZat_Zn,-4.260158222222222
ID_cbZZat_Cu,-10.13529066666669
ID_cbZZat_B,-1.0423128888888882
ID_TgF4IG_N,-3561.518222222223
ID_TgF4IG_P,-213.35252000000006
ID_TgF4IG_K,-1113.1542222222222
ID_TgF4IG_Ca,-8014.005866666666
ID_TgF4IG_Mg,-1232.5014222222221
ID_TgF4IG_S,-11.719131555555578
ID_TgF4IG_Fe,-492.8702888888891
ID_TgF4IG_Mn,-337.52427555555556
ID_TgF4IG_Zn,-6.596130666666669
ID_TgF4IG_Cu,-8.449528888888885
ID_TgF4IG_B,-1.132734222222223
ID_Jhl17Y_N,-3648.388888888889
ID_Jhl17Y_P,-44.43611111111119
ID_Jhl17Y_K,-1627.2722222222224
ID_Jhl17Y_Ca,-7369.972222222223
ID_Jhl17Y_Mg,-1425.0555555555557
ID_Jhl17Y_S,-12.042444444444484
ID_Jhl17Y_Fe,-475.3769444444445
ID_Jhl17Y_Mn,-350.0266666666666
ID_Jhl17Y_Zn,-7.3328333333333315
ID_Jhl17Y_Cu,-8.78561111111111
ID_Jhl17Y_B,-1.6818333333333362
ID_mDVAQ5_N,-3238.665777777778
ID_mDVAQ5_P,-32.101776000000044
ID_mDVAQ5_K,-1613.3575999999998
ID_mDVAQ5_Ca,-7590.037244444444
ID_mDVAQ5_Mg,-1263.332
ID_mDVAQ5_S,-9.854544000000026
ID_mDVAQ5_Fe,-439.39900000000017
ID_mDVAQ5_Mn,-343.8385155555555
ID_mDVAQ5_Zn,-6.293536888888892
ID_mDVAQ5_Cu,-8.34382933333333
ID_mDVAQ5_B,-1.7222008888888891
ID_pjxFew_N,-3104.1555555555556
ID_pjxFew_P,-35.77784444444451
ID_pjxFew_K,-1598.2091111111113
ID_pjxFew_Ca,-8732.615333333333
ID_pjxFew_Mg,-1583.324
ID_pjxFew_S,-9.341393333333333
ID_pjxFew_Fe,-432.0690977777779
ID_pjxFew_Mn,-343.24759999999986
ID_pjxFew_Zn,-6.702962222222228
ID_pjxFew_Cu,-7.873562222222213
ID_pjxFew_B,-1.950184444444444
ID_zpKwo3_N,-3231.2319999999995
ID_zpKwo3_P,-20.25391466666671
ID_zpKwo3_K,-1290.2005333333334
ID_zpKwo3_Ca,-7550.222933333333
ID_zpKwo3_Mg,-1248.1381333333334
ID_zpKwo3_S,-10.214546666666678
ID_zpKwo3_Fe,-446.76926933333334
ID_zpKwo3_Mn,-320.72330666666664
ID_zpKwo3_Zn,-6.099722666666679
ID_zpKwo3_Cu,-7.900383999999991
ID_zpKwo3_B,-1.7120800000000018
ID_4x8MWK_N,-3103.5119999999997
ID_4x8MWK_P,-27.19788400000006
ID_4x8MWK_K,-1979.9728
ID_4x8MWK_Ca,-10996.8732
ID_4x8MWK_Mg,-1661.0284000000001
ID_4x8MWK_S,-9.690864000000008
ID_4x8MWK_Fe,-437.72260400000033
ID_4x8MWK_Mn,-358.2866399999999
ID_4x8MWK_Zn,-6.311952000000001
ID_4x8MWK_Cu,-7.891563999999993
ID_4x8MWK_B,-1.9782120000000027
ID_ZAw1q8_N,-3264.186666666667
ID_ZAw1q8_P,-28.42511866666672
ID_ZAw1q8_K,-1819.5625333333335
ID_ZAw1q8_Ca,-19009.982799999998
ID_ZAw1q8_Mg,-1379.0026666666665
ID_ZAw1q8_S,-14.98445066666672
ID_ZAw1q8_Fe,-186.02901866666667
ID_ZAw1q8_Mn,-474.56422666666674
ID_ZAw1q8_Zn,-7.707613333333324
ID_ZAw1q8_Cu,-8.473741333333335
ID_ZAw1q8_B,-2.8562013333333285
ID_A41msm_N,-3033.7653333333333
ID_A41msm_P,-16.989804444444445
ID_A41msm_K,-1885.8956444444448
ID_A41msm_Ca,-15175.727555555557
ID_A41msm_Mg,-1482.2403555555557
ID_A41msm_S,-10.458599111111113
ID_A41msm_Fe,-403.78434488888917
ID_A41msm_Mn,-455.0716088888889
ID_A41msm_Zn,-5.865485333333334
ID_A41msm_Cu,-8.146690666666665
ID_A41msm_B,-1.769243555555557
ID_RFI74j_N,-3279.3840000000005
ID_RFI74j_P,-18.776342666666757
ID_RFI74j_K,-1835.7548
ID_RFI74j_Ca,-8592.839466666666
ID_RFI74j_Mg,-1502.7133333333334
ID_RFI74j_S,-11.533945333333364
ID_RFI74j_Fe,-430.51070666666686
ID_RFI74j_Mn,-449.8073333333333
ID_RFI74j_Zn,-6.869846666666659
ID_RFI74j_Cu,-8.427055999999997
ID_RFI74j_B,-1.7369013333333347
ID_b2CSJA_N,-3297.8359999999993
ID_b2CSJA_P,-29.02667200000002
ID_b2CSJA_K,-1203.2071999999998
ID_b2CSJA_Ca,-17818.3216
ID_b2CSJA_Mg,-1668.4488
ID_b2CSJA_S,-10.75717600000003
ID_b2CSJA_Fe,-393.43597200000056
ID_b2CSJA_Mn,-382.89148
ID_b2CSJA_Zn,-5.670115999999995
ID_b2CSJA_Cu,-7.9943679999999935
ID_b2CSJA_B,-1.981748000000001
ID_PpHxBv_N,-3323.916444444445
ID_PpHxBv_P,-35.95741688888897
ID_PpHxBv_K,-1481.5942222222222
ID_PpHxBv_Ca,-10804.585066666667
ID_PpHxBv_Mg,-1554.9501333333333
ID_PpHxBv_S,-11.258568000000025
ID_PpHxBv_Fe,-461.8464480000002
ID_PpHxBv_Mn,-347.04895111111114
ID_PpHxBv_Zn,-6.578887999999997
ID_PpHxBv_Cu,-8.172561777777773
ID_PpHxBv_B,-1.8483591111111122
ID_ZQhE9W_N,-3062.4177777777777
ID_ZQhE9W_P,-37.54213333333344
ID_ZQhE9W_K,-1531.688711111111
ID_ZQhE9W_Ca,-8959.001777777778
ID_ZQhE9W_Mg,-1594.8003555555556
ID_ZQhE9W_S,-9.294352
ID_ZQhE9W_Fe,-431.05304888888907
ID_ZQhE9W_Mn,-355.9442666666666
ID_ZQhE9W_Zn,-6.5600000000000005
ID_ZQhE9W_Cu,-7.849575111111107
ID_ZQhE9W_B,-1.9725813333333342
ID_Aw5BL0_N,-3382.3680000000004
ID_Aw5BL0_P,-30.362280000000013
ID_Aw5BL0_K,-1707.7930666666668
ID_Aw5BL0_Ca,-8025.782933333333
ID_Aw5BL0_Mg,-1282.5702222222224
ID_Aw5BL0_S,-10.744324444444473
ID_Aw5BL0_Fe,-448.9986551111113
ID_Aw5BL0_Mn,-375.30089777777783
ID_Aw5BL0_Zn,-6.863446222222224
ID_Aw5BL0_Cu,-8.622985777777776
ID_Aw5BL0_B,-1.7817199999999997
ID_QjXARI_N,-3506.4995555555565
ID_QjXARI_P,-15.415360000000057
ID_QjXARI_K,-1397.4791111111113
ID_QjXARI_Ca,-17476.262400000003
ID_QjXARI_Mg,-1785.8368000000003
ID_QjXARI_S,-8.44527644444446
ID_QjXARI_Fe,-356.7446684444447
ID_QjXARI_Mn,-364.98183111111115
ID_QjXARI_Zn,-4.087715555555553
ID_QjXARI_Cu,-7.815317333333327
ID_QjXARI_B,-1.8097635555555556
ID_FvbkRc_N,-3644.8702222222223
ID_FvbkRc_P,-38.446156888888936
ID_FvbkRc_K,-781.4176888888887
ID_FvbkRc_Ca,-7945.590577777777
ID_FvbkRc_Mg,-1218.7330222222222
ID_FvbkRc_S,-8.431755999999993
ID_FvbkRc_Fe,-447.71739022222226
ID_FvbkRc_Mn,-341.90763555555554
ID_FvbkRc_Zn,-7.23227111111111
ID_FvbkRc_Cu,-8.309804000000009
ID_FvbkRc_B,-1.534242666666665
ID_9tqcse_N,-3824.072
ID_9tqcse_P,-3.34515466666673
ID_9tqcse_K,-803.3561333333333
ID_9tqcse_Ca,-8191.852133333336
ID_9tqcse_Mg,-1417.6593333333335
ID_9tqcse_S,-6.501627999999982
ID_9tqcse_Fe,-417.14484666666687
ID_9tqcse_Mn,-320.48373333333336
ID_9tqcse_Zn,-5.881761333333336
ID_9tqcse_Cu,-7.909512000000009
ID_9tqcse_B,-1.2962520000000013
ID_43C561_N,-3201.1288888888894
ID_43C561_P,-1.1880244444444727
ID_43C561_K,-851.4921333333334
ID_43C561_Ca,-9217.002933333333
ID_43C561_Mg,-1461.6218222222224
ID_43C561_S,-4.6651346666666385
ID_43C561_Fe,-388.5620475555556
ID_43C561_Mn,-293.5948399999999
ID_43C561_Zn,-4.859406666666664
ID_43C561_Cu,-6.388791111111124
ID_43C561_B,-1.354963111111109
ID_K0WWJY_N,-3485.3911111111115
ID_K0WWJY_P,-26.019956444444546
ID_K0WWJY_K,-677.487288888889
ID_K0WWJY_Ca,-7590.550844444446
ID_K0WWJY_Mg,-1403.528977777778
ID_K0WWJY_S,-5.730879111111101
ID_K0WWJY_Fe,-412.25637155555563
ID_K0WWJY_Mn,-292.9439288888889
ID_K0WWJY_Zn,-5.215173333333332
ID_K0WWJY_Cu,-6.660461333333335
ID_K0WWJY_B,-1.340965333333334
ID_em3ZVJ_N,-4164.12088888889
ID_em3ZVJ_P,-6.164696000000049
ID_em3ZVJ_K,-734.3315555555555
ID_em3ZVJ_Ca,-7184.189244444446
ID_em3ZVJ_Mg,-1267.863111111111
ID_em3ZVJ_S,-8.825560888888909
ID_em3ZVJ_Fe,-396.1370693333334
ID_em3ZVJ_Mn,-332.46544000000006
ID_em3ZVJ_Zn,-8.236314666666665
ID_em3ZVJ_Cu,-7.7433573333333285
ID_em3ZVJ_B,-1.4647262222222235
ID_hqOd2S_N,-3789.713333333334
ID_hqOd2S_P,3.0251599999999996
ID_hqOd2S_K,-546.0426666666666
ID_hqOd2S_Ca,-5775.511333333334
ID_hqOd2S_Mg,-980.9459999999999
ID_hqOd2S_S,-5.781399999999998
ID_hqOd2S_Fe,-402.4018666666667
ID_hqOd2S_Mn,-295.7872666666667
ID_hqOd2S_Zn,-6.040466666666669
ID_hqOd2S_Cu,-7.162833333333346
ID_hqOd2S_B,-1.3835600000000015
ID_weyagL_N,-3567.144
ID_weyagL_P,-15.334536000000007
ID_weyagL_K,-1313.3937333333336
ID_weyagL_Ca,-10168.776933333334
ID_weyagL_Mg,-1568.5009333333337
ID_weyagL_S,-7.637330666666674
ID_weyagL_Fe,-399.02106266666675
ID_weyagL_Mn,-305.79226666666665
ID_weyagL_Zn,-6.307507999999996
ID_weyagL_Cu,-7.4488373333333415
ID_weyagL_B,-1.7256493333333325
ID_6B0sTG_N,-3554.282666666666
ID_6B0sTG_P,-10.85874400000003
ID_6B0sTG_K,-955.1671999999999
ID_6B0sTG_Ca,-13919.691733333333
ID_6B0sTG_Mg,-1378.7517333333335
ID_6B0sTG_S,-7.665557333333325
ID_6B0sTG_Fe,-424.2547759999999
ID_6B0sTG_Mn,-428.84344
ID_6B0sTG_Zn,-5.880791999999994
ID_6B0sTG_Cu,-8.59811466666667
ID_6B0sTG_B,-1.8204053333333328
ID_uzfRJd_N,-3522.8604444444445
ID_uzfRJd_P,-11.572568888888952
ID_uzfRJd_K,-1416.3383111111111
ID_uzfRJd_Ca,-10285.33546666667
ID_uzfRJd_Mg,-1296.0152888888888
ID_uzfRJd_S,-8.056400000000004
ID_uzfRJd_Fe,-410.7979537777778
ID_uzfRJd_Mn,-394.11136
ID_uzfRJd_Zn,-6.375482666666663
ID_uzfRJd_Cu,-8.37791644444444
ID_uzfRJd_B,-1.6827359999999985
ID_sPv6iu_N,-3073.613333333334
ID_sPv6iu_P,-31.326676000000063
ID_sPv6iu_K,-1294.3116000000002
ID_sPv6iu_Ca,-17325.69186666667
ID_sPv6iu_Mg,-1638.0856000000003
ID_sPv6iu_S,-15.007582666666714
ID_sPv6iu_Fe,-197.4642533333335
ID_sPv6iu_Mn,-479.0080133333335
ID_sPv6iu_Zn,-3.7660519999999997
ID_sPv6iu_Cu,-7.414304000000008
ID_sPv6iu_B,-2.455634666666662
ID_b5zwr0_N,-3329.9306666666666
ID_b5zwr0_P,-44.30512800000004
ID_b5zwr0_K,-1273.6325333333334
ID_b5zwr0_Ca,-17528.09573333333
ID_b5zwr0_Mg,-1288.6816000000001
ID_b5zwr0_S,-11.519517333333372
ID_b5zwr0_Fe,-194.34474399999996
ID_b5zwr0_Mn,-478.12538666666666
ID_b5zwr0_Zn,-6.813413333333324
ID_b5zwr0_Cu,-7.706938666666663
ID_b5zwr0_B,-2.6758106666666626
ID_NjJQxd_N,-3652.458222222222
ID_NjJQxd_P,-22.333563555555614
ID_NjJQxd_K,-697.7552888888889
ID_NjJQxd_Ca,-10626.642222222225
ID_NjJQxd_Mg,-1817.5659111111113
ID_NjJQxd_S,-8.61199688888891
ID_NjJQxd_Fe,-451.52616533333384
ID_NjJQxd_Mn,-290.27780888888884
ID_NjJQxd_Zn,-4.184152444444442
ID_NjJQxd_Cu,-7.025149777777784
ID_NjJQxd_B,-1.4485675555555584
ID_pZOz4X_N,-3842.937777777778
ID_pZOz4X_P,-2.651497777777813
ID_pZOz4X_K,-631.5448888888891
ID_pZOz4X_Ca,-6047.303555555556
ID_pZOz4X_Mg,-1076.1844444444446
ID_pZOz4X_S,-8.427537777777804
ID_pZOz4X_Fe,-462.31838222222234
ID_pZOz4X_Mn,-253.06346666666664
ID_pZOz4X_Zn,-5.216697777777779
ID_pZOz4X_Cu,-8.298160000000005
ID_pZOz4X_B,-1.2379955555555577
ID_Uxks46_N,-3709.358222222223
ID_Uxks46_P,-24.15533511111113
ID_Uxks46_K,-586.2780444444444
ID_Uxks46_Ca,-5924.176711111111
ID_Uxks46_Mg,-1017.5232000000003
ID_Uxks46_S,-7.105539555555573
ID_Uxks46_Fe,-485.9678399999999
ID_Uxks46_Mn,-243.20543999999992
ID_Uxks46_Zn,-5.951996444444445
ID_Uxks46_Cu,-6.5661013333333385
ID_Uxks46_B,-1.3014435555555581
ID_buboCy_N,-3711.780000000001
ID_buboCy_P,5.954379999999993
ID_buboCy_K,-559.24
ID_buboCy_Ca,-5729.6753333333345
ID_buboCy_Mg,-850.2700000000001
ID_buboCy_S,-9.108453333333362
ID_buboCy_Fe,-555.9736533333335
ID_buboCy_Mn,-244.51273333333316
ID_buboCy_Zn,-5.79397333333333
ID_buboCy_Cu,-6.702606666666672
ID_buboCy_B,-0.7105799999999992
ID_ZYuUqG_N,-3754.2400000000002
ID_ZYuUqG_P,0.4362275555555186
ID_ZYuUqG_K,-512.4611555555556
ID_ZYuUqG_Ca,-5713.819377777778
ID_ZYuUqG_Mg,-1323.5466666666666
ID_ZYuUqG_S,-9.454275555555572
ID_ZYuUqG_Fe,-452.85548800000026
ID_ZYuUqG_Mn,-235.52561777777765
ID_ZYuUqG_Zn,-5.707342222222229
ID_ZYuUqG_Cu,-6.538599111111118
ID_ZYuUqG_B,-0.9049955555555563
ID_NlIwtG_N,-3606.147111111112
ID_NlIwtG_P,1.0054431111110915
ID_NlIwtG_K,-529.3904444444446
ID_NlIwtG_Ca,-5606.370266666667
ID_NlIwtG_Mg,-889.1260444444447
ID_NlIwtG_S,-6.360011111111124
ID_NlIwtG_Fe,-548.5434213333335
ID_NlIwtG_Mn,-222.7929644444444
ID_NlIwtG_Zn,-5.89231333333333
ID_NlIwtG_Cu,-6.897952000000008
ID_NlIwtG_B,-0.9517653333333341
ID_WQrZok_N,-3497.9533333333334
ID_WQrZok_P,-5.992753333333404
ID_WQrZok_K,-641.2426666666668
ID_WQrZok_Ca,-5985.175333333334
ID_WQrZok_Mg,-1272.6126666666669
ID_WQrZok_S,-6.272333333333336
ID_WQrZok_Fe,-441.5491333333338
ID_WQrZok_Mn,-237.77826666666655
ID_WQrZok_Zn,-5.431513333333333
ID_WQrZok_Cu,-6.6913133333333406
ID_WQrZok_B,-1.0416800000000013
ID_6SMrNW_N,-3162.595555555556
ID_6SMrNW_P,-8.779328000000064
ID_6SMrNW_K,-1028.3566222222223
ID_6SMrNW_Ca,-6926.357688888889
ID_6SMrNW_Mg,-1230.8526222222224
ID_6SMrNW_S,-5.6747768888889
ID_6SMrNW_Fe,-389.9938666666669
ID_6SMrNW_Mn,-260.4528
ID_6SMrNW_Zn,-5.063836444444443
ID_6SMrNW_Cu,-6.6250346666666715
ID_6SMrNW_B,-1.3321813333333332
ID_oTfbL4_N,-3295.0400000000004
ID_oTfbL4_P,-33.39348799999996
ID_oTfbL4_K,-995.6672000000001
ID_oTfbL4_Ca,-8035.492800000002
ID_oTfbL4_Mg,-1515.0640000000003
ID_oTfbL4_S,-6.504096000000004
ID_oTfbL4_Fe,-384.75524800000005
ID_oTfbL4_Mn,-310.66544
ID_oTfbL4_Zn,-5.439488000000003
ID_oTfbL4_Cu,-6.93592000000001
ID_oTfbL4_B,-1.5044800000000025
ID_nxhnuN_N,-3190.3688888888896
ID_nxhnuN_P,-19.422045777777853
ID_nxhnuN_K,-698.3933777777779
ID_nxhnuN_Ca,-8624.417022222222
ID_nxhnuN_Mg,-1380.4462666666666
ID_nxhnuN_S,-7.12389600000002
ID_nxhnuN_Fe,-362.1588373333334
ID_nxhnuN_Mn,-333.76956
ID_nxhnuN_Zn,-5.1027960000000006
ID_nxhnuN_Cu,-7.237403555555551
ID_nxhnuN_B,-1.4556164444444453
ID_5TydZ7_N,-3447.247555555556
ID_5TydZ7_P,-9.527807555555633
ID_5TydZ7_K,-940.2681777777779
ID_5TydZ7_Ca,-11235.172266666668
ID_5TydZ7_Mg,-1818.961111111111
ID_5TydZ7_S,-8.219354666666678
ID_5TydZ7_Fe,-392.83446133333354
ID_5TydZ7_Mn,-266.6078533333333
ID_5TydZ7_Zn,-4.296107555555552
ID_5TydZ7_Cu,-7.219799555555563
ID_5TydZ7_B,-1.426525333333334
ID_CjX2xU_N,-3784.052444444445
ID_CjX2xU_P,-10.125172444444523
ID_CjX2xU_K,-624.6109333333335
ID_CjX2xU_Ca,-6570.887288888891
ID_CjX2xU_Mg,-1296.4393777777777
ID_CjX2xU_S,-7.116096888888912
ID_CjX2xU_Fe,-463.8172546666669
ID_CjX2xU_Mn,-236.36769777777778
ID_CjX2xU_Zn,-6.177836888888886
ID_CjX2xU_Cu,-6.90755822222222
ID_CjX2xU_B,-1.2982075555555588
ID_JkJklW_N,-3382.256
ID_JkJklW_P,-6.263456000000048
ID_JkJklW_K,-716.6768000000001
ID_JkJklW_Ca,-8194.3056
ID_JkJklW_Mg,-1449.9856000000002
ID_JkJklW_S,-6.954480000000007
ID_JkJklW_Fe,-394.21580800000015
ID_JkJklW_Mn,-275.0019199999999
ID_JkJklW_Zn,-5.750480000000006
ID_JkJklW_Cu,-6.833920000000009
ID_JkJklW_B,-1.5083679999999984
ID_Bbqqrw_N,-3833.2160000000013
ID_Bbqqrw_P,-12.022928000000029
ID_Bbqqrw_K,-775.5440000000001
ID_Bbqqrw_Ca,-6947.1072
ID_Bbqqrw_Mg,-1221.1312000000003
ID_Bbqqrw_S,-5.775600000000004
ID_Bbqqrw_Fe,-496.84868799999987
ID_Bbqqrw_Mn,-267.89456
ID_Bbqqrw_Zn,-7.0907360000000015
ID_Bbqqrw_Cu,-6.908752000000007
ID_Bbqqrw_B,-1.4520640000000031
ID_HbeKtN_N,-4234.905777777778
ID_HbeKtN_P,7.919362222222205
ID_HbeKtN_K,-582.4575111111112
ID_HbeKtN_Ca,-6645.16288888889
ID_HbeKtN_Mg,-1310.2799111111112
ID_HbeKtN_S,-6.521764444444436
ID_HbeKtN_Fe,-454.11319555555565
ID_HbeKtN_Mn,-241.26995555555555
ID_HbeKtN_Zn,-5.1480999999999995
ID_HbeKtN_Cu,-6.694032
ID_HbeKtN_B,-1.3368062222222246
ID_nObkYv_N,-4030.1866666666674
ID_nObkYv_P,2.4762666666666533
ID_nObkYv_K,-553.8080000000001
ID_nObkYv_Ca,-5098.718666666668
ID_nObkYv_Mg,-1094.4440000000002
ID_nObkYv_S,-8.462913333333358
ID_nObkYv_Fe,-509.9039466666668
ID_nObkYv_Mn,-225.08259999999993
ID_nObkYv_Zn,-4.889573333333335
ID_nObkYv_Cu,-6.535120000000006
ID_nObkYv_B,-0.6362866666666661
ID_c843zV_N,-4464.774666666667
ID_c843zV_P,4.633084888888824
ID_c843zV_K,-579.6235111111112
ID_c843zV_Ca,-4312.4224
ID_c843zV_Mg,-671.7288444444445
ID_c843zV_S,-13.951010666666747
ID_c843zV_Fe,-647.4510977777778
ID_c843zV_Mn,-240.4594799999999
ID_c843zV_Zn,-8.257942666666668
ID_c843zV_Cu,-6.587938666666676
ID_c843zV_B,-0.8185959999999994
ID_EYxzlm_N,-4372.832
ID_EYxzlm_P,10.699503999999948
ID_EYxzlm_K,-555.9968000000001
ID_EYxzlm_Ca,-4548.254400000001
ID_EYxzlm_Mg,-660.4816000000001
ID_EYxzlm_S,-13.103136000000088
ID_EYxzlm_Fe,-447.766384
ID_EYxzlm_Mn,-223.01167999999993
ID_EYxzlm_Zn,-6.01865599999999
ID_EYxzlm_Cu,-6.5124640000000085
ID_EYxzlm_B,-0.8263359999999998
ID_zpcIXx_N,-3542.66
ID_zpcIXx_P,2.6441733333332778
ID_zpcIXx_K,-727.8233333333334
ID_zpcIXx_Ca,-8431.754666666666
ID_zpcIXx_Mg,-1253.7406666666666
ID_zpcIXx_S,-6.649353333333327
ID_zpcIXx_Fe,-436.58174666666673
ID_zpcIXx_Mn,-253.5926666666666
ID_zpcIXx_Zn,-4.614193333333337
ID_zpcIXx_Cu,-6.440386666666675
ID_zpcIXx_B,-1.314913333333336
ID_ytOmyb_N,-4188.464
ID_ytOmyb_P,5.772495999999954
ID_ytOmyb_K,-551.0576000000001
ID_ytOmyb_Ca,-4426.464000000001
ID_ytOmyb_Mg,-706.0192000000002
ID_ytOmyb_S,-12.955248000000065
ID_ytOmyb_Fe,-540.1874560000002
ID_ytOmyb_Mn,-253.0519999999999
ID_ytOmyb_Zn,-6.223952
ID_ytOmyb_Cu,-6.6687040000000115
ID_ytOmyb_B,-0.5878719999999988
ID_abMVsM_N,-3497.3404444444445
ID_abMVsM_P,-46.87546311111123
ID_abMVsM_K,-1541.1726222222223
ID_abMVsM_Ca,-17567.858488888894
ID_abMVsM_Mg,-1648.2311111111114
ID_abMVsM_S,-10.401443555555598
ID_abMVsM_Fe,-193.7557973333334
ID_abMVsM_Mn,-406.95146666666676
ID_abMVsM_Zn,-5.025180444444444
ID_abMVsM_Cu,-7.954695111111106
ID_abMVsM_B,-2.724778666666666
ID_lmStIm_N,-3289.466666666667
ID_lmStIm_P,-25.269160000000042
ID_lmStIm_K,-917.505777777778
ID_lmStIm_Ca,-15446.920888888892
ID_lmStIm_Mg,-1665.1782222222225
ID_lmStIm_S,-6.663773333333317
ID_lmStIm_Fe,-314.36872444444447
ID_lmStIm_Mn,-383.1137777777779
ID_lmStIm_Zn,-5.572902222222229
ID_lmStIm_Cu,-7.074617777777788
ID_lmStIm_B,-1.9517244444444435
ID_MpTbGN_N,-3309.06
ID_MpTbGN_P,-21.62936888888899
ID_MpTbGN_K,-1599.446
ID_MpTbGN_Ca,-16284.93622222222
ID_MpTbGN_Mg,-1264.809777777778
ID_MpTbGN_S,-12.772533333333374
ID_MpTbGN_Fe,-227.82470222222213
ID_MpTbGN_Mn,-419.0331111111111
ID_MpTbGN_Zn,-7.234313333333324
ID_MpTbGN_Cu,-8.158199999999994
ID_MpTbGN_B,-2.7156244444444417
ID_Uk0Jns_N,-3727.477333333334
ID_Uk0Jns_P,-1.439516444444486
ID_Uk0Jns_K,-646.1080888888889
ID_Uk0Jns_Ca,-8091.102222222223
ID_Uk0Jns_Mg,-1372.5699555555557
ID_Uk0Jns_S,-7.153056000000024
ID_Uk0Jns_Fe,-408.42765866666673
ID_Uk0Jns_Mn,-262.82769777777776
ID_Uk0Jns_Zn,-7.330112000000002
ID_Uk0Jns_Cu,-7.381276444444437
ID_Uk0Jns_B,-1.297976888888889
ID_zfWqoo_N,-4001.8999999999996
ID_zfWqoo_P,-7.597809777777805
ID_zfWqoo_K,-723.385911111111
ID_zfWqoo_Ca,-6631.480933333332
ID_zfWqoo_Mg,-959.9127999999997
ID_zfWqoo_S,-7.756869777777808
ID_zfWqoo_Fe,-475.0613311111112
ID_zfWqoo_Mn,-294.1427866666666
ID_zfWqoo_Zn,-7.79315288888888
ID_zfWqoo_Cu,-7.905464888888885
ID_zfWqoo_B,-1.4857280000000002
ID_RHvUAX_N,-2868.505777777778
ID_RHvUAX_P,-15.495896444444512
ID_RHvUAX_K,-1423.3308
ID_RHvUAX_Ca,-9408.764533333333
ID_RHvUAX_Mg,-1524.7956444444444
ID_RHvUAX_S,-5.2253079999999805
ID_RHvUAX_Fe,-343.5350426666668
ID_RHvUAX_Mn,-361.52368888888884
ID_RHvUAX_Zn,-6.182203555555558
ID_RHvUAX_Cu,-6.777265777777778
ID_RHvUAX_B,-1.6357968888888879
ID_VkwsIs_N,-3395.2182222222227
ID_VkwsIs_P,-12.553550666666723
ID_VkwsIs_K,-906.7785333333334
ID_VkwsIs_Ca,-6999.190044444446
ID_VkwsIs_Mg,-1251.5071111111113
ID_VkwsIs_S,-6.108000444444453
ID_VkwsIs_Fe,-505.082612888889
ID_VkwsIs_Mn,-263.7971066666666
ID_VkwsIs_Zn,-5.512741333333329
ID_VkwsIs_Cu,-7.002768444444449
ID_VkwsIs_B,-1.4935724444444467
ID_4idX0J_N,-3704.768000000001
ID_4idX0J_P,-0.13664000000000698
ID_4idX0J_K,-618.2144000000001
ID_4idX0J_Ca,-6721.396800000001
ID_4idX0J_Mg,-1195.2064
ID_4idX0J_S,-6.264384000000007
ID_4idX0J_Fe,-524.7014080000001
ID_4idX0J_Mn,-234.7231999999999
ID_4idX0J_Zn,-6.070016000000015
ID_4idX0J_Cu,-6.916000000000008
ID_4idX0J_B,-1.4321920000000032
ID_xbUy2z_N,-3063.8186666666666
ID_xbUy2z_P,-4.922961777777829
ID_xbUy2z_K,-1045.2832
ID_xbUy2z_Ca,-9060.030933333333
ID_xbUy2z_Mg,-1392.542577777778
ID_xbUy2z_S,-5.107214222222208
ID_xbUy2z_Fe,-394.25782044444435
ID_xbUy2z_Mn,-262.3687111111111
ID_xbUy2z_Zn,-5.463288888888889
ID_xbUy2z_Cu,-6.361151999999997
ID_xbUy2z_B,-1.1283875555555567
ID_s5qmpL_N,-3481.8368888888895
ID_s5qmpL_P,3.647288888888852
ID_s5qmpL_K,-719.5068444444446
ID_s5qmpL_Ca,-8192.720666666666
ID_s5qmpL_Mg,-1393.4784000000002
ID_s5qmpL_S,-7.702840000000002
ID_s5qmpL_Fe,-415.52051022222213
ID_s5qmpL_Mn,-275.50806666666665
ID_s5qmpL_Zn,-5.056152444444445
ID_s5qmpL_Cu,-6.947590222222227
ID_s5qmpL_B,-1.2865693333333352
ID_mSYbWe_N,-3327.713333333334
ID_mSYbWe_P,-17.963686666666717
ID_mSYbWe_K,-787.5053333333334
ID_mSYbWe_Ca,-7336.805333333334
ID_mSYbWe_Mg,-1419.7013333333334
ID_mSYbWe_S,-7.112800000000007
ID_mSYbWe_Fe,-438.9493333333336
ID_mSYbWe_Mn,-250.9639333333333
ID_mSYbWe_Zn,-5.439539999999998
ID_mSYbWe_Cu,-6.765933333333339
ID_mSYbWe_B,-1.3473000000000022
ID_BgXmRZ_N,-3287.001777777779
ID_BgXmRZ_P,-11.151231111111152
ID_BgXmRZ_K,-855.4028000000001
ID_BgXmRZ_Ca,-6622.33288888889
ID_BgXmRZ_Mg,-1199.421288888889
ID_BgXmRZ_S,-6.179537777777785
ID_BgXmRZ_Fe,-476.364455111111
ID_BgXmRZ_Mn,-232.45815555555546
ID_BgXmRZ_Zn,-5.016482666666666
ID_BgXmRZ_Cu,-6.729985777777784
ID_BgXmRZ_B,-1.2526968888888899
ID_WIHCnt_N,-3386.60888888889
ID_WIHCnt_P,-7.549431111111176
ID_WIHCnt_K,-897.0506666666669
ID_WIHCnt_Ca,-7952.53288888889
ID_WIHCnt_Mg,-1389.977777777778
ID_WIHCnt_S,-5.981088888888873
ID_WIHCnt_Fe,-457.04977333333335
ID_WIHCnt_Mn,-237.61751111111104
ID_WIHCnt_Zn,-5.712284444444448
ID_WIHCnt_Cu,-7.258880000000007
ID_WIHCnt_B,-1.2625377777777782
ID_rlG3dg_N,-3457.586666666667
ID_rlG3dg_P,-16.147279999999995
ID_rlG3dg_K,-1065.1580000000001
ID_rlG3dg_Ca,-6933.8200000000015
ID_rlG3dg_Mg,-1222.1146666666668
ID_rlG3dg_S,-5.6768666666666725
ID_rlG3dg_Fe,-420.8504133333334
ID_rlG3dg_Mn,-249.79213333333328
ID_rlG3dg_Zn,-5.785013333333333
ID_rlG3dg_Cu,-6.632886666666673
ID_rlG3dg_B,-1.199740000000001
ID_JzmDbm_N,-3185.3533333333335
ID_JzmDbm_P,-13.099933333333404
ID_JzmDbm_K,-859.8329333333336
ID_JzmDbm_Ca,-13713.613733333335
ID_JzmDbm_Mg,-1859.7748000000001
ID_JzmDbm_S,-7.072365333333334
ID_JzmDbm_Fe,-367.78181466666723
ID_JzmDbm_Mn,-273.69254666666666
ID_JzmDbm_Zn,-4.6827146666666675
ID_JzmDbm_Cu,-7.0923053333333375
ID_JzmDbm_B,-1.376418666666665
ID_3UExAA_N,-3264.951111111112
ID_3UExAA_P,-1.6717657777778356
ID_3UExAA_K,-783.7829333333335
ID_3UExAA_Ca,-6749.657555555557
ID_3UExAA_Mg,-1230.390177777778
ID_3UExAA_S,-6.793828444444454
ID_3UExAA_Fe,-423.3471462222223
ID_3UExAA_Mn,-242.13807999999995
ID_3UExAA_Zn,-5.653375555555561
ID_3UExAA_Cu,-7.230457333333341
ID_3UExAA_B,-1.314376444444445
ID_6BOLSM_N,-3460.9137777777783
ID_6BOLSM_P,-6.291370666666722
ID_6BOLSM_K,-621.7027555555557
ID_6BOLSM_Ca,-5731.198933333333
ID_6BOLSM_Mg,-1017.3752888888891
ID_6BOLSM_S,-7.127818666666684
ID_6BOLSM_Fe,-457.7421475555557
ID_6BOLSM_Mn,-274.4604444444444
ID_6BOLSM_Zn,-5.325685333333336
ID_6BOLSM_Cu,-6.899224888888895
ID_6BOLSM_B,-1.3129066666666687
ID_Yw2lU5_N,-3219.216
ID_Yw2lU5_P,-8.308152000000064
ID_Yw2lU5_K,-693.5973333333334
ID_Yw2lU5_Ca,-8284.081600000001
ID_Yw2lU5_Mg,-1537.6445333333334
ID_Yw2lU5_S,-5.455237333333308
ID_Yw2lU5_Fe,-405.3573813333334
ID_Yw2lU5_Mn,-247.5366133333333
ID_Yw2lU5_Zn,-6.21191200000001
ID_Yw2lU5_Cu,-6.430906666666671
ID_Yw2lU5_B,-1.3271013333333324
ID_8w3vx4_N,-3419.560000000001
ID_8w3vx4_P,0.3160088888888595
ID_8w3vx4_K,-1094.0386666666668
ID_8w3vx4_Ca,-9433.299111111111
ID_8w3vx4_Mg,-1420.8951111111112
ID_8w3vx4_S,-8.05867111111111
ID_8w3vx4_Fe,-411.0515866666669
ID_8w3vx4_Mn,-299.8452444444444
ID_8w3vx4_Zn,-4.587839999999999
ID_8w3vx4_Cu,-7.242795555555567
ID_8w3vx4_B,-1.6438222222222245
ID_AWD3qh_N,-4030.3973333333333
ID_AWD3qh_P,-13.580253333333431
ID_AWD3qh_K,-815.2461333333333
ID_AWD3qh_Ca,-6595.060000000001
ID_AWD3qh_Mg,-1169.1589333333334
ID_AWD3qh_S,-8.16001333333336
ID_AWD3qh_Fe,-544.8390106666667
ID_AWD3qh_Mn,-285.67919999999987
ID_AWD3qh_Zn,-8.063866666666662
ID_AWD3qh_Cu,-7.472960000000005
ID_AWD3qh_B,-1.4769866666666696
ID_ZISINX_N,-3231.5333333333338
ID_ZISINX_P,-5.189075555555604
ID_ZISINX_K,-915.7115555555556
ID_ZISINX_Ca,-6965.554222222223
ID_ZISINX_Mg,-1292.165777777778
ID_ZISINX_S,-6.817724444444448
ID_ZISINX_Fe,-452.8139422222225
ID_ZISINX_Mn,-277.20284444444445
ID_ZISINX_Zn,-5.86330222222222
ID_ZISINX_Cu,-6.918857777777781
ID_ZISINX_B,-1.4085688888888876
ID_kLG3Gp_N,-3285.5457777777783
ID_kLG3Gp_P,-10.425566222222294
ID_kLG3Gp_K,-665.271377777778
ID_kLG3Gp_Ca,-7688.862311111113
ID_kLG3Gp_Mg,-1295.6492444444445
ID_kLG3Gp_S,-7.312587555555581
ID_kLG3Gp_Fe,-410.2400631111113
ID_kLG3Gp_Mn,-271.7161333333333
ID_kLG3Gp_Zn,-5.878168000000002
ID_kLG3Gp_Cu,-6.719067555555566
ID_kLG3Gp_B,-1.1398008888888893
ID_i9c5QS_N,-3058.503111111111
ID_i9c5QS_P,-17.704330666666728
ID_i9c5QS_K,-1298.6641777777777
ID_i9c5QS_Ca,-10856.89208888889
ID_i9c5QS_Mg,-1640.252088888889
ID_i9c5QS_S,-5.7003839999999855
ID_i9c5QS_Fe,-358.18918755555563
ID_i9c5QS_Mn,-313.22378666666674
ID_i9c5QS_Zn,-4.846453333333335
ID_i9c5QS_Cu,-6.799616000000003
ID_i9c5QS_B,-1.5263146666666647
ID_X1ENUx_N,-3510.3613333333337
ID_X1ENUx_P,-13.506390666666732
ID_X1ENUx_K,-1482.612
ID_X1ENUx_Ca,-14954.001733333333
ID_X1ENUx_Mg,-1480.919466666667
ID_X1ENUx_S,-7.885970666666687
ID_X1ENUx_Fe,-352.73268133333363
ID_X1ENUx_Mn,-434.53105333333355
ID_X1ENUx_Zn,-5.063962666666668
ID_X1ENUx_Cu,-7.781245333333331
ID_X1ENUx_B,-1.6844066666666675
ID_NpQgDB_N,-3346.5440000000003
ID_NpQgDB_P,-24.42608000000004
ID_NpQgDB_K,-1253.9216000000001
ID_NpQgDB_Ca,-14411.174400000002
ID_NpQgDB_Mg,-1758.6208000000004
ID_NpQgDB_S,-8.17531200000002
ID_NpQgDB_Fe,-371.33824000000004
ID_NpQgDB_Mn,-347.2707200000001
ID_NpQgDB_Zn,-4.200559999999997
ID_NpQgDB_Cu,-8.503168000000008
ID_NpQgDB_B,-1.6955679999999997
ID_2NMLQH_N,-3676.912
ID_2NMLQH_P,-21.485710666666677
ID_2NMLQH_K,-924.3400888888888
ID_2NMLQH_Ca,-8783.5584
ID_2NMLQH_Mg,-1255.545911111111
ID_2NMLQH_S,-7.844557777777776
ID_2NMLQH_Fe,-463.5495439999998
ID_2NMLQH_Mn,-336.86884
ID_2NMLQH_Zn,-5.454203555555557
ID_2NMLQH_Cu,-8.434505777777776
ID_2NMLQH_B,-1.6209262222222216
ID_Y1XpFX_N,-4147.008000000001
ID_Y1XpFX_P,-0.6557480000000382
ID_Y1XpFX_K,-599.4072000000001
ID_Y1XpFX_Ca,-5863.151066666667
ID_Y1XpFX_Mg,-981.1728000000002
ID_Y1XpFX_S,-11.058893333333387
ID_Y1XpFX_Fe,-463.362434666667
ID_Y1XpFX_Mn,-303.0596933333334
ID_Y1XpFX_Zn,-5.789162666666664
ID_Y1XpFX_Cu,-8.040738666666664
ID_Y1XpFX_B,-0.9603906666666678
ID_FWyCHL_N,-4155.02
ID_FWyCHL_P,6.421886666666616
ID_FWyCHL_K,-545.1093333333333
ID_FWyCHL_Ca,-5620.204666666667
ID_FWyCHL_Mg,-1312.5500000000002
ID_FWyCHL_S,-8.1279866666667
ID_FWyCHL_Fe,-402.68956666666674
ID_FWyCHL_Mn,-299.89346666666665
ID_FWyCHL_Zn,-7.110813333333333
ID_FWyCHL_Cu,-8.101906666666675
ID_FWyCHL_B,-1.1687533333333338
ID_ylBdTE_N,-2968.3644444444453
ID_ylBdTE_P,-33.295444444444456
ID_ylBdTE_K,-1515.4608888888893
ID_ylBdTE_Ca,-19313.890222222224
ID_ylBdTE_Mg,-2006.4568888888891
ID_ylBdTE_S,-16.84092444444451
ID_ylBdTE_Fe,-203.53961777777798
ID_ylBdTE_Mn,-393.4748000000001
ID_ylBdTE_Zn,-13.032857777777759
ID_ylBdTE_Cu,-8.240031111111103
ID_ylBdTE_B,-3.055146666666668
ID_CBC2rl_N,-3156.8231111111113
ID_CBC2rl_P,-13.12127111111112
ID_CBC2rl_K,-1381.771466666667
ID_CBC2rl_Ca,-9825.627866666668
ID_CBC2rl_Mg,-1442.4799555555555
ID_CBC2rl_S,-5.98117288888886
ID_CBC2rl_Fe,-436.41023911111097
ID_CBC2rl_Mn,-328.29119555555565
ID_CBC2rl_Zn,-4.870319555555556
ID_CBC2rl_Cu,-7.0959271111111155
ID_CBC2rl_B,-1.68308711111111
ID_bEfMoU_N,-3193.0088888888895
ID_bEfMoU_P,-14.452053333333367
ID_bEfMoU_K,-783.960888888889
ID_bEfMoU_Ca,-12894.026222222223
ID_bEfMoU_Mg,-1745.106666666667
ID_bEfMoU_S,-8.209200000000031
ID_bEfMoU_Fe,-377.62962666666675
ID_bEfMoU_Mn,-303.9836888888889
ID_bEfMoU_Zn,-6.188706666666677
ID_bEfMoU_Cu,-8.355555555555554
ID_bEfMoU_B,-1.5118711111111094
ID_lUTFfi_N,-3880.900000000001
ID_lUTFfi_P,-14.266053333333424
ID_lUTFfi_K,-1051.2653333333335
ID_lUTFfi_Ca,-5735.513333333333
ID_lUTFfi_Mg,-852.8226666666666
ID_lUTFfi_S,-7.253686666666695
ID_lUTFfi_Fe,-400.9798400000001
ID_lUTFfi_Mn,-321.6695333333333
ID_lUTFfi_Zn,-12.658406666666654
ID_lUTFfi_Cu,-8.247973333333329
ID_lUTFfi_B,-1.3778666666666661
ID_AdnNaU_N,-3434.3613333333337
ID_AdnNaU_P,-20.858624000000013
ID_AdnNaU_K,-679.9616444444446
ID_AdnNaU_Ca,-7704.817288888889
ID_AdnNaU_Mg,-1142.7299555555555
ID_AdnNaU_S,-8.204869777777805
ID_AdnNaU_Fe,-434.77514222222237
ID_AdnNaU_Mn,-261.26152444444443
ID_AdnNaU_Zn,-6.919907111111108
ID_AdnNaU_Cu,-7.729677333333322
ID_AdnNaU_B,-1.3438306666666677
ID_EB1eAI_N,-3266.324444444445
ID_EB1eAI_P,7.761442666666603
ID_EB1eAI_K,-567.1577777777779
ID_EB1eAI_Ca,-8758.336355555559
ID_EB1eAI_Mg,-1305.5284444444446
ID_EB1eAI_S,-8.079509333333352
ID_EB1eAI_Fe,-416.34217688888896
ID_EB1eAI_Mn,-300.62351111111104
ID_EB1eAI_Zn,-6.139257777777781
ID_EB1eAI_Cu,-8.10347466666666
ID_EB1eAI_B,-1.4434791111111118
ID_TD362l_N,-3195.713333333334
ID_TD362l_P,-8.210901333333368
ID_TD362l_K,-1080.624266666667
ID_TD362l_Ca,-12404.040666666668
ID_TD362l_Mg,-1801.753866666667
ID_TD362l_S,-8.624490666666677
ID_TD362l_Fe,-441.5301653333333
ID_TD362l_Mn,-335.4603466666667
ID_TD362l_Zn,-4.5052133333333355
ID_TD362l_Cu,-8.523859999999994
ID_TD362l_B,-1.5717786666666667
ID_CTUT0N_N,-2824.3040000000005
ID_CTUT0N_P,-15.209407999999968
ID_CTUT0N_K,-1033.9808
ID_CTUT0N_Ca,-18601.166400000002
ID_CTUT0N_Mg,-1788.1311999999998
ID_CTUT0N_S,-7.868880000000001
ID_CTUT0N_Fe,-426.96510400000005
ID_CTUT0N_Mn,-317.47664
ID_CTUT0N_Zn,-6.430975999999991
ID_CTUT0N_Cu,-8.409759999999997
ID_CTUT0N_B,-1.685439999999998
ID_xOX0UQ_N,-4253.496
ID_xOX0UQ_P,-17.593831555555646
ID_xOX0UQ_K,-881.5576444444446
ID_xOX0UQ_Ca,-6614.649866666667
ID_xOX0UQ_Mg,-1031.578711111111
ID_xOX0UQ_S,-8.926864000000048
ID_xOX0UQ_Fe,-540.2327066666668
ID_xOX0UQ_Mn,-332.39910222222215
ID_xOX0UQ_Zn,-6.809443111111103
ID_xOX0UQ_Cu,-8.531215111111102
ID_xOX0UQ_B,-1.5416791111111152
ID_wrYor1_N,-3451.4137777777783
ID_wrYor1_P,2.403623111111088
ID_wrYor1_K,-922.9250666666667
ID_wrYor1_Ca,-8770.357688888891
ID_wrYor1_Mg,-1078.8414222222225
ID_wrYor1_S,-7.881164000000027
ID_wrYor1_Fe,-413.52765111111114
ID_wrYor1_Mn,-286.80143555555554
ID_wrYor1_Zn,-5.775988444444449
ID_wrYor1_Cu,-7.827728888888882
ID_wrYor1_B,-1.4645057777777795
ID_UZvIyw_N,-4227.253333333334
ID_UZvIyw_P,-57.887337777777816
ID_UZvIyw_K,-881.0835555555556
ID_UZvIyw_Ca,-19933.39066666667
ID_UZvIyw_Mg,-1185.2213333333336
ID_UZvIyw_S,-39.37004888888892
ID_UZvIyw_Fe,-220.5243022222221
ID_UZvIyw_Mn,-397.06666666666666
ID_UZvIyw_Zn,-7.3022488888888715
ID_UZvIyw_Cu,-8.272004444444445
ID_UZvIyw_B,-3.3089777777777734
ID_CyFyQc_N,-4332.11111111111
ID_CyFyQc_P,-20.026554222222302
ID_CyFyQc_K,-1163.181911111111
ID_CyFyQc_Ca,-10775.12062222222
ID_CyFyQc_Mg,-1942.3900444444441
ID_CyFyQc_S,-7.6915306666666226
ID_CyFyQc_Fe,-460.73880711111104
ID_CyFyQc_Mn,-395.8628755555556
ID_CyFyQc_Zn,-7.117362666666668
ID_CyFyQc_Cu,-10.284491555555594
ID_CyFyQc_B,-1.4773911111111098
ID_M3uQY5_N,-3231.056
ID_M3uQY5_P,-5.183552000000013
ID_M3uQY5_K,-1088.432
ID_M3uQY5_Ca,-9122.318400000002
ID_M3uQY5_Mg,-1445.704
ID_M3uQY5_S,-6.233615999999994
ID_M3uQY5_Fe,-373.4569119999999
ID_M3uQY5_Mn,-295.9712
ID_M3uQY5_Zn,-6.074336000000004
ID_M3uQY5_Cu,-7.187200000000007
ID_M3uQY5_B,-1.515183999999997
ID_494DqI_N,-3484.3520000000008
ID_494DqI_P,-6.590336000000036
ID_494DqI_K,-638.3504
ID_494DqI_Ca,-8356.4112
ID_494DqI_Mg,-1258.8976000000002
ID_494DqI_S,-8.402304000000019
ID_494DqI_Fe,-415.4614240000001
ID_494DqI_Mn,-279.91135999999995
ID_494DqI_Zn,-6.170624000000002
ID_494DqI_Cu,-7.7587839999999915
ID_494DqI_B,-1.1065600000000009
ID_ceXayt_N,-4316.33688888889
ID_ceXayt_P,-23.84676800000001
ID_ceXayt_K,-1002.3136888888891
ID_ceXayt_Ca,-13642.561955555555
ID_ceXayt_Mg,-2118.779288888889
ID_ceXayt_S,-9.206501333333375
ID_ceXayt_Fe,-371.7264
ID_ceXayt_Mn,-269.0100711111112
ID_ceXayt_Zn,-8.238764444444447
ID_ceXayt_Cu,-8.365506666666665
ID_ceXayt_B,-1.193460444444445
ID_0GN5vE_N,-3157.270222222223
ID_0GN5vE_P,-67.59125822222221
ID_0GN5vE_K,-1156.7956444444444
ID_0GN5vE_Ca,-28477.98168888889
ID_0GN5vE_Mg,-1464.909688888889
ID_0GN5vE_S,-37.71695555555556
ID_0GN5vE_Fe,-185.20176177777768
ID_0GN5vE_Mn,-331.84403555555565
ID_0GN5vE_Zn,-8.186916444444424
ID_0GN5vE_Cu,-7.098921777777775
ID_0GN5vE_B,-2.798823111111109
ID_HTNTi4_N,-4188.056888888889
ID_HTNTi4_P,-41.76124444444446
ID_HTNTi4_K,-1174.7086222222224
ID_HTNTi4_Ca,-19540.855466666668
ID_HTNTi4_Mg,-2290.8622222222225
ID_HTNTi4_S,-9.902520888888905
ID_HTNTi4_Fe,-415.2114062222222
ID_HTNTi4_Mn,-388.94883555555555
ID_HTNTi4_Zn,-6.1331342222222265
ID_HTNTi4_Cu,-10.21186844444448
ID_HTNTi4_B,-1.8071751111111116
ID_mwpcOW_N,-3784.5155555555557
ID_mwpcOW_P,-80.71016533333318
ID_mwpcOW_K,-1457.8812444444447
ID_mwpcOW_Ca,-16119.50008888889
ID_mwpcOW_Mg,-1453.713066666667
ID_mwpcOW_S,-10.25979022222225
ID_mwpcOW_Fe,-250.87990755555535
ID_mwpcOW_Mn,-433.7861333333334
ID_mwpcOW_Zn,-16.509383111111116
ID_mwpcOW_Cu,-9.4307697777778
ID_mwpcOW_B,-3.0173511111111084
ID_YZ4ntj_N,-3842.688444444445
ID_YZ4ntj_P,-32.3874497777778
ID_YZ4ntj_K,-1215.674177777778
ID_YZ4ntj_Ca,-8044.23448888889
ID_YZ4ntj_Mg,-995.4935555555558
ID_YZ4ntj_S,-7.972620000000013
ID_YZ4ntj_Fe,-404.44176577777785
ID_YZ4ntj_Mn,-302.7818844444444
ID_YZ4ntj_Zn,-5.40743688888889
ID_YZ4ntj_Cu,-8.434044
ID_YZ4ntj_B,-1.3607906666666665
ID_6x3WKd_N,-3891.789333333334
ID_6x3WKd_P,-26.636927111111106
ID_6x3WKd_K,-583.2810222222222
ID_6x3WKd_Ca,-8044.761022222223
ID_6x3WKd_Mg,-1156.9744000000003
ID_6x3WKd_S,-8.979630222222251
ID_6x3WKd_Fe,-403.6720515555555
ID_6x3WKd_Mn,-271.02380888888877
ID_6x3WKd_Zn,-7.613160444444443
ID_6x3WKd_Cu,-8.288533777777788
ID_6x3WKd_B,-1.3009617777777784
ID_bqf4Tw_N,-4347.248
ID_bqf4Tw_P,-21.44235200000002
ID_bqf4Tw_K,-871.5296000000003
ID_bqf4Tw_Ca,-13555.694400000002
ID_bqf4Tw_Mg,-1795.5904000000003
ID_bqf4Tw_S,-8.649072000000004
ID_bqf4Tw_Fe,-387.26027199999993
ID_bqf4Tw_Mn,-371.49631999999997
ID_bqf4Tw_Zn,-9.200672000000003
ID_bqf4Tw_Cu,-8.391424000000002
ID_bqf4Tw_B,-1.410159999999999
ID_QtZmNQ_N,-4039.0880000000006
ID_QtZmNQ_P,-17.858239111111132
ID_QtZmNQ_K,-659.3683555555556
ID_QtZmNQ_Ca,-8886.662311111111
ID_QtZmNQ_Mg,-681.4805333333334
ID_QtZmNQ_S,-8.472274666666678
ID_QtZmNQ_Fe,-387.0949866666667
ID_QtZmNQ_Mn,-304.22327111111105
ID_QtZmNQ_Zn,-5.825639111111109
ID_QtZmNQ_Cu,-8.120057777777776
ID_QtZmNQ_B,-1.3615528888888893
ID_GQNcrs_N,-3839.448888888889
ID_GQNcrs_P,3.4278102222221563
ID_GQNcrs_K,-890.5275111111113
ID_GQNcrs_Ca,-7151.557422222222
ID_GQNcrs_Mg,-756.6463111111111
ID_GQNcrs_S,-8.71581822222225
ID_GQNcrs_Fe,-352.4190853333332
ID_GQNcrs_Mn,-339.13506666666643
ID_GQNcrs_Zn,-8.557532888888892
ID_GQNcrs_Cu,-7.383394222222221
ID_GQNcrs_B,-1.2376235555555573
ID_RC0M84_N,-3531.888000000001
ID_RC0M84_P,-19.877063999999997
ID_RC0M84_K,-830.2839999999999
ID_RC0M84_Ca,-4837.670800000001
ID_RC0M84_Mg,-740.1084000000001
ID_RC0M84_S,-11.383568000000011
ID_RC0M84_Fe,-249.85352000000006
ID_RC0M84_Mn,-365.02011999999996
ID_RC0M84_Zn,-8.000860000000001
ID_RC0M84_Cu,-5.875679999999998
ID_RC0M84_B,-1.2922800000000023
ID_UZuzBR_N,-4565.7
ID_UZuzBR_P,-79.75298399999977
ID_UZuzBR_K,-1577.3264
ID_UZuzBR_Ca,-6008.9188
ID_UZuzBR_Mg,-1087.25
ID_UZuzBR_S,-9.472204000000001
ID_UZuzBR_Fe,-329.40728000000007
ID_UZuzBR_Mn,-401.76799999999986
ID_UZuzBR_Zn,-7.124764000000001
ID_UZuzBR_Cu,-6.664208000000001
ID_UZuzBR_B,-1.358320000000001
ID_i8FxS9_N,-3280.6577777777784
ID_i8FxS9_P,-30.065806222222164
ID_i8FxS9_K,-1956.8917333333336
ID_i8FxS9_Ca,-15639.80586666667
ID_i8FxS9_Mg,-996.132266666667
ID_i8FxS9_S,-10.5053297777778
ID_i8FxS9_Fe,-155.4285511111113
ID_i8FxS9_Mn,-459.5023644444444
ID_i8FxS9_Zn,-7.685653333333338
ID_i8FxS9_Cu,-6.6800355555555555
ID_i8FxS9_B,-1.7832320000000015
ID_ijlZVC_N,-3597.2035555555553
ID_ijlZVC_P,-37.38313599999998
ID_ijlZVC_K,-2064.453511111111
ID_ijlZVC_Ca,-15229.461688888889
ID_ijlZVC_Mg,-1226.2090666666668
ID_ijlZVC_S,-13.645176888888933
ID_ijlZVC_Fe,-146.53474488888884
ID_ijlZVC_Mn,-393.1668622222222
ID_ijlZVC_Zn,-7.979582222222227
ID_ijlZVC_Cu,-6.057452444444443
ID_ijlZVC_B,-2.290833777777775
ID_NNT133_N,-3766.3577777777778
ID_NNT133_P,-29.763889777777806
ID_NNT133_K,-1373.3418222222222
ID_NNT133_Ca,-4989.435244444444
ID_NNT133_Mg,-725.5357333333333
ID_NNT133_S,-10.39012133333335
ID_NNT133_Fe,-284.3492222222218
ID_NNT133_Mn,-379.56024
ID_NNT133_Zn,-11.911023555555543
ID_NNT133_Cu,-5.161573777777767
ID_NNT133_B,-1.4747795555555572
ID_CrVNiR_N,-3751.4840000000004
ID_CrVNiR_P,-15.969940000000022
ID_CrVNiR_K,-886.0904
ID_CrVNiR_Ca,-5566.3728
ID_CrVNiR_Mg,-730.3532
ID_CrVNiR_S,-15.256164000000048
ID_CrVNiR_Fe,-332.8954399999998
ID_CrVNiR_Mn,-353.50471999999996
ID_CrVNiR_Zn,-6.944064000000009
ID_CrVNiR_Cu,-5.806467999999994
ID_CrVNiR_B,-1.1855760000000015
ID_cbbMYs_N,-5822.656
ID_cbbMYs_P,-23.42232533333337
ID_cbbMYs_K,-1958.2584888888887
ID_cbbMYs_Ca,-18331.918133333333
ID_cbbMYs_Mg,-819.0174222222222
ID_cbbMYs_S,-33.15891466666671
ID_cbbMYs_Fe,-298.79151111111105
ID_cbbMYs_Mn,-449.67612444444444
ID_cbbMYs_Zn,-34.976767111111116
ID_cbbMYs_Cu,-4.220909333333323
ID_cbbMYs_B,-3.219384888888884
ID_GGpS7s_N,-4047.674666666666
ID_GGpS7s_P,-33.42225688888885
ID_GGpS7s_K,-1065.6067555555555
ID_GGpS7s_Ca,-5686.446488888891
ID_GGpS7s_Mg,-702.7991111111112
ID_GGpS7s_S,-15.623131555555617
ID_GGpS7s_Fe,-408.1212266666665
ID_GGpS7s_Mn,-384.6721244444444
ID_GGpS7s_Zn,-8.147428444444449
ID_GGpS7s_Cu,-5.471535999999994
ID_GGpS7s_B,-1.302937777777779
ID_iFPIcF_N,-4062.043555555555
ID_iFPIcF_P,-13.854937777777764
ID_iFPIcF_K,-1468.4693333333332
ID_iFPIcF_Ca,-6026.825688888889
ID_iFPIcF_Mg,-828.7144000000001
ID_iFPIcF_S,-10.234241777777783
ID_iFPIcF_Fe,-320.4841066666665
ID_iFPIcF_Mn,-400.6694133333334
ID_iFPIcF_Zn,-21.235693333333295
ID_iFPIcF_Cu,-5.010880000000001
ID_iFPIcF_B,-1.5641857777777806
ID_sEvrDs_N,-3307.384
ID_sEvrDs_P,-37.62047199999999
ID_sEvrDs_K,-1975.4418666666666
ID_sEvrDs_Ca,-16750.311733333332
ID_sEvrDs_Mg,-1000.0538666666664
ID_sEvrDs_S,-10.285277333333351
ID_sEvrDs_Fe,-154.6326666666668
ID_sEvrDs_Mn,-407.86895999999996
ID_sEvrDs_Zn,-9.21313866666667
ID_sEvrDs_Cu,-6.144783999999997
ID_sEvrDs_B,-1.727178666666667
ID_vGnxwd_N,-4229.156444444445
ID_vGnxwd_P,-15.877138666666681
ID_vGnxwd_K,-1159.1129777777776
ID_vGnxwd_Ca,-4944.512977777777
ID_vGnxwd_Mg,-813.0437333333334
ID_vGnxwd_S,-11.439670222222244
ID_vGnxwd_Fe,-232.03184888888865
ID_vGnxwd_Mn,-408.29457777777776
ID_vGnxwd_Zn,-18.72488266666665
ID_vGnxwd_Cu,-6.316101333333335
ID_vGnxwd_B,-1.5200435555555563
ID_ldFTdV_N,-3787.439111111111
ID_ldFTdV_P,-27.55455466666666
ID_ldFTdV_K,-836.0573333333332
ID_ldFTdV_Ca,-5304.412266666667
ID_ldFTdV_Mg,-742.2288888888888
ID_ldFTdV_S,-11.750866222222228
ID_ldFTdV_Fe,-345.607942222222
ID_ldFTdV_Mn,-382.6118133333333
ID_ldFTdV_Zn,-19.135991999999966
ID_ldFTdV_Cu,-5.217673333333329
ID_ldFTdV_B,-1.3629146666666707
ID_Ld4QCH_N,-4130.08
ID_Ld4QCH_P,-30.873813333333302
ID_Ld4QCH_K,-374.3946666666667
ID_Ld4QCH_Ca,-3608.197333333333
ID_Ld4QCH_Mg,-660.3413333333333
ID_Ld4QCH_S,-11.323946666666657
ID_Ld4QCH_Fe,-304.91253333333304
ID_Ld4QCH_Mn,-391.68373333333324
ID_Ld4QCH_Zn,-10.249439999999995
ID_Ld4QCH_Cu,-5.636639999999996
ID_Ld4QCH_B,-0.4604799999999996
ID_LcBk05_N,-3627.724
ID_LcBk05_P,4.600531999999944
ID_LcBk05_K,-834.5895999999999
ID_LcBk05_Ca,-5171.339199999999
ID_LcBk05_Mg,-771.0952
ID_LcBk05_S,-10.799348000000013
ID_LcBk05_Fe,-281.0883599999997
ID_LcBk05_Mn,-370.48948
ID_LcBk05_Zn,-14.451511999999983
ID_LcBk05_Cu,-5.655303999999997
ID_LcBk05_B,-1.0744000000000016
ID_iVoaor_N,-4263.869333333333
ID_iVoaor_P,23.71431466666667
ID_iVoaor_K,-841.1621333333333
ID_iVoaor_Ca,-5828.042666666668
ID_iVoaor_Mg,-1142.6349333333333
ID_iVoaor_S,-11.439109333333366
ID_iVoaor_Fe,-306.6732
ID_iVoaor_Mn,-417.94858666666664
ID_iVoaor_Zn,-9.736879999999998
ID_iVoaor_Cu,-5.0227200000000005
ID_iVoaor_B,-0.7836133333333334
ID_53YYmv_N,-4470.3933333333325
ID_53YYmv_P,-1.7007733333334016
ID_53YYmv_K,-902.480488888889
ID_53YYmv_Ca,-5210.0055999999995
ID_53YYmv_Mg,-829.7071111111111
ID_53YYmv_S,-12.486815111111138
ID_53YYmv_Fe,-325.50487555555554
ID_53YYmv_Mn,-408.40043555555553
ID_53YYmv_Zn,-10.962754666666665
ID_53YYmv_Cu,-5.967108888888887
ID_53YYmv_B,-1.3700017777777795
ID_9o9xCn_N,-2732.9759999999997
ID_9o9xCn_P,-21.945674666666633
ID_9o9xCn_K,-2034.4026666666664
ID_9o9xCn_Ca,-19611.661066666664
ID_9o9xCn_Mg,-925.1026666666666
ID_9o9xCn_S,-35.29763733333337
ID_9o9xCn_Fe,-185.93919466666665
ID_9o9xCn_Mn,-411.79663999999997
ID_9o9xCn_Zn,-7.806936000000002
ID_9o9xCn_Cu,-5.679815999999994
ID_9o9xCn_B,-1.9156079999999986
ID_zssPvZ_N,-4104.878222222222
ID_zssPvZ_P,-41.11812177777776
ID_zssPvZ_K,-2046.1921333333335
ID_zssPvZ_Ca,-12659.871022222223
ID_zssPvZ_Mg,-915.7361777777778
ID_zssPvZ_S,-17.900468888888938
ID_zssPvZ_Fe,-155.80505777777785
ID_zssPvZ_Mn,-445.7124888888889
ID_zssPvZ_Zn,-15.488298222222216
ID_zssPvZ_Cu,-5.743494666666662
ID_zssPvZ_B,-2.5876097777777787
ID_PZR5Xy_N,-4236.941733333334
ID_PZR5Xy_P,-26.736848000000023
ID_PZR5Xy_K,-1412.6566666666668
ID_PZR5Xy_Ca,-5696.304266666667
ID_PZR5Xy_Mg,-760.4329333333334
ID_PZR5Xy_S,-12.088374666666667
ID_PZR5Xy_Fe,-246.2413999999996
ID_PZR5Xy_Mn,-403.3696400000001
ID_PZR5Xy_Zn,-11.331958666666669
ID_PZR5Xy_Cu,-5.4627013333333325
ID_PZR5Xy_B,-1.429346666666667
ID_Tgwtc9_N,-4138.746666666667
ID_Tgwtc9_P,-25.29853333333334
ID_Tgwtc9_K,-1553.6964444444445
ID_Tgwtc9_Ca,-5852.422444444444
ID_Tgwtc9_Mg,-707.5197777777778
ID_Tgwtc9_S,-10.665937777777774
ID_Tgwtc9_Fe,-232.59275555555536
ID_Tgwtc9_Mn,-398.3760444444444
ID_Tgwtc9_Zn,-9.87139111111111
ID_Tgwtc9_Cu,-5.050184444444439
ID_Tgwtc9_B,-1.5903111111111117
ID_crEoaw_N,-3371.84
ID_crEoaw_P,-35.91712
ID_crEoaw_K,-1794.432
ID_crEoaw_Ca,-5561.84
ID_crEoaw_Mg,-806.2026666666667
ID_crEoaw_S,-11.275200000000005
ID_crEoaw_Fe,-187.5712000000001
ID_crEoaw_Mn,-402.5050666666667
ID_crEoaw_Zn,-8.159253333333346
ID_crEoaw_Cu,-5.407093333333331
ID_crEoaw_B,-1.7402666666666673
ID_PFOo5B_N,-4470.833333333333
ID_PFOo5B_P,-62.10966666666678
ID_PFOo5B_K,-2018.4277777777784
ID_PFOo5B_Ca,-11792.738888888889
ID_PFOo5B_Mg,-992.6666666666666
ID_PFOo5B_S,-19.463777777777853
ID_PFOo5B_Fe,-192.65105555555584
ID_PFOo5B_Mn,-534.0966666666668
ID_PFOo5B_Zn,-17.241777777777777
ID_PFOo5B_Cu,-6.741277777777782
ID_PFOo5B_B,-2.7393888888888895
ID_88JBUr_N,-3386.6266666666666
ID_88JBUr_P,-37.63288533333336
ID_88JBUr_K,-2092.1170666666667
ID_88JBUr_Ca,-19448.261066666666
ID_88JBUr_Mg,-943.2666666666667
ID_88JBUr_S,-10.298400000000015
ID_88JBUr_Fe,-150.51549333333352
ID_88JBUr_Mn,-385.55029333333334
ID_88JBUr_Zn,-8.891709333333333
ID_88JBUr_Cu,-5.738133333333329
ID_88JBUr_B,-1.7466853333333323
ID_bB9AVN_N,-3091.224444444444
ID_bB9AVN_P,-23.616006666666692
ID_bB9AVN_K,-919.9442222222223
ID_bB9AVN_Ca,-12871.771999999999
ID_bB9AVN_Mg,-1599.4035555555556
ID_bB9AVN_S,-10.999846666666677
ID_bB9AVN_Fe,-236.83906666666667
ID_bB9AVN_Mn,-355.7774888888888
ID_bB9AVN_Zn,-6.576820000000003
ID_bB9AVN_Cu,-6.486968888888881
ID_bB9AVN_B,-0.9312333333333324
ID_gPhYjn_N,-5146.902222222223
ID_gPhYjn_P,5.360999999999962
ID_gPhYjn_K,-837.0493333333334
ID_gPhYjn_Ca,-5731.442222222223
ID_gPhYjn_Mg,-763.7893333333334
ID_gPhYjn_S,-11.527973333333389
ID_gPhYjn_Fe,-384.9450666666666
ID_gPhYjn_Mn,-421.34733333333327
ID_gPhYjn_Zn,-14.575302222222232
ID_gPhYjn_Cu,-7.505426666666672
ID_gPhYjn_B,-1.3815822222222252
ID_HyKplh_N,-3760.450666666666
ID_HyKplh_P,-48.96579066666669
ID_HyKplh_K,-1445.5933333333335
ID_HyKplh_Ca,-6253.040533333334
ID_HyKplh_Mg,-1149.2004
ID_HyKplh_S,-16.610510666666706
ID_HyKplh_Fe,-270.2285866666667
ID_HyKplh_Mn,-461.1298933333332
ID_HyKplh_Zn,-9.513308
ID_HyKplh_Cu,-6.737145333333337
ID_HyKplh_B,-1.6743079999999997
ID_bQp83C_N,-3658.0817777777784
ID_bQp83C_P,-18.63971022222227
ID_bQp83C_K,-1492.4503111111112
ID_bQp83C_Ca,-6611.385599999999
ID_bQp83C_Mg,-1050.6348444444445
ID_bQp83C_S,-17.435616000000053
ID_bQp83C_Fe,-274.1366577777774
ID_bQp83C_Mn,-468.0835733333334
ID_bQp83C_Zn,-7.089214222222223
ID_bQp83C_Cu,-6.675111111111116
ID_bQp83C_B,-1.870547555555556
ID_yIbVaB_N,-4200.428444444445
ID_yIbVaB_P,-22.401964888888884
ID_yIbVaB_K,-676.3176444444445
ID_yIbVaB_Ca,-7655.577333333332
ID_yIbVaB_Mg,-2033.779422222222
ID_yIbVaB_S,-10.253366222222237
ID_yIbVaB_Fe,-438.6434399999998
ID_yIbVaB_Mn,-437.2329288888887
ID_yIbVaB_Zn,-15.233926666666665
ID_yIbVaB_Cu,-8.199767111111116
ID_yIbVaB_B,-1.6953053333333337
ID_8pG3nD_N,-3578.836000000001
ID_8pG3nD_P,-2.583596000000078
ID_8pG3nD_K,-686.3621333333335
ID_8pG3nD_Ca,-7039.154133333334
ID_8pG3nD_Mg,-2000.9224
ID_8pG3nD_S,-10.287862666666697
ID_8pG3nD_Fe,-377.39352666666645
ID_8pG3nD_Mn,-390.86464000000007
ID_8pG3nD_Zn,-6.092562666666663
ID_8pG3nD_Cu,-8.086668000000005
ID_8pG3nD_B,-1.264284
ID_3O0tUD_N,-3549.2088888888898
ID_3O0tUD_P,-41.48243911111112
ID_3O0tUD_K,-632.1258666666669
ID_3O0tUD_Ca,-13742.55075555556
ID_3O0tUD_Mg,-2350.341688888889
ID_3O0tUD_S,-9.66249244444445
ID_3O0tUD_Fe,-421.3155555555556
ID_3O0tUD_Mn,-386.03185777777765
ID_3O0tUD_Zn,-7.060593777777774
ID_3O0tUD_Cu,-9.595121777777791
ID_3O0tUD_B,-1.489045333333335
ID_NMgD6M_N,-3891.3608888888893
ID_NMgD6M_P,-11.041346666666705
ID_NMgD6M_K,-581.0310222222223
ID_NMgD6M_Ca,-7290.029866666668
ID_NMgD6M_Mg,-865.9922222222222
ID_NMgD6M_S,-10.575792888888898
ID_NMgD6M_Fe,-412.0101937777778
ID_NMgD6M_Mn,-353.3552888888887
ID_NMgD6M_Zn,-8.399385333333326
ID_NMgD6M_Cu,-7.826565777777783
ID_NMgD6M_B,-1.3002071111111104
ID_h30KTb_N,-3550.5933333333337
ID_h30KTb_P,2.221279999999929
ID_h30KTb_K,-494.99866666666674
ID_h30KTb_Ca,-7035.203333333335
ID_h30KTb_Mg,-2003.104666666667
ID_h30KTb_S,-7.914440000000042
ID_h30KTb_Fe,-354.1485333333333
ID_h30KTb_Mn,-325.9549333333333
ID_h30KTb_Zn,-6.773553333333337
ID_h30KTb_Cu,-7.705380000000007
ID_h30KTb_B,-1.3342800000000015
ID_kJLimW_N,-4559.435111111112
ID_kJLimW_P,-76.58431688888886
ID_kJLimW_K,-856.4156888888891
ID_kJLimW_Ca,-16914.983022222223
ID_kJLimW_Mg,-2287.4043555555554
ID_kJLimW_S,-10.321892000000041
ID_kJLimW_Fe,-279.15317777777784
ID_kJLimW_Mn,-415.3473155555556
ID_kJLimW_Zn,-10.711944444444436
ID_kJLimW_Cu,-8.997323111111122
ID_kJLimW_B,-1.7458226666666699
ID_cmqFgF_N,-4053.2053333333333
ID_cmqFgF_P,-44.19252977777779
ID_cmqFgF_K,-781.3681777777779
ID_cmqFgF_Ca,-13360.597333333333
ID_cmqFgF_Mg,-2001.9040000000002
ID_cmqFgF_S,-9.513301333333366
ID_cmqFgF_Fe,-318.94407111111116
ID_cmqFgF_Mn,-329.3109688888889
ID_cmqFgF_Zn,-5.8266879999999945
ID_cmqFgF_Cu,-8.526339555555563
ID_cmqFgF_B,-1.4545315555555578
ID_Y5Hbwc_N,-3803.24
ID_Y5Hbwc_P,-59.09512799999992
ID_Y5Hbwc_K,-868.1764000000002
ID_Y5Hbwc_Ca,-10374.0108
ID_Y5Hbwc_Mg,-1995.0735999999997
ID_Y5Hbwc_S,-7.835288000000034
ID_Y5Hbwc_Fe,-278.630932
ID_Y5Hbwc_Mn,-388.07732
ID_Y5Hbwc_Zn,-10.243115999999997
ID_Y5Hbwc_Cu,-8.012292000000008
ID_Y5Hbwc_B,-1.7034080000000047
ID_tzKMOO_N,-3109.024
ID_tzKMOO_P,-62.71820622222211
ID_tzKMOO_K,-932.4017777777777
ID_tzKMOO_Ca,-22309.622222222224
ID_tzKMOO_Mg,-2401.6396444444445
ID_tzKMOO_S,-16.058904888888907
ID_tzKMOO_Fe,-221.80714488888884
ID_tzKMOO_Mn,-490.97703111111116
ID_tzKMOO_Zn,-5.456556444444432
ID_tzKMOO_Cu,-7.717644444444457
ID_tzKMOO_B,-3.895758222222218
ID_dPFHto_N,-3138.684
ID_dPFHto_P,-141.91859066666666
ID_dPFHto_K,-999.150266666667
ID_dPFHto_Ca,-18689.837466666668
ID_dPFHto_Mg,-2242.0292000000004
ID_dPFHto_S,-22.423270666666703
ID_dPFHto_Fe,-217.91454799999997
ID_dPFHto_Mn,-482.70604
ID_dPFHto_Zn,-7.062357333333334
ID_dPFHto_Cu,-8.368805333333349
ID_dPFHto_B,-3.8269533333333254
ID_Cyxzau_N,-3239.978666666666
ID_Cyxzau_P,-120.68489511111102
ID_Cyxzau_K,-787.5699111111112
ID_Cyxzau_Ca,-16273.223511111111
ID_Cyxzau_Mg,-2461.3312444444446
ID_Cyxzau_S,-12.834386666666688
ID_Cyxzau_Fe,-274.7386977777776
ID_Cyxzau_Mn,-424.21382222222223
ID_Cyxzau_Zn,-7.986407999999987
ID_Cyxzau_Cu,-8.461826666666683
ID_Cyxzau_B,-3.844766222222212
ID_jLm2X1_N,-4255.306666666666
ID_jLm2X1_P,-53.155751111111314
ID_jLm2X1_K,-2074.276444444444
ID_jLm2X1_Ca,-21106.63288888889
ID_jLm2X1_Mg,-1172.2684444444444
ID_jLm2X1_S,-39.52055999999993
ID_jLm2X1_Fe,-133.8426666666667
ID_jLm2X1_Mn,-627.1061333333334
ID_jLm2X1_Zn,-10.28411555555556
ID_jLm2X1_Cu,-7.190195555555561
ID_jLm2X1_B,-3.4924266666666632
ID_vmki9G_N,-3988.56
ID_vmki9G_P,-62.918231111111254
ID_vmki9G_K,-2024.6417777777779
ID_vmki9G_Ca,-18923.205333333335
ID_vmki9G_Mg,-1220.0551111111108
ID_vmki9G_S,-34.43544888888905
ID_vmki9G_Fe,-214.54115555555572
ID_vmki9G_Mn,-631.5892444444446
ID_vmki9G_Zn,-8.434808888888913
ID_vmki9G_Cu,-7.231697777777784
ID_vmki9G_B,-4.093742222222225
ID_ka0WIx_N,-4136.770666666666
ID_ka0WIx_P,-70.7875160000001
ID_ka0WIx_K,-2021.3701777777783
ID_ka0WIx_Ca,-20372.236088888894
ID_ka0WIx_Mg,-1242.8587111111112
ID_ka0WIx_S,-31.15627866666685
ID_ka0WIx_Fe,-213.17877777777795
ID_ka0WIx_Mn,-659.284226666667
ID_ka0WIx_Zn,-6.494448888888887
ID_ka0WIx_Cu,-7.1241417777777825
ID_ka0WIx_B,-3.7571568888888938
ID_fi01RV_N,-3571.6044444444447
ID_fi01RV_P,-86.36172755555572
ID_fi01RV_K,-2102.965511111111
ID_fi01RV_Ca,-20830.83471111111
ID_fi01RV_Mg,-1327.6263555555554
ID_fi01RV_S,-42.803192888888965
ID_fi01RV_Fe,-223.91337777777775
ID_fi01RV_Mn,-651.7950355555558
ID_fi01RV_Zn,-8.765982222222236
ID_fi01RV_Cu,-8.071437777777788
ID_fi01RV_B,-3.7032715555555598
ID_9AVCKr_N,-4162.595555555556
ID_9AVCKr_P,-61.685422222222414
ID_9AVCKr_K,-2087.616888888889
ID_9AVCKr_Ca,-21240.36711111111
ID_9AVCKr_Mg,-1267.2506666666666
ID_9AVCKr_S,-37.49553777777785
ID_9AVCKr_Fe,-151.9008
ID_9AVCKr_Mn,-609.8967111111114
ID_9AVCKr_Zn,-42.26391111111114
ID_9AVCKr_Cu,-7.03818666666667
ID_9AVCKr_B,-3.7947022222222238
ID_tVCnbm_N,-3691.635555555555
ID_tVCnbm_P,-99.7786755555556
ID_tVCnbm_K,-1955.1644444444444
ID_tVCnbm_Ca,-10697.197333333334
ID_tVCnbm_Mg,-1225.8604444444445
ID_tVCnbm_S,-24.90182222222233
ID_tVCnbm_Fe,-262.11688888888887
ID_tVCnbm_Mn,-631.5749333333335
ID_tVCnbm_Zn,-13.593964444444456
ID_tVCnbm_Cu,-6.877777777777777
ID_tVCnbm_B,-2.753848888888884
ID_DLg0em_N,-3909.0826666666662
ID_DLg0em_P,-51.21565866666681
ID_DLg0em_K,-1629.3714666666667
ID_DLg0em_Ca,-20143.54408888889
ID_DLg0em_Mg,-1296.5975111111113
ID_DLg0em_S,-34.81535822222216
ID_DLg0em_Fe,-182.71728000000024
ID_DLg0em_Mn,-505.79752000000013
ID_DLg0em_Zn,-7.964103111111111
ID_DLg0em_Cu,-6.531472000000015
ID_DLg0em_B,-5.459775999999987
ID_DWWBCm_N,-4205.957333333335
ID_DWWBCm_P,-53.49137600000017
ID_DWWBCm_K,-2339.7109333333333
ID_DWWBCm_Ca,-17264.09546666667
ID_DWWBCm_Mg,-1522.8245333333334
ID_DWWBCm_S,-36.795765333333286
ID_DWWBCm_Fe,-115.00741333333347
ID_DWWBCm_Mn,-558.7854400000001
ID_DWWBCm_Zn,-6.878890666666669
ID_DWWBCm_Cu,-6.630912000000005
ID_DWWBCm_B,-4.881146666666657
ID_eJwQwq_N,-3591.9680000000003
ID_eJwQwq_P,-40.42898933333353
ID_eJwQwq_K,-2031.0569333333333
ID_eJwQwq_Ca,-15535.232799999998
ID_eJwQwq_Mg,-1080.0962666666665
ID_eJwQwq_S,-34.78056266666658
ID_eJwQwq_Fe,-97.87661333333348
ID_eJwQwq_Mn,-523.7778933333333
ID_eJwQwq_Zn,-5.749672000000003
ID_eJwQwq_Cu,-6.7164813333333475
ID_eJwQwq_B,-3.7611533333333234
ID_QHEpBj_N,-3816.222222222222
ID_QHEpBj_P,-58.5700555555556
ID_QHEpBj_K,-1593.75
ID_QHEpBj_Ca,-20878.861111111113
ID_QHEpBj_Mg,-1471.427777777778
ID_QHEpBj_S,-45.51472222222225
ID_QHEpBj_Fe,-139.58744444444443
ID_QHEpBj_Mn,-493.8955555555556
ID_QHEpBj_Zn,-6.669722222222217
ID_QHEpBj_Cu,-6.72744444444445
ID_QHEpBj_B,-2.6259444444444413
ID_mITP45_N,-3502.6111111111113
ID_mITP45_P,-70.63477777777778
ID_mITP45_K,-1747.0277777777778
ID_mITP45_Ca,-8669.316666666666
ID_mITP45_Mg,-1155.9333333333334
ID_mITP45_S,-17.538388888888957
ID_mITP45_Fe,-215.6511111111112
ID_mITP45_Mn,-418.41111111111115
ID_mITP45_Zn,-16.02344444444444
ID_mITP45_Cu,-6.94527777777779
ID_mITP45_B,-2.360722222222222
ID_mu9IZa_N,-5981.424888888891
ID_mu9IZa_P,27.07947911111111
ID_mu9IZa_K,-371.2494222222223
ID_mu9IZa_Ca,-3511.693866666667
ID_mu9IZa_Mg,-634.4944444444445
ID_mu9IZa_S,-12.127028888888926
ID_mu9IZa_Fe,-414.4226622222222
ID_mu9IZa_Mn,-303.49393777777766
ID_mu9IZa_Zn,-12.926243111111106
ID_mu9IZa_Cu,-4.066841333333328
ID_mu9IZa_B,-0.5864017777777765
ID_YRscyu_N,-5682.326666666668
ID_YRscyu_P,30.724953333333314
ID_YRscyu_K,-303.99666666666667
ID_YRscyu_Ca,-3189.7206666666666
ID_YRscyu_Mg,-552.0000000000001
ID_YRscyu_S,-11.582813333333334
ID_YRscyu_Fe,-482.9802666666666
ID_YRscyu_Mn,-194.58499999999992
ID_YRscyu_Zn,-10.174059999999985
ID_YRscyu_Cu,-3.757379999999992
ID_YRscyu_B,-0.3950199999999996
ID_1mti5G_N,-6305.3528888888895
ID_1mti5G_P,25.133848
ID_1mti5G_K,-326.36151111111116
ID_1mti5G_Ca,-3257.4539555555557
ID_1mti5G_Mg,-578.2886666666667
ID_1mti5G_S,-13.527632000000022
ID_1mti5G_Fe,-428.2034222222222
ID_1mti5G_Mn,-217.89379111111094
ID_1mti5G_Zn,-9.76618888888887
ID_1mti5G_Cu,-4.0710595555555456
ID_1mti5G_B,-0.3990271111111104
ID_DmuQ8a_N,-5272.733333333334
ID_DmuQ8a_P,27.185426666666654
ID_DmuQ8a_K,-708.0366666666667
ID_DmuQ8a_Ca,-3458.530000000001
ID_DmuQ8a_Mg,-598.6946666666668
ID_DmuQ8a_S,-9.466760000000011
ID_DmuQ8a_Fe,-428.1077333333333
ID_DmuQ8a_Mn,-212.610933333333
ID_DmuQ8a_Zn,-45.63032000000005
ID_DmuQ8a_Cu,-4.008913333333325
ID_DmuQ8a_B,-0.6530866666666657
ID_EV4VgQ_N,-5884.784000000001
ID_EV4VgQ_P,21.274144000000025
ID_EV4VgQ_K,-346.7840000000001
ID_EV4VgQ_Ca,-3382.8528
ID_EV4VgQ_Mg,-565.0720000000001
ID_EV4VgQ_S,-13.177152000000035
ID_EV4VgQ_Fe,-395.3704
ID_EV4VgQ_Mn,-272.32879999999994
ID_EV4VgQ_Zn,-13.301936000000001
ID_EV4VgQ_Cu,-3.929919999999991
ID_EV4VgQ_B,-0.5732799999999992
ID_a98MtS_N,-6400.36888888889
ID_a98MtS_P,30.106637333333325
ID_a98MtS_K,-297.2955555555556
ID_a98MtS_Ca,-3143.3491555555556
ID_a98MtS_Mg,-592.9690666666667
ID_a98MtS_S,-13.778154666666694
ID_a98MtS_Fe,-379.08614222222224
ID_a98MtS_Mn,-255.09745333333328
ID_a98MtS_Zn,-8.636363999999972
ID_a98MtS_Cu,-3.9265857777777704
ID_a98MtS_B,-0.588868888888889
ID_wBIbTg_N,-5697.493333333334
ID_wBIbTg_P,30.74389155555554
ID_wBIbTg_K,-455.43848888888897
ID_wBIbTg_Ca,-3490.084533333334
ID_wBIbTg_Mg,-549.9934222222223
ID_wBIbTg_S,-8.711316444444435
ID_wBIbTg_Fe,-406.6248977777779
ID_wBIbTg_Mn,-258.2904088888888
ID_wBIbTg_Zn,-10.977945777777748
ID_wBIbTg_Cu,-4.126731555555546
ID_wBIbTg_B,-0.77092088888889
ID_8RJLYp_N,-5814.641777777778
ID_8RJLYp_P,26.194346666666654
ID_8RJLYp_K,-640.2471111111113
ID_8RJLYp_Ca,-4198.386844444444
ID_8RJLYp_Mg,-575.1395555555556
ID_8RJLYp_S,-9.80672000000002
ID_8RJLYp_Fe,-375.6938666666667
ID_8RJLYp_Mn,-260.6136533333332
ID_8RJLYp_Zn,-9.930343111111103
ID_8RJLYp_Cu,-3.7998862222222156
ID_8RJLYp_B,-0.7550506666666669
ID_YCo6Um_N,-5921.960000000001
ID_YCo6Um_P,31.409849777777765
ID_YCo6Um_K,-466.9214666666668
ID_YCo6Um_Ca,-3231.4363111111115
ID_YCo6Um_Mg,-550.326
ID_YCo6Um_S,-9.293713333333319
ID_YCo6Um_Fe,-345.6179688888889
ID_YCo6Um_Mn,-217.02542666666665
ID_YCo6Um_Zn,-12.888734222222212
ID_YCo6Um_Cu,-3.99967866666666
ID_YCo6Um_B,-0.7571204444444456
ID_KyK8Mn_N,-5276.555555555557
ID_KyK8Mn_P,17.424072888888855
ID_KyK8Mn_K,-1285.5409777777777
ID_KyK8Mn_Ca,-6089.458933333334
ID_KyK8Mn_Mg,-758.8134222222224
ID_KyK8Mn_S,-8.762243555555578
ID_KyK8Mn_Fe,-416.90925333333337
ID_KyK8Mn_Mn,-306.73994666666664
ID_KyK8Mn_Zn,-14.185505777777768
ID_KyK8Mn_Cu,-3.9224106666666616
ID_KyK8Mn_B,-1.229500444444445
ID_Jgyq9B_N,-6106.725333333334
ID_Jgyq9B_P,12.29657066666665
ID_Jgyq9B_K,-427.5890666666667
ID_Jgyq9B_Ca,-3549.9752000000008
ID_Jgyq9B_Mg,-677.2350666666666
ID_Jgyq9B_S,-11.102454666666667
ID_Jgyq9B_Fe,-380.0740533333334
ID_Jgyq9B_Mn,-290.8067733333333
ID_Jgyq9B_Zn,-18.617309333333335
ID_Jgyq9B_Cu,-4.183858666666657
ID_Jgyq9B_B,-0.710862666666667
ID_AAL0Kj_N,-6081.511111111112
ID_AAL0Kj_P,30.18477333333333
ID_AAL0Kj_K,-728.6675555555557
ID_AAL0Kj_Ca,-3957.8266666666673
ID_AAL0Kj_Mg,-679.0600000000001
ID_AAL0Kj_S,-10.468746666666679
ID_AAL0Kj_Fe,-368.3600000000001
ID_AAL0Kj_Mn,-326.4491111111112
ID_AAL0Kj_Zn,-14.939133333333308
ID_AAL0Kj_Cu,-4.318604444444441
ID_AAL0Kj_B,-0.6984577777777782
ID_hMiIIZ_N,-5297.856000000001
ID_hMiIIZ_P,1.0079693333332784
ID_hMiIIZ_K,-1293.2460000000003
ID_hMiIIZ_Ca,-6418.141200000001
ID_hMiIIZ_Mg,-812.1568000000002
ID_hMiIIZ_S,-10.515437333333328
ID_hMiIIZ_Fe,-446.05886666666675
ID_hMiIIZ_Mn,-314.9263333333334
ID_hMiIIZ_Zn,-14.526885333333324
ID_hMiIIZ_Cu,-4.170439999999995
ID_hMiIIZ_B,-1.2657640000000008
ID_AlprDT_N,-6877.608
ID_AlprDT_P,22.612762666666686
ID_AlprDT_K,-379.3904
ID_AlprDT_Ca,-3159.344
ID_AlprDT_Mg,-530.1181333333333
ID_AlprDT_S,-13.647857333333377
ID_AlprDT_Fe,-397.6880266666667
ID_AlprDT_Mn,-317.6973866666666
ID_AlprDT_Zn,-9.879783999999983
ID_AlprDT_Cu,-4.236595999999993
ID_AlprDT_B,-0.524382666666666
ID_2bdNZt_N,-6131.744000000001
ID_2bdNZt_P,29.772159999999985
ID_2bdNZt_K,-419.3888
ID_2bdNZt_Ca,-3328.8192000000004
ID_2bdNZt_Mg,-569.6272000000001
ID_2bdNZt_S,-11.61148800000003
ID_2bdNZt_Fe,-421.7185599999999
ID_2bdNZt_Mn,-291.89599999999996
ID_2bdNZt_Zn,-13.364911999999974
ID_2bdNZt_Cu,-4.082511999999992
ID_2bdNZt_B,-0.6410560000000013
ID_evW3iS_N,-5866.274666666667
ID_evW3iS_P,34.27407733333333
ID_evW3iS_K,-717.9157333333334
ID_evW3iS_Ca,-3921.5094666666673
ID_evW3iS_Mg,-655.2669333333334
ID_evW3iS_S,-9.844750666666645
ID_evW3iS_Fe,-418.1396533333333
ID_evW3iS_Mn,-326.1077333333333
ID_evW3iS_Zn,-10.407601333333309
ID_evW3iS_Cu,-4.786563999999991
ID_evW3iS_B,-0.8589613333333347
ID_nE0ork_N,-6587.902222222224
ID_nE0ork_P,32.97452
ID_nE0ork_K,-341.99066666666675
ID_nE0ork_Ca,-3443.4862222222228
ID_nE0ork_Mg,-534.832888888889
ID_nE0ork_S,-13.92660888888891
ID_nE0ork_Fe,-431.7556888888889
ID_nE0ork_Mn,-296.01284444444434
ID_nE0ork_Zn,-9.606919999999995
ID_nE0ork_Cu,-4.489031111111101
ID_nE0ork_B,-0.43871111111111055
ID_gNdhpT_N,-6488.720000000001
ID_gNdhpT_P,25.423792000000013
ID_gNdhpT_K,-370.96160000000003
ID_gNdhpT_Ca,-3195.8592000000003
ID_gNdhpT_Mg,-524.032
ID_gNdhpT_S,-11.400816000000034
ID_gNdhpT_Fe,-391.57408000000004
ID_gNdhpT_Mn,-265.68367999999987
ID_gNdhpT_Zn,-10.255375999999975
ID_gNdhpT_Cu,-4.449375999999993
ID_gNdhpT_B,-0.6289599999999987
ID_sOnszt_N,-6350.821333333334
ID_sOnszt_P,33.51209866666666
ID_sOnszt_K,-315.1194666666667
ID_sOnszt_Ca,-2970.9624000000003
ID_sOnszt_Mg,-500.5407555555557
ID_sOnszt_S,-11.428654666666702
ID_sOnszt_Fe,-358.6136933333334
ID_sOnszt_Mn,-241.61566666666664
ID_sOnszt_Zn,-8.090450222222197
ID_sOnszt_Cu,-4.132408888888881
ID_sOnszt_B,-0.5372217777777774
ID_2jnTPL_N,-6357.536000000001
ID_2jnTPL_P,29.402847999999988
ID_2jnTPL_K,-383.2016
ID_2jnTPL_Ca,-3306.4752000000003
ID_2jnTPL_Mg,-568.5952000000001
ID_2jnTPL_S,-13.18382400000003
ID_2jnTPL_Fe,-341.28976000000006
ID_2jnTPL_Mn,-263.55871999999994
ID_2jnTPL_Zn,-10.511167999999978
ID_2jnTPL_Cu,-3.927039999999992
ID_2jnTPL_B,-0.5104479999999997
ID_1pyZfG_N,-6608.144
ID_1pyZfG_P,27.145408
ID_1pyZfG_K,-431.05280000000005
ID_1pyZfG_Ca,-3355.7856
ID_1pyZfG_Mg,-583.9552000000001
ID_1pyZfG_S,-12.547248000000017
ID_1pyZfG_Fe,-336.2276800000001
ID_1pyZfG_Mn,-293.52416
ID_1pyZfG_Zn,-8.449087999999971
ID_1pyZfG_Cu,-4.021599999999995
ID_1pyZfG_B,-0.5034880000000004
ID_yWIjm3_N,-6127.666666666667
ID_yWIjm3_P,15.631273333333315
ID_yWIjm3_K,-764.2560000000001
ID_yWIjm3_Ca,-3766.9920000000006
ID_yWIjm3_Mg,-603.8653333333333
ID_yWIjm3_S,-10.724286666666686
ID_yWIjm3_Fe,-377.00260000000014
ID_yWIjm3_Mn,-245.27806666666658
ID_yWIjm3_Zn,-9.264713333333317
ID_yWIjm3_Cu,-4.21629999999999
ID_yWIjm3_B,-0.6538800000000002
ID_kUN5SW_N,-6939.866666666668
ID_kUN5SW_P,5.377471999999926
ID_kUN5SW_K,-439.6856
ID_kUN5SW_Ca,-3832.087866666667
ID_kUN5SW_Mg,-609.9493333333335
ID_kUN5SW_S,-13.712681333333332
ID_kUN5SW_Fe,-379.80568000000005
ID_kUN5SW_Mn,-282.7412666666667
ID_kUN5SW_Zn,-15.967172
ID_kUN5SW_Cu,-4.148190666666662
ID_kUN5SW_B,-0.6415000000000001
ID_9gri47_N,-6098.902666666668
ID_9gri47_P,-43.39895200000001
ID_9gri47_K,-1146.723866666667
ID_9gri47_Ca,-6079.084711111112
ID_9gri47_Mg,-756.6810222222224
ID_9gri47_S,-13.981676000000036
ID_9gri47_Fe,-414.20708444444443
ID_9gri47_Mn,-289.44940888888897
ID_9gri47_Zn,-57.87643822222228
ID_9gri47_Cu,-4.287263555555549
ID_9gri47_B,-1.5576644444444518
ID_737rFj_N,-6067.510666666667
ID_737rFj_P,25.452278666666665
ID_737rFj_K,-783.7538666666668
ID_737rFj_Ca,-5574.569733333334
ID_737rFj_Mg,-682.9728
ID_737rFj_S,-10.702665333333396
ID_737rFj_Fe,-426.2485324444445
ID_737rFj_Mn,-316.35835999999995
ID_737rFj_Zn,-12.545518222222212
ID_737rFj_Cu,-4.121147555555548
ID_737rFj_B,-1.4533635555555566
ID_LQWefJ_N,-6307.445333333335
ID_LQWefJ_P,-4.777500444444549
ID_LQWefJ_K,-960.2410666666669
ID_LQWefJ_Ca,-5584.416000000001
ID_LQWefJ_Mg,-684.6279111111112
ID_LQWefJ_S,-12.111559111111134
ID_LQWefJ_Fe,-425.34805333333344
ID_LQWefJ_Mn,-279.11168
ID_LQWefJ_Zn,-41.92330666666665
ID_LQWefJ_Cu,-4.826808888888883
ID_LQWefJ_B,-0.7747839999999991
ID_BKFCRI_N,-6611.613333333334
ID_BKFCRI_P,3.5531866666665692
ID_BKFCRI_K,-375.85600000000005
ID_BKFCRI_Ca,-3694.2911111111116
ID_BKFCRI_Mg,-613.4462222222223
ID_BKFCRI_S,-16.237146666666703
ID_BKFCRI_Fe,-375.1932000000001
ID_BKFCRI_Mn,-316.13551111111104
ID_BKFCRI_Zn,-10.709755555555546
ID_BKFCRI_Cu,-4.647382222222219
ID_BKFCRI_B,-0.5502266666666656
ID_vRUMLy_N,-6897.877777777777
ID_vRUMLy_P,29.733208888888864
ID_vRUMLy_K,-361.1311111111111
ID_vRUMLy_Ca,-3546.698
ID_vRUMLy_Mg,-553.89
ID_vRUMLy_S,-12.440055555555599
ID_vRUMLy_Fe,-489.877911111111
ID_vRUMLy_Mn,-302.16499999999985
ID_vRUMLy_Zn,-9.464188888888872
ID_vRUMLy_Cu,-4.6554022222222144
ID_vRUMLy_B,-0.5246955555555552
ID_rXXhmJ_N,-6307.252444444445
ID_rXXhmJ_P,31.47533866666665
ID_rXXhmJ_K,-400.55875555555554
ID_rXXhmJ_Ca,-3215.0734222222222
ID_rXXhmJ_Mg,-516.4408888888889
ID_rXXhmJ_S,-11.267094222222251
ID_rXXhmJ_Fe,-427.0419111111111
ID_rXXhmJ_Mn,-258.1179822222221
ID_rXXhmJ_Zn,-12.576331555555539
ID_rXXhmJ_Cu,-4.464612444444436
ID_rXXhmJ_B,-0.4795857777777776
ID_zH3O3a_N,-6148.224
ID_zH3O3a_P,1.5851306666666218
ID_zH3O3a_K,-536.640711111111
ID_zH3O3a_Ca,-4010.0963555555554
ID_zH3O3a_Mg,-618.4206222222222
ID_zH3O3a_S,-11.53294577777778
ID_zH3O3a_Fe,-654.6928
ID_zH3O3a_Mn,-283.31279999999987
ID_zH3O3a_Zn,-9.038327111111105
ID_zH3O3a_Cu,-4.72041066666666
ID_zH3O3a_B,-0.6587395555555544
ID_55ZCPm_N,-6103.184000000001
ID_55ZCPm_P,14.065311999999988
ID_55ZCPm_K,-737.3287999999999
ID_55ZCPm_Ca,-4396.0816
ID_55ZCPm_Mg,-708.1908000000001
ID_55ZCPm_S,-11.815376000000018
ID_55ZCPm_Fe,-670.7373600000001
ID_55ZCPm_Mn,-317.29503999999986
ID_55ZCPm_Zn,-8.502712000000002
ID_55ZCPm_Cu,-5.2724799999999865
ID_55ZCPm_B,-0.7479439999999995
ID_Jk4Arn_N,-5700.465777777777
ID_Jk4Arn_P,-28.339487111110998
ID_Jk4Arn_K,-693.6292444444443
ID_Jk4Arn_Ca,-4876.058577777777
ID_Jk4Arn_Mg,-673.9123111111111
ID_Jk4Arn_S,-11.414504000000036
ID_Jk4Arn_Fe,-623.1458222222224
ID_Jk4Arn_Mn,-277.838142222222
ID_Jk4Arn_Zn,-10.134914666666658
ID_Jk4Arn_Cu,-4.9408471111111
ID_Jk4Arn_B,-1.3551000000000035
ID_ZuHXHt_N,-5757.026666666667
ID_ZuHXHt_P,-25.308448888888904
ID_ZuHXHt_K,-609.5719999999999
ID_ZuHXHt_Ca,-4877.212222222222
ID_ZuHXHt_Mg,-651.7115555555556
ID_ZuHXHt_S,-15.050657777777833
ID_ZuHXHt_Fe,-637.2270533333334
ID_ZuHXHt_Mn,-331.3903333333333
ID_ZuHXHt_Zn,-12.694053333333295
ID_ZuHXHt_Cu,-5.844808888888879
ID_ZuHXHt_B,-1.5193177777777818
ID_2E0gRj_N,-4758.096
ID_2E0gRj_P,-9.587764888888898
ID_2E0gRj_K,-1420.189111111111
ID_2E0gRj_Ca,-7493.284222222223
ID_2E0gRj_Mg,-838.1138666666666
ID_2E0gRj_S,-14.491117333333392
ID_2E0gRj_Fe,-506.7575800000001
ID_2E0gRj_Mn,-322.3932888888888
ID_2E0gRj_Zn,-15.071507999999984
ID_2E0gRj_Cu,-5.858859111111102
ID_2E0gRj_B,-1.975695999999998
ID_RK2Ro9_N,-5044.036
ID_RK2Ro9_P,-32.606185333333386
ID_RK2Ro9_K,-838.8268
ID_RK2Ro9_Ca,-6039.3056000000015
ID_RK2Ro9_Mg,-725.0440000000001
ID_RK2Ro9_S,-11.668357333333375
ID_RK2Ro9_Fe,-569.6995466666668
ID_RK2Ro9_Mn,-280.5015333333333
ID_RK2Ro9_Zn,-12.445758666666658
ID_RK2Ro9_Cu,-4.495250666666658
ID_RK2Ro9_B,-1.5942253333333327
ID_mZJr40_N,-8539.176
ID_mZJr40_P,11.079835999999993
ID_mZJr40_K,-357.8432
ID_mZJr40_Ca,-3523.5892000000003
ID_mZJr40_Mg,-627.8872
ID_mZJr40_S,-15.613664
ID_mZJr40_Fe,-655.6585040000002
ID_mZJr40_Mn,-285.8745599999998
ID_mZJr40_Zn,-8.621999999999987
ID_mZJr40_Cu,-4.893919999999993
ID_mZJr40_B,-0.5936599999999984
ID_BnHkuL_N,-5804.2880000000005
ID_BnHkuL_P,33.386755555555546
ID_BnHkuL_K,-646.6673777777778
ID_BnHkuL_Ca,-3795.0055111111114
ID_BnHkuL_Mg,-565.9783111111111
ID_BnHkuL_S,-8.142119111111104
ID_BnHkuL_Fe,-378.2555022222223
ID_BnHkuL_Mn,-271.96305777777775
ID_BnHkuL_Zn,-7.907612444444425
ID_BnHkuL_Cu,-4.062520888888885
ID_BnHkuL_B,-0.7860195555555567
ID_HKWpV9_N,-4967.137777777779
ID_HKWpV9_P,-1.1224000000000132
ID_HKWpV9_K,-1223.0613333333336
ID_HKWpV9_Ca,-6954.632444444444
ID_HKWpV9_Mg,-758.1426666666667
ID_HKWpV9_S,-13.090511111111148
ID_HKWpV9_Fe,-483.1985333333334
ID_HKWpV9_Mn,-303.24888888888887
ID_HKWpV9_Zn,-12.741088888888877
ID_HKWpV9_Cu,-4.73733777777777
ID_HKWpV9_B,-1.4576044444444438
ID_BxQzQ1_N,-5638.202666666668
ID_BxQzQ1_P,30.62851199999998
ID_BxQzQ1_K,-616.2768
ID_BxQzQ1_Ca,-4878.170133333334
ID_BxQzQ1_Mg,-578.8853333333334
ID_BxQzQ1_S,-8.485634666666655
ID_BxQzQ1_Fe,-399.49152
ID_BxQzQ1_Mn,-279.81847999999997
ID_BxQzQ1_Zn,-12.464874666666654
ID_BxQzQ1_Cu,-4.146423999999995
ID_BxQzQ1_B,-1.1813093333333349
ID_Pc5msP_N,-5845.1288888888885
ID_Pc5msP_P,16.837687111111123
ID_Pc5msP_K,-726.4682666666668
ID_Pc5msP_Ca,-4158.627911111111
ID_Pc5msP_Mg,-700.8579555555557
ID_Pc5msP_S,-11.282385777777773
ID_Pc5msP_Fe,-666.0675022222222
ID_Pc5msP_Mn,-324.3061688888888
ID_Pc5msP_Zn,-8.517203555555543
ID_Pc5msP_Cu,-5.471575111111099
ID_Pc5msP_B,-0.5904799999999986
ID_lOzVzB_N,-5815.681777777778
ID_lOzVzB_P,-0.053928888888911786
ID_lOzVzB_K,-596.4208
ID_lOzVzB_Ca,-4783.6256
ID_lOzVzB_Mg,-741.7756444444445
ID_lOzVzB_S,-13.740967111111175
ID_lOzVzB_Fe,-723.1248408888889
ID_lOzVzB_Mn,-339.5225777777776
ID_lOzVzB_Zn,-10.509244444444432
ID_lOzVzB_Cu,-5.917443555555543
ID_lOzVzB_B,-0.8842791111111097
ID_8u4woE_N,-6140.257777777777
ID_8u4woE_P,9.413577777777764
ID_8u4woE_K,-388.036
ID_8u4woE_Ca,-3460.948888888889
ID_8u4woE_Mg,-585.5942222222222
ID_8u4woE_S,-13.576000000000047
ID_8u4woE_Fe,-636.9491111111112
ID_8u4woE_Mn,-321.614822222222
ID_8u4woE_Zn,-8.70799999999998
ID_8u4woE_Cu,-5.227744444444441
ID_8u4woE_B,-0.48467555555555436
ID_w1rYzA_N,-6432.820000000001
ID_w1rYzA_P,31.043966666666655
ID_w1rYzA_K,-313.7593333333334
ID_w1rYzA_Ca,-2944.8653333333336
ID_w1rYzA_Mg,-542.7786666666667
ID_w1rYzA_S,-13.125520000000023
ID_w1rYzA_Fe,-392.96913333333333
ID_w1rYzA_Mn,-260.3392666666665
ID_w1rYzA_Zn,-7.064239999999988
ID_w1rYzA_Cu,-3.747579999999995
ID_w1rYzA_B,-0.5764600000000002
ID_LlWlQE_N,-7628.664444444444
ID_LlWlQE_P,27.22166
ID_LlWlQE_K,-438.74333333333334
ID_LlWlQE_Ca,-3129.380888888889
ID_LlWlQE_Mg,-519.5433333333334
ID_LlWlQE_S,-17.52576444444445
ID_LlWlQE_Fe,-393.2109555555556
ID_LlWlQE_Mn,-315.5540666666666
ID_LlWlQE_Zn,-8.833273333333317
ID_LlWlQE_Cu,-4.090368888888879
ID_LlWlQE_B,-0.6181266666666666
ID_pTrTaD_N,-6516.3093333333345
ID_pTrTaD_P,31.354209777777754
ID_pTrTaD_K,-355.78413333333333
ID_pTrTaD_Ca,-3010.916444444445
ID_pTrTaD_Mg,-511.1259555555556
ID_pTrTaD_S,-11.972470222222263
ID_pTrTaD_Fe,-469.2139066666668
ID_pTrTaD_Mn,-290.0056088888889
ID_pTrTaD_Zn,-7.897968888888874
ID_pTrTaD_Cu,-4.2566213333333245
ID_pTrTaD_B,-0.5815928888888889
ID_WeLAIM_N,-6392.733333333334
ID_WeLAIM_P,32.915206666666656
ID_WeLAIM_K,-321.45000000000005
ID_WeLAIM_Ca,-2931.271333333334
ID_WeLAIM_Mg,-447.112
ID_WeLAIM_S,-13.87606000000002
ID_WeLAIM_Fe,-398.5910666666668
ID_WeLAIM_Mn,-297.9619333333333
ID_WeLAIM_Zn,-8.405486666666658
ID_WeLAIM_Cu,-4.110226666666661
ID_WeLAIM_B,-0.5492999999999999
ID_8EAiv9_N,-6808.0
ID_8EAiv9_P,31.60768444444444
ID_8EAiv9_K,-329.71955555555564
ID_8EAiv9_Ca,-3102.7795555555563
ID_8EAiv9_Mg,-545.3000000000001
ID_8EAiv9_S,-15.020302222222245
ID_8EAiv9_Fe,-406.8032888888889
ID_8EAiv9_Mn,-321.0278222222222
ID_8EAiv9_Zn,-8.908444444444433
ID_8EAiv9_Cu,-4.0920533333333236
ID_8EAiv9_B,-0.45137333333333324
ID_ACX0UF_N,-6602.967111111111
ID_ACX0UF_P,21.477605777777832
ID_ACX0UF_K,-373.153288888889
ID_ACX0UF_Ca,-3160.0937777777785
ID_ACX0UF_Mg,-542.5904888888889
ID_ACX0UF_S,-13.58065288888892
ID_ACX0UF_Fe,-377.4968533333335
ID_ACX0UF_Mn,-306.2683511111112
ID_ACX0UF_Zn,-11.512198222222203
ID_ACX0UF_Cu,-4.074398666666658
ID_ACX0UF_B,-0.49440577777777733
ID_yL1MFy_N,-5762.432000000001
ID_yL1MFy_P,12.336015999999972
ID_yL1MFy_K,-888.6080000000001
ID_yL1MFy_Ca,-5486.395200000001
ID_yL1MFy_Mg,-673.4560000000001
ID_yL1MFy_S,-10.469520000000017
ID_yL1MFy_Fe,-428.9132799999999
ID_yL1MFy_Mn,-312.12272
ID_yL1MFy_Zn,-15.776575999999979
ID_yL1MFy_Cu,-4.173951999999994
ID_yL1MFy_B,-1.329904000000002
ID_K7tyCD_N,-6680.131555555556
ID_K7tyCD_P,33.15565511111111
ID_K7tyCD_K,-389.8026666666667
ID_K7tyCD_Ca,-3269.181866666667
ID_K7tyCD_Mg,-582.1205333333335
ID_K7tyCD_S,-14.56635022222224
ID_K7tyCD_Fe,-394.06570666666676
ID_K7tyCD_Mn,-321.90563555555553
ID_K7tyCD_Zn,-10.320241777777765
ID_K7tyCD_Cu,-4.621724444444435
ID_K7tyCD_B,-0.6058382222222221
ID_CYOzko_N,-6359.933333333334
ID_CYOzko_P,28.170648888888877
ID_CYOzko_K,-341.1546666666668
ID_CYOzko_Ca,-3337.9253333333345
ID_CYOzko_Mg,-552.8093333333334
ID_CYOzko_S,-12.422151111111155
ID_CYOzko_Fe,-483.90497777777784
ID_CYOzko_Mn,-285.5066222222221
ID_CYOzko_Zn,-10.703008888888881
ID_CYOzko_Cu,-4.580355555555551
ID_CYOzko_B,-0.5506666666666663
ID_oYdGMg_N,-5871.945777777779
ID_oYdGMg_P,33.11673688888888
ID_oYdGMg_K,-334.5231111111111
ID_oYdGMg_Ca,-3275.295555555556
ID_oYdGMg_Mg,-520.9070222222223
ID_oYdGMg_S,-10.518545777777835
ID_oYdGMg_Fe,-459.0181066666667
ID_oYdGMg_Mn,-262.83898666666653
ID_oYdGMg_Zn,-8.543667555555546
ID_oYdGMg_Cu,-4.44548533333333
ID_oYdGMg_B,-0.5310311111111109
ID_AWYlBC_N,-6136.572000000001
ID_AWYlBC_P,28.991266666666654
ID_AWYlBC_K,-400.88000000000005
ID_AWYlBC_Ca,-3354.5412000000006
ID_AWYlBC_Mg,-530.2661333333334
ID_AWYlBC_S,-12.022126666666722
ID_AWYlBC_Fe,-497.19188000000014
ID_AWYlBC_Mn,-309.8691733333332
ID_AWYlBC_Zn,-6.725805333333334
ID_AWYlBC_Cu,-5.0527173333333195
ID_AWYlBC_B,-0.4226079999999988
ID_Vg5drc_N,-6327.738666666668
ID_Vg5drc_P,29.810199999999988
ID_Vg5drc_K,-367.97466666666674
ID_Vg5drc_Ca,-3274.2808
ID_Vg5drc_Mg,-551.2525333333334
ID_Vg5drc_S,-11.255190666666714
ID_Vg5drc_Fe,-545.5550240000001
ID_Vg5drc_Mn,-301.19883999999985
ID_Vg5drc_Zn,-8.10264933333332
ID_Vg5drc_Cu,-5.0156679999999865
ID_Vg5drc_B,-0.4339546666666653
ID_Hsc6Ly_N,-7836.105333333333
ID_Hsc6Ly_P,-14.408697333333436
ID_Hsc6Ly_K,-502.6152000000001
ID_Hsc6Ly_Ca,-3619.2293333333337
ID_Hsc6Ly_Mg,-576.5210666666667
ID_Hsc6Ly_S,-15.556810666666685
ID_Hsc6Ly_Fe,-395.09704000000005
ID_Hsc6Ly_Mn,-313.27613333333335
ID_Hsc6Ly_Zn,-17.356102666666658
ID_Hsc6Ly_Cu,-4.457263999999994
ID_Hsc6Ly_B,-0.5575839999999999
ID_Epje02_N,-8017.668888888888
ID_Epje02_P,8.491883555555546
ID_Epje02_K,-415.7446666666666
ID_Epje02_Ca,-3362.8730666666665
ID_Epje02_Mg,-554.1825333333333
ID_Epje02_S,-15.371512888888898
ID_Epje02_Fe,-364.79969777777774
ID_Epje02_Mn,-301.97996444444436
ID_Epje02_Zn,-14.493851999999976
ID_Epje02_Cu,-4.204890666666659
ID_Epje02_B,-0.5983515555555542
ID_WJZtLg_N,-7519.5777777777785
ID_WJZtLg_P,21.13954666666671
ID_WJZtLg_K,-376.47200000000004
ID_WJZtLg_Ca,-3566.2462222222225
ID_WJZtLg_Mg,-594.8977777777778
ID_WJZtLg_S,-13.081271111111139
ID_WJZtLg_Fe,-412.7002666666667
ID_WJZtLg_Mn,-275.79582222222206
ID_WJZtLg_Zn,-10.403564444444426
ID_WJZtLg_Cu,-4.456666666666662
ID_WJZtLg_B,-0.535462222222222
ID_H347ok_N,-6495.935555555556
ID_H347ok_P,7.348072444444419
ID_H347ok_K,-549.9133333333333
ID_H347ok_Ca,-3979.652177777778
ID_H347ok_Mg,-805.8912888888889
ID_H347ok_S,-12.089942666666662
ID_H347ok_Fe,-403.2508355555554
ID_H347ok_Mn,-292.75665333333325
ID_H347ok_Zn,-53.766876444444485
ID_H347ok_Cu,-4.968519555555549
ID_H347ok_B,-0.8501155555555574
ID_pCB491_N,-6905.6466666666665
ID_pCB491_P,-41.89385111111112
ID_pCB491_K,-498.6302222222222
ID_pCB491_Ca,-4369.147333333333
ID_pCB491_Mg,-675.9535555555556
ID_pCB491_S,-15.29144222222223
ID_pCB491_Fe,-414.70675555555556
ID_pCB491_Mn,-279.0014444444444
ID_pCB491_Zn,-17.596988888888877
ID_pCB491_Cu,-4.7129022222222146
ID_pCB491_B,-0.7342000000000001
ID_OQJeNc_N,-6712.078222222223
ID_OQJeNc_P,29.33607022222221
ID_OQJeNc_K,-348.86373333333336
ID_OQJeNc_Ca,-3179.707111111111
ID_OQJeNc_Mg,-495.3492444444444
ID_OQJeNc_S,-13.324719111111158
ID_OQJeNc_Fe,-427.170712888889
ID_OQJeNc_Mn,-281.522311111111
ID_OQJeNc_Zn,-8.276924444444433
ID_OQJeNc_Cu,-4.3123964444444365
ID_OQJeNc_B,-0.3880017777777774
ID_tl9mSM_N,-6106.380000000001
ID_tl9mSM_P,1.0238053333332573
ID_tl9mSM_K,-423.2724000000001
ID_tl9mSM_Ca,-3939.165866666667
ID_tl9mSM_Mg,-648.9226666666667
ID_tl9mSM_S,-14.032460000000032
ID_tl9mSM_Fe,-375.24135999999993
ID_tl9mSM_Mn,-264.7133866666666
ID_tl9mSM_Zn,-43.46937066666675
ID_tl9mSM_Cu,-4.049474666666658
ID_tl9mSM_B,-0.7395253333333345
ID_nMc0sB_N,-6170.020000000001
ID_nMc0sB_P,15.928145333333347
ID_nMc0sB_K,-837.9930666666668
ID_nMc0sB_Ca,-5715.412533333333
ID_nMc0sB_Mg,-637.0382666666668
ID_nMc0sB_S,-12.198394666666683
ID_nMc0sB_Fe,-428.580264
ID_nMc0sB_Mn,-298.1071199999999
ID_nMc0sB_Zn,-12.953595999999994
ID_nMc0sB_Cu,-4.526527999999994
ID_nMc0sB_B,-0.7496879999999997
ID_IRBfZ8_N,-7152.345333333335
ID_IRBfZ8_P,17.56744266666668
ID_IRBfZ8_K,-413.22813333333346
ID_IRBfZ8_Ca,-3929.343600000001
ID_IRBfZ8_Mg,-630.0872000000002
ID_IRBfZ8_S,-13.900592000000017
ID_IRBfZ8_Fe,-389.42222666666675
ID_IRBfZ8_Mn,-323.70273333333324
ID_IRBfZ8_Zn,-12.765093333333324
ID_IRBfZ8_Cu,-4.330230666666659
ID_IRBfZ8_B,-0.6490973333333329
ID_xNfQvw_N,-6562.240000000002
ID_xNfQvw_P,21.398826666666682
ID_xNfQvw_K,-481.1039999999999
ID_xNfQvw_Ca,-4445.098666666667
ID_xNfQvw_Mg,-718.464
ID_xNfQvw_S,-13.524533333333352
ID_xNfQvw_Fe,-441.85493333333324
ID_xNfQvw_Mn,-319.7274666666666
ID_xNfQvw_Zn,-9.321759999999987
ID_xNfQvw_Cu,-5.138613333333323
ID_xNfQvw_B,-0.8233600000000006
ID_YFiPqh_N,-4698.325333333333
ID_YFiPqh_P,26.727724000000006
ID_YFiPqh_K,-739.393288888889
ID_YFiPqh_Ca,-6673.0668888888895
ID_YFiPqh_Mg,-782.6036444444445
ID_YFiPqh_S,-8.39012133333339
ID_YFiPqh_Fe,-475.2382675555553
ID_YFiPqh_Mn,-238.58322666666663
ID_YFiPqh_Zn,-7.805374666666657
ID_YFiPqh_Cu,-4.921449777777771
ID_YFiPqh_B,-0.9196511111111124
ID_DXtjgQ_N,-5077.3062222222225
ID_DXtjgQ_P,1.8829422222221766
ID_DXtjgQ_K,-1077.7438222222224
ID_DXtjgQ_Ca,-8291.871911111111
ID_DXtjgQ_Mg,-1016.0235111111112
ID_DXtjgQ_S,-7.614525777777789
ID_DXtjgQ_Fe,-500.94153333333315
ID_DXtjgQ_Mn,-299.5801111111112
ID_DXtjgQ_Zn,-7.580350222222229
ID_DXtjgQ_Cu,-4.207233333333333
ID_DXtjgQ_B,-1.4173208888888897
ID_zEaMPz_N,-6647.616000000001
ID_zEaMPz_P,28.017821333333302
ID_zEaMPz_K,-288.3506666666667
ID_zEaMPz_Ca,-3213.3590666666673
ID_zEaMPz_Mg,-555.6284
ID_zEaMPz_S,-13.843809333333372
ID_zEaMPz_Fe,-532.832944
ID_zEaMPz_Mn,-247.9035466666665
ID_zEaMPz_Zn,-11.067335999999996
ID_zEaMPz_Cu,-4.513503999999994
ID_zEaMPz_B,-0.47075733333333253
ID_0vMzAQ_N,-6376.112000000001
ID_0vMzAQ_P,27.42371200000001
ID_0vMzAQ_K,-297.7712000000001
ID_0vMzAQ_Ca,-3321.1728000000003
ID_0vMzAQ_Mg,-560.1664000000001
ID_0vMzAQ_S,-11.500224000000035
ID_0vMzAQ_Fe,-522.0953440000001
ID_0vMzAQ_Mn,-261.54703999999987
ID_0vMzAQ_Zn,-8.126959999999986
ID_0vMzAQ_Cu,-4.542975999999997
ID_0vMzAQ_B,-0.4772319999999994
ID_yOme19_N,-8008.377333333335
ID_yOme19_P,-49.01682000000004
ID_yOme19_K,-413.3021333333334
ID_yOme19_Ca,-3884.4404000000004
ID_yOme19_Mg,-612.0213333333334
ID_yOme19_S,-14.542517333333361
ID_yOme19_Fe,-382.9857066666668
ID_yOme19_Mn,-304.6546399999999
ID_yOme19_Zn,-13.018666666666656
ID_yOme19_Cu,-5.331203999999999
ID_yOme19_B,-0.7179666666666668
ID_WKf0UV_N,-6173.8240000000005
ID_WKf0UV_P,21.43949155555556
ID_WKf0UV_K,-822.2803555555555
ID_WKf0UV_Ca,-5243.8353777777775
ID_WKf0UV_Mg,-778.8135111111111
ID_WKf0UV_S,-14.175074666666696
ID_WKf0UV_Fe,-462.1533333333332
ID_WKf0UV_Mn,-339.5186666666666
ID_WKf0UV_Zn,-12.702143111111088
ID_WKf0UV_Cu,-4.853651555555549
ID_WKf0UV_B,-2.011064888888896
ID_XUdiA5_N,-6481.020444444446
ID_XUdiA5_P,20.85780622222227
ID_XUdiA5_K,-385.0588444444445
ID_XUdiA5_Ca,-3799.6487111111114
ID_XUdiA5_Mg,-678.4554666666668
ID_XUdiA5_S,-12.993521777777808
ID_XUdiA5_Fe,-409.75317333333345
ID_XUdiA5_Mn,-304.98815999999994
ID_XUdiA5_Zn,-8.07805155555554
ID_XUdiA5_Cu,-4.5488995555555505
ID_XUdiA5_B,-0.5385884444444436
ID_ehqi4d_N,-6886.376
ID_ehqi4d_P,9.555210666666625
ID_ehqi4d_K,-382.036
ID_ehqi4d_Ca,-4186.2704
ID_ehqi4d_Mg,-657.3901333333333
ID_ehqi4d_S,-14.988360000000007
ID_ehqi4d_Fe,-399.9013866666667
ID_ehqi4d_Mn,-281.5939466666667
ID_ehqi4d_Zn,-9.61345599999997
ID_ehqi4d_Cu,-6.0224239999999964
ID_ehqi4d_B,-0.758786666666667
ID_Uc9Hca_N,-8415.280888888889
ID_Uc9Hca_P,30.099403555555533
ID_Uc9Hca_K,-359.30320000000006
ID_Uc9Hca_Ca,-3674.525822222222
ID_Uc9Hca_Mg,-603.1037777777777
ID_Uc9Hca_S,-15.898996888888895
ID_Uc9Hca_Fe,-480.2637333333335
ID_Uc9Hca_Mn,-323.8450444444444
ID_Uc9Hca_Zn,-10.40336399999998
ID_Uc9Hca_Cu,-4.534703111111102
ID_Uc9Hca_B,-0.6679951111111101
ID_ZsDr2H_N,-6716.541333333334
ID_ZsDr2H_P,32.36392533333333
ID_ZsDr2H_K,-423.6282666666666
ID_ZsDr2H_Ca,-3261.892533333333
ID_ZsDr2H_Mg,-573.4861333333332
ID_ZsDr2H_S,-16.47872
ID_ZsDr2H_Fe,-451.96645333333356
ID_ZsDr2H_Mn,-303.1272799999999
ID_ZsDr2H_Zn,-10.339610666666665
ID_ZsDr2H_Cu,-4.812605333333325
ID_ZsDr2H_B,-0.5956400000000001
ID_MZ9bLj_N,-6354.724000000001
ID_MZ9bLj_P,26.931797333333332
ID_MZ9bLj_K,-354.4869333333334
ID_MZ9bLj_Ca,-3354.570800000001
ID_MZ9bLj_Mg,-631.5672
ID_MZ9bLj_S,-14.207050666666692
ID_MZ9bLj_Fe,-421.71138666666667
ID_MZ9bLj_Mn,-318.9208533333333
ID_MZ9bLj_Zn,-9.66774933333333
ID_MZ9bLj_Cu,-4.763229333333326
ID_MZ9bLj_B,-0.4914773333333324
ID_16d81E_N,-6462.111111111111
ID_16d81E_P,33.318795555555546
ID_16d81E_K,-360.588
ID_16d81E_Ca,-3115.529777777778
ID_16d81E_Mg,-527.0351111111112
ID_16d81E_S,-13.616946666666678
ID_16d81E_Fe,-445.20844444444447
ID_16d81E_Mn,-308.8945777777777
ID_16d81E_Zn,-11.349711111111104
ID_16d81E_Cu,-4.641515555555549
ID_16d81E_B,-0.45939111111111025
ID_bKE4ep_N,-6852.746666666666
ID_bKE4ep_P,30.14148444444445
ID_bKE4ep_K,-435.19111111111107
ID_bKE4ep_Ca,-3892.035333333333
ID_bKE4ep_Mg,-739.3108888888888
ID_bKE4ep_S,-14.838648888888883
ID_bKE4ep_Fe,-389.66179999999997
ID_bKE4ep_Mn,-320.24759999999986
ID_bKE4ep_Zn,-8.312348888888874
ID_bKE4ep_Cu,-5.560937777777773
ID_bKE4ep_B,-0.4875377777777781
ID_yygRxd_N,-4434.26311111111
ID_yygRxd_P,-7.869210666666689
ID_yygRxd_K,-690.209111111111
ID_yygRxd_Ca,-8131.166711111111
ID_yygRxd_Mg,-1379.8107555555555
ID_yygRxd_S,-8.121332444444434
ID_yygRxd_Fe,-595.299408
ID_yygRxd_Mn,-291.39512888888873
ID_yygRxd_Zn,-4.997884444444441
ID_yygRxd_Cu,-4.947677333333327
ID_yygRxd_B,-1.2840355555555578
ID_w0qYDm_N,-4472.400000000001
ID_w0qYDm_P,1.4573666666666654
ID_w0qYDm_K,-692.182888888889
ID_w0qYDm_Ca,-7544.251333333334
ID_w0qYDm_Mg,-1190.6935555555556
ID_w0qYDm_S,-9.3509
ID_w0qYDm_Fe,-644.1871600000001
ID_w0qYDm_Mn,-275.7957555555555
ID_w0qYDm_Zn,-4.745304444444441
ID_w0qYDm_Cu,-5.591348888888892
ID_w0qYDm_B,-0.8896800000000011
ID_046bTG_N,-6138.249333333334
ID_046bTG_P,26.379560000000026
ID_046bTG_K,-420.3913333333333
ID_046bTG_Ca,-3419.0494666666673
ID_046bTG_Mg,-446.39453333333336
ID_046bTG_S,-13.747806666666708
ID_046bTG_Fe,-411.76183999999984
ID_046bTG_Mn,-232.19877333333338
ID_046bTG_Zn,-8.063034666666656
ID_046bTG_Cu,-4.837870666666669
ID_046bTG_B,-0.571495999999999
ID_MtdwMH_N,-4277.957333333333
ID_MtdwMH_P,-62.28203288888898
ID_MtdwMH_K,-865.3477333333333
ID_MtdwMH_Ca,-10833.988355555555
ID_MtdwMH_Mg,-1247.9605333333332
ID_MtdwMH_S,-10.320670222222248
ID_MtdwMH_Fe,-586.5309448888892
ID_MtdwMH_Mn,-346.5498933333333
ID_MtdwMH_Zn,-6.377919999999999
ID_MtdwMH_Cu,-4.8862195555555585
ID_MtdwMH_B,-1.4576186666666695
ID_Vx8COJ_N,-3915.8191111111105
ID_Vx8COJ_P,-49.57289022222227
ID_Vx8COJ_K,-780.1520888888889
ID_Vx8COJ_Ca,-8956.373066666665
ID_Vx8COJ_Mg,-1183.8687555555555
ID_Vx8COJ_S,-9.412395111111142
ID_Vx8COJ_Fe,-592.0456608888891
ID_Vx8COJ_Mn,-290.5287955555555
ID_Vx8COJ_Zn,-6.687159111111114
ID_Vx8COJ_Cu,-4.70178933333334
ID_Vx8COJ_B,-1.2742924444444466
ID_M6y2g1_N,-5796.128000000001
ID_M6y2g1_P,23.500608000000028
ID_M6y2g1_K,-378.2592000000001
ID_M6y2g1_Ca,-3599.173688888889
ID_M6y2g1_Mg,-474.9539555555557
ID_M6y2g1_S,-12.654933333333346
ID_M6y2g1_Fe,-377.57333333333344
ID_M6y2g1_Mn,-267.8529422222222
ID_M6y2g1_Zn,-7.566634666666668
ID_M6y2g1_Cu,-4.81157688888889
ID_M6y2g1_B,-0.601358222222222
ID_emVyfl_N,-5273.361777777778
ID_emVyfl_P,23.584881777777795
ID_emVyfl_K,-865.2202666666668
ID_emVyfl_Ca,-4080.0170666666672
ID_emVyfl_Mg,-554.3246222222223
ID_emVyfl_S,-9.929301333333328
ID_emVyfl_Fe,-538.4755200000001
ID_emVyfl_Mn,-260.10204444444463
ID_emVyfl_Zn,-8.688974222222212
ID_emVyfl_Cu,-4.338687999999996
ID_emVyfl_B,-0.7860835555555559
ID_mQbgFH_N,-6507.637333333332
ID_mQbgFH_P,-50.49582399999997
ID_mQbgFH_K,-888.3759555555555
ID_mQbgFH_Ca,-4944.526533333334
ID_mQbgFH_Mg,-800.3568
ID_mQbgFH_S,-11.506963111111133
ID_mQbgFH_Fe,-409.9575111111112
ID_mQbgFH_Mn,-290.7171288888889
ID_mQbgFH_Zn,-11.371536444444427
ID_mQbgFH_Cu,-5.8100933333333264
ID_mQbgFH_B,-0.9071177777777778
ID_TE8Xk1_N,-6718.409333333334
ID_TE8Xk1_P,33.271623999999996
ID_TE8Xk1_K,-352.2422666666667
ID_TE8Xk1_Ca,-3092.082933333333
ID_TE8Xk1_Mg,-494.74120000000005
ID_TE8Xk1_S,-13.308345333333374
ID_TE8Xk1_Fe,-452.3222266666668
ID_TE8Xk1_Mn,-320.75901333333326
ID_TE8Xk1_Zn,-9.404062666666652
ID_TE8Xk1_Cu,-4.6503053333333275
ID_TE8Xk1_B,-0.46163066666666613
ID_Llrjvd_N,-5889.525777777779
ID_Llrjvd_P,31.6958471111111
ID_Llrjvd_K,-358.10644444444455
ID_Llrjvd_Ca,-3529.0030666666667
ID_Llrjvd_Mg,-576.6275555555557
ID_Llrjvd_S,-11.387766666666696
ID_Llrjvd_Fe,-500.69252888888906
ID_Llrjvd_Mn,-272.63482666666647
ID_Llrjvd_Zn,-7.56727022222221
ID_Llrjvd_Cu,-4.221960444444437
ID_Llrjvd_B,-0.539943555555556
ID_HTqbky_N,-3760.9253333333336
ID_HTqbky_P,-39.239496000000145
ID_HTqbky_K,-962.668266666667
ID_HTqbky_Ca,-7255.396933333334
ID_HTqbky_Mg,-1067.3581333333336
ID_HTqbky_S,-11.057166666666703
ID_HTqbky_Fe,-577.8951946666668
ID_HTqbky_Mn,-298.7889066666667
ID_HTqbky_Zn,-9.350092
ID_HTqbky_Cu,-6.020193333333327
ID_HTqbky_B,-1.4702506666666706
ID_VkoBAN_N,-4173.962222222222
ID_VkoBAN_P,-61.03424666666676
ID_VkoBAN_K,-1448.9135555555558
ID_VkoBAN_Ca,-9014.876444444444
ID_VkoBAN_Mg,-1125.4757777777775
ID_VkoBAN_S,-10.815642222222252
ID_VkoBAN_Fe,-543.5544422222223
ID_VkoBAN_Mn,-356.6627333333334
ID_VkoBAN_Zn,-11.075006666666667
ID_VkoBAN_Cu,-6.191495555555554
ID_VkoBAN_B,-1.4836422222222252
ID_DMIare_N,-4017.6755555555555
ID_DMIare_P,-51.648240000000115
ID_DMIare_K,-1098.1066666666666
ID_DMIare_Ca,-9692.49831111111
ID_DMIare_Mg,-993.526311111111
ID_DMIare_S,-10.580427555555573
ID_DMIare_Fe,-500.34306311111106
ID_DMIare_Mn,-322.23192888888883
ID_DMIare_Zn,-9.14693422222223
ID_DMIare_Cu,-6.161773333333332
ID_DMIare_B,-1.6952968888888902
ID_NczYan_N,-3998.1866666666665
ID_NczYan_P,-65.8498666666668
ID_NczYan_K,-1550.3893333333335
ID_NczYan_Ca,-7479.807999999999
ID_NczYan_Mg,-965.7333333333332
ID_NczYan_S,-10.972960000000011
ID_NczYan_Fe,-460.01440000000014
ID_NczYan_Mn,-355.76266666666663
ID_NczYan_Zn,-7.947146666666658
ID_NczYan_Cu,-6.199306666666666
ID_NczYan_B,-1.712746666666667
ID_U8CSpu_N,-3995.2293333333337
ID_U8CSpu_P,-99.04086844444453
ID_U8CSpu_K,-1622.3675555555556
ID_U8CSpu_Ca,-8568.692533333333
ID_U8CSpu_Mg,-1057.3669333333332
ID_U8CSpu_S,-10.08928533333335
ID_U8CSpu_Fe,-458.4973262222223
ID_U8CSpu_Mn,-372.5906577777777
ID_U8CSpu_Zn,-7.466299555555541
ID_U8CSpu_Cu,-5.785694222222225
ID_U8CSpu_B,-1.7873368888888923
ID_G07BgL_N,-3967.0519999999997
ID_G07BgL_P,-75.0107688888889
ID_G07BgL_K,-1556.0039555555556
ID_G07BgL_Ca,-9264.032088888887
ID_G07BgL_Mg,-1075.073688888889
ID_G07BgL_S,-11.300943111111124
ID_G07BgL_Fe,-463.9538475555556
ID_G07BgL_Mn,-449.25105777777776
ID_G07BgL_Zn,-6.427680444444452
ID_G07BgL_Cu,-5.670059555555553
ID_G07BgL_B,-1.7460244444444435
ID_3j5h04_N,-4197.128
ID_3j5h04_P,-81.92508933333339
ID_3j5h04_K,-1175.2010666666667
ID_3j5h04_Ca,-9756.419466666666
ID_3j5h04_Mg,-905.7970666666666
ID_3j5h04_S,-12.284792000000017
ID_3j5h04_Fe,-495.83622533333346
ID_3j5h04_Mn,-347.09085333333337
ID_3j5h04_Zn,-7.622770666666664
ID_3j5h04_Cu,-6.001058666666665
ID_3j5h04_B,-1.7700293333333326
ID_KObuEl_N,-3678.8053333333332
ID_KObuEl_P,-55.92949644444454
ID_KObuEl_K,-938.2915555555555
ID_KObuEl_Ca,-7513.2268
ID_KObuEl_Mg,-858.2406666666666
ID_KObuEl_S,-11.964696000000021
ID_KObuEl_Fe,-499.7352084444446
ID_KObuEl_Mn,-322.3153066666667
ID_KObuEl_Zn,-6.493590666666667
ID_KObuEl_Cu,-5.645227111111111
ID_KObuEl_B,-1.6119684444444466
ID_c2BaIn_N,-4148.576888888889
ID_c2BaIn_P,-62.51053333333333
ID_c2BaIn_K,-1467.923911111111
ID_c2BaIn_Ca,-7508.155733333333
ID_c2BaIn_Mg,-895.5391111111111
ID_c2BaIn_S,-10.320355555555565
ID_c2BaIn_Fe,-439.13069422222236
ID_c2BaIn_Mn,-367.37768
ID_c2BaIn_Zn,-6.722689777777779
ID_c2BaIn_Cu,-5.497931555555551
ID_c2BaIn_B,-1.7232497777777773
ID_EDja7v_N,-3756.0302222222217
ID_EDja7v_P,-42.25182133333334
ID_EDja7v_K,-1144.2315555555558
ID_EDja7v_Ca,-9804.304622222224
ID_EDja7v_Mg,-1433.5142222222223
ID_EDja7v_S,-10.165696888888903
ID_EDja7v_Fe,-434.6765875555555
ID_EDja7v_Mn,-324.3784799999999
ID_EDja7v_Zn,-5.934292444444447
ID_EDja7v_Cu,-5.640160888888886
ID_EDja7v_B,-1.6954542222222224
ID_GKtvpR_N,-3451.699555555555
ID_GKtvpR_P,-34.777838666666796
ID_GKtvpR_K,-1865.5273333333334
ID_GKtvpR_Ca,-9642.482444444444
ID_GKtvpR_Mg,-1257.6062222222222
ID_GKtvpR_S,-11.269106666666673
ID_GKtvpR_Fe,-440.67748088888914
ID_GKtvpR_Mn,-467.0176222222222
ID_GKtvpR_Zn,-7.021817333333331
ID_GKtvpR_Cu,-5.995952888888893
ID_GKtvpR_B,-1.8320688888888885
ID_jGnpfM_N,-4057.6906666666664
ID_jGnpfM_P,-67.97335644444452
ID_jGnpfM_K,-891.4440888888889
ID_jGnpfM_Ca,-10623.686133333335
ID_jGnpfM_Mg,-1231.1468444444445
ID_jGnpfM_S,-11.255125333333368
ID_jGnpfM_Fe,-586.6911102222224
ID_jGnpfM_Mn,-282.5508888888889
ID_jGnpfM_Zn,-8.947068444444449
ID_jGnpfM_Cu,-5.119964444444444
ID_jGnpfM_B,-1.481061333333335
ID_jY0XHx_N,-4487.559111111112
ID_jY0XHx_P,-11.078520888888896
ID_jY0XHx_K,-1195.5061333333333
ID_jY0XHx_Ca,-10279.1568
ID_jY0XHx_Mg,-1341.996266666667
ID_jY0XHx_S,-11.573557333333344
ID_jY0XHx_Fe,-468.78607111111114
ID_jY0XHx_Mn,-362.29393777777784
ID_jY0XHx_Zn,-6.778387555555556
ID_jY0XHx_Cu,-6.109120000000002
ID_jY0XHx_B,-1.8025404444444442
ID_ZrqF3d_N,-4561.941333333334
ID_ZrqF3d_P,-2.9544400000000195
ID_ZrqF3d_K,-965.6754666666666
ID_ZrqF3d_Ca,-9959.792800000001
ID_ZrqF3d_Mg,-1214.1863999999998
ID_ZrqF3d_S,-8.884242666666687
ID_ZrqF3d_Fe,-502.71215999999987
ID_ZrqF3d_Mn,-296.8633599999999
ID_ZrqF3d_Zn,-8.11504
ID_ZrqF3d_Cu,-4.655234666666659
ID_ZrqF3d_B,-1.3560960000000017
ID_XoePlQ_N,-3990.6871111111113
ID_XoePlQ_P,-22.950861333333414
ID_XoePlQ_K,-1510.402488888889
ID_XoePlQ_Ca,-9667.707733333335
ID_XoePlQ_Mg,-1540.689688888889
ID_XoePlQ_S,-8.92750044444442
ID_XoePlQ_Fe,-483.4875128888889
ID_XoePlQ_Mn,-398.1544799999998
ID_XoePlQ_Zn,-6.484216000000001
ID_XoePlQ_Cu,-6.08706666666667
ID_XoePlQ_B,-1.8815973333333327
ID_LI0H8e_N,-4059.5022222222224
ID_LI0H8e_P,-31.32608000000006
ID_LI0H8e_K,-1368.0307555555555
ID_LI0H8e_Ca,-10582.816177777779
ID_LI0H8e_Mg,-1222.6208000000001
ID_LI0H8e_S,-10.79699022222226
ID_LI0H8e_Fe,-605.7851893333333
ID_LI0H8e_Mn,-330.1845333333333
ID_LI0H8e_Zn,-9.654776888888895
ID_LI0H8e_Cu,-6.188609777777773
ID_LI0H8e_B,-1.650204444444446
ID_Tk6bgY_N,-4207.833333333335
ID_Tk6bgY_P,-23.403111111111144
ID_Tk6bgY_K,-1218.2055555555555
ID_Tk6bgY_Ca,-9185.888888888889
ID_Tk6bgY_Mg,-1499.1333333333334
ID_Tk6bgY_S,-10.136222222222223
ID_Tk6bgY_Fe,-544.6397777777777
ID_Tk6bgY_Mn,-363.6966666666665
ID_Tk6bgY_Zn,-6.601722222222224
ID_Tk6bgY_Cu,-6.086277777777781
ID_Tk6bgY_B,-1.7490555555555578
ID_yZqcGG_N,-4015.057777777777
ID_yZqcGG_P,-69.46982888888897
ID_yZqcGG_K,-1374.1840000000002
ID_yZqcGG_Ca,-8168.338444444443
ID_yZqcGG_Mg,-1063.9635555555558
ID_yZqcGG_S,-11.06138444444447
ID_yZqcGG_Fe,-416.94486
ID_yZqcGG_Mn,-334.0981999999999
ID_yZqcGG_Zn,-6.644337777777781
ID_yZqcGG_Cu,-6.297908888888883
ID_yZqcGG_B,-1.6241466666666675
ID_uP2uAd_N,-3866.2719999999995
ID_uP2uAd_P,-37.75464533333343
ID_uP2uAd_K,-2049.620977777778
ID_uP2uAd_Ca,-13569.2336
ID_uP2uAd_Mg,-1135.9507555555554
ID_uP2uAd_S,-18.065240888888958
ID_uP2uAd_Fe,-236.05055288888903
ID_uP2uAd_Mn,-493.8935288888889
ID_uP2uAd_Zn,-11.531553777777779
ID_uP2uAd_Cu,-6.3949351111111055
ID_uP2uAd_B,-2.07919822222222
ID_5TI0l0_N,-4345.480888888888
ID_5TI0l0_P,-14.345175111111189
ID_5TI0l0_K,-1012.4005333333332
ID_5TI0l0_Ca,-7814.623111111111
ID_5TI0l0_Mg,-1026.6271999999997
ID_5TI0l0_S,-11.97982933333336
ID_5TI0l0_Fe,-445.6802364444444
ID_5TI0l0_Mn,-350.9165688888888
ID_5TI0l0_Zn,-7.901423999999995
ID_5TI0l0_Cu,-6.332140444444436
ID_5TI0l0_B,-1.5177066666666696
ID_8hV9Cb_N,-4796.294666666668
ID_8hV9Cb_P,-7.992964444444517
ID_8hV9Cb_K,-699.4294666666667
ID_8hV9Cb_Ca,-6926.593822222221
ID_8hV9Cb_Mg,-888.5142666666667
ID_8hV9Cb_S,-12.447095555555599
ID_8hV9Cb_Fe,-558.8230982222223
ID_8hV9Cb_Mn,-297.52363999999994
ID_8hV9Cb_Zn,-8.61512266666667
ID_8hV9Cb_Cu,-6.182102222222215
ID_8hV9Cb_B,-1.2851680000000019
ID_HGWWLa_N,-4455.6577777777775
ID_HGWWLa_P,4.614627555555522
ID_HGWWLa_K,-641.1319555555555
ID_HGWWLa_Ca,-6323.734222222223
ID_HGWWLa_Mg,-805.3087111111112
ID_HGWWLa_S,-10.862812888888932
ID_HGWWLa_Fe,-536.1074968888889
ID_HGWWLa_Mn,-308.93775111111097
ID_HGWWLa_Zn,-6.885888444444445
ID_HGWWLa_Cu,-5.0965862222222205
ID_HGWWLa_B,-0.855740444444444
ID_NVoHuc_N,-5435.561777777779
ID_NVoHuc_P,-17.871180888888887
ID_NVoHuc_K,-665.6429333333334
ID_NVoHuc_Ca,-6757.197111111112
ID_NVoHuc_Mg,-883.6893333333334
ID_NVoHuc_S,-12.407044444444505
ID_NVoHuc_Fe,-559.0549000000002
ID_NVoHuc_Mn,-297.15513333333325
ID_NVoHuc_Zn,-8.003530666666673
ID_NVoHuc_Cu,-6.386755999999991
ID_NVoHuc_B,-0.9767333333333329
ID_3oQvVL_N,-4867.238222222221
ID_3oQvVL_P,-10.151757333333379
ID_3oQvVL_K,-897.7747111111111
ID_3oQvVL_Ca,-7221.810222222222
ID_3oQvVL_Mg,-833.9932888888889
ID_3oQvVL_S,-11.163648444444505
ID_3oQvVL_Fe,-438.52142222222227
ID_3oQvVL_Mn,-349.1867466666666
ID_3oQvVL_Zn,-8.739748444444452
ID_3oQvVL_Cu,-5.166645777777771
ID_3oQvVL_B,-1.374258666666668
ID_CETLbQ_N,-5434.593777777778
ID_CETLbQ_P,4.093061777777798
ID_CETLbQ_K,-588.5632444444444
ID_CETLbQ_Ca,-6084.458622222222
ID_CETLbQ_Mg,-772.4016000000001
ID_CETLbQ_S,-12.73234622222228
ID_CETLbQ_Fe,-636.2112222222222
ID_CETLbQ_Mn,-313.82947111111093
ID_CETLbQ_Zn,-12.05859022222223
ID_CETLbQ_Cu,-6.380894222222217
ID_CETLbQ_B,-1.2522368888888913
ID_iJAR2E_N,-5166.565333333334
ID_iJAR2E_P,1.856497777777797
ID_iJAR2E_K,-533.5485777777778
ID_iJAR2E_Ca,-5410.660711111111
ID_iJAR2E_Mg,-740.2156
ID_iJAR2E_S,-13.147188000000046
ID_iJAR2E_Fe,-709.517485777778
ID_iJAR2E_Mn,-301.6681644444444
ID_iJAR2E_Zn,-9.95856799999999
ID_iJAR2E_Cu,-5.757502222222208
ID_iJAR2E_B,-0.9651711111111102
ID_SzoO6H_N,-6195.955555555556
ID_SzoO6H_P,14.260371555555576
ID_SzoO6H_K,-730.2351111111111
ID_SzoO6H_Ca,-4593.912355555555
ID_SzoO6H_Mg,-686.8941333333333
ID_SzoO6H_S,-12.182080888888898
ID_SzoO6H_Fe,-716.2355484444445
ID_SzoO6H_Mn,-279.46086222222203
ID_SzoO6H_Zn,-9.644002666666657
ID_SzoO6H_Cu,-5.296125333333326
ID_SzoO6H_B,-0.895938666666667
ID_6U6yAH_N,-5230.792888888889
ID_6U6yAH_P,4.202606222222194
ID_6U6yAH_K,-541.4096000000001
ID_6U6yAH_Ca,-5179.799111111111
ID_6U6yAH_Mg,-753.6250666666667
ID_6U6yAH_S,-10.811477333333379
ID_6U6yAH_Fe,-577.5475928888889
ID_6U6yAH_Mn,-286.1658844444444
ID_6U6yAH_Zn,-7.765884444444442
ID_6U6yAH_Cu,-5.996823111111101
ID_6U6yAH_B,-1.2360586666666677
ID_xmKE3a_N,-6220.027555555555
ID_xmKE3a_P,4.2679742222222075
ID_xmKE3a_K,-563.9180444444445
ID_xmKE3a_Ca,-4794.585777777777
ID_xmKE3a_Mg,-643.36
ID_xmKE3a_S,-13.314356444444492
ID_xmKE3a_Fe,-726.2583111111113
ID_xmKE3a_Mn,-296.83570666666657
ID_xmKE3a_Zn,-10.258913777777746
ID_xmKE3a_Cu,-6.0522693333333235
ID_xmKE3a_B,-0.9014453333333338
ID_iqTEpw_N,-5954.489777777777
ID_iqTEpw_P,13.374437777777786
ID_iqTEpw_K,-548.7983999999999
ID_iqTEpw_Ca,-5232.576088888888
ID_iqTEpw_Mg,-678.0757333333332
ID_iqTEpw_S,-12.863164000000054
ID_iqTEpw_Fe,-696.9624444444446
ID_iqTEpw_Mn,-287.27740888888894
ID_iqTEpw_Zn,-11.236237777777744
ID_iqTEpw_Cu,-4.637203555555554
ID_iqTEpw_B,-1.3067862222222242
ID_abA9eB_N,-6329.268
ID_abA9eB_P,30.13565199999998
ID_abA9eB_K,-307.3341333333334
ID_abA9eB_Ca,-3335.350533333334
ID_abA9eB_Mg,-496.4284
ID_abA9eB_S,-11.618925333333376
ID_abA9eB_Fe,-532.7884946666668
ID_abA9eB_Mn,-243.42111999999997
ID_abA9eB_Zn,-7.7707346666666535
ID_abA9eB_Cu,-4.874278666666663
ID_abA9eB_B,-0.43311599999999867
ID_CHaOFm_N,-6106.618222222222
ID_CHaOFm_P,31.728139111111098
ID_CHaOFm_K,-375.2533777777778
ID_CHaOFm_Ca,-3230.0524444444454
ID_CHaOFm_Mg,-469.862
ID_CHaOFm_S,-10.795422666666724
ID_CHaOFm_Fe,-451.5570044444444
ID_CHaOFm_Mn,-261.08660000000003
ID_CHaOFm_Zn,-7.629993333333314
ID_CHaOFm_Cu,-4.847403999999997
ID_CHaOFm_B,-0.5096413333333336
ID_3LDUc1_N,-5669.426666666668
ID_3LDUc1_P,26.51688444444445
ID_3LDUc1_K,-412.49822222222224
ID_3LDUc1_Ca,-3584.2764444444447
ID_3LDUc1_Mg,-557.1751111111112
ID_3LDUc1_S,-10.134591111111089
ID_3LDUc1_Fe,-540.6612133333334
ID_3LDUc1_Mn,-273.8769333333333
ID_3LDUc1_Zn,-8.491226666666654
ID_3LDUc1_Cu,-4.664639999999998
ID_3LDUc1_B,-0.7890000000000013
ID_8GNrly_N,-6660.270222222223
ID_8GNrly_P,21.356778666666717
ID_8GNrly_K,-326.2165333333334
ID_8GNrly_Ca,-3408.2261333333345
ID_8GNrly_Mg,-526.688
ID_8GNrly_S,-13.347840000000016
ID_8GNrly_Fe,-524.1619200000001
ID_8GNrly_Mn,-311.16010666666665
ID_8GNrly_Zn,-7.457272888888873
ID_8GNrly_Cu,-5.075448888888881
ID_8GNrly_B,-0.4824888888888879
ID_S3DzUn_N,-6667.695555555554
ID_S3DzUn_P,29.939183111111095
ID_S3DzUn_K,-437.99311111111103
ID_S3DzUn_Ca,-3350.623866666667
ID_S3DzUn_Mg,-564.3826666666668
ID_S3DzUn_S,-14.19319911111113
ID_S3DzUn_Fe,-408.6557511111111
ID_S3DzUn_Mn,-302.21751555555556
ID_S3DzUn_Zn,-8.60394044444443
ID_S3DzUn_Cu,-5.1436444444444325
ID_S3DzUn_B,-0.5491337777777764
ID_TtnIPj_N,-8145.706666666667
ID_TtnIPj_P,33.202079999999995
ID_TtnIPj_K,-441.54133333333334
ID_TtnIPj_Ca,-3494.565333333334
ID_TtnIPj_Mg,-621.4293333333334
ID_TtnIPj_S,-15.597760000000012
ID_TtnIPj_Fe,-434.2981333333334
ID_TtnIPj_Mn,-318.32906666666656
ID_TtnIPj_Zn,-8.676533333333314
ID_TtnIPj_Cu,-4.6203199999999915
ID_TtnIPj_B,-0.6470933333333332
ID_80OieJ_N,-7586.410666666667
ID_80OieJ_P,-17.43790000000007
ID_80OieJ_K,-474.5599111111111
ID_80OieJ_Ca,-3861.3939111111113
ID_80OieJ_Mg,-629.0789333333333
ID_80OieJ_S,-15.885939111111128
ID_80OieJ_Fe,-400.0416355555555
ID_80OieJ_Mn,-315.26323999999994
ID_80OieJ_Zn,-12.716085777777772
ID_80OieJ_Cu,-4.707615111111105
ID_80OieJ_B,-0.6604262222222215
ID_zbhcOh_N,-7449.516
ID_zbhcOh_P,28.63201999999999
ID_zbhcOh_K,-488.6128
ID_zbhcOh_Ca,-3233.58
ID_zbhcOh_Mg,-558.2176
ID_zbhcOh_S,-15.153516000000021
ID_zbhcOh_Fe,-406.84724000000006
ID_zbhcOh_Mn,-323.69259999999997
ID_zbhcOh_Zn,-8.678367999999995
ID_zbhcOh_Cu,-4.62934399999999
ID_zbhcOh_B,-0.549148
ID_Lx8vZT_N,-6877.528888888889
ID_Lx8vZT_P,32.96849244444444
ID_Lx8vZT_K,-454.90453333333335
ID_Lx8vZT_Ca,-3370.0702222222217
ID_Lx8vZT_Mg,-556.1621333333334
ID_Lx8vZT_S,-14.393608888888913
ID_Lx8vZT_Fe,-441.68328888888885
ID_Lx8vZT_Mn,-297.3029155555554
ID_Lx8vZT_Zn,-10.753322666666655
ID_Lx8vZT_Cu,-5.050469333333322
ID_Lx8vZT_B,-0.45545599999999914
ID_hF8gjj_N,-6340.543555555556
ID_hF8gjj_P,32.89983688888887
ID_hF8gjj_K,-422.3631555555556
ID_hF8gjj_Ca,-3210.5196000000005
ID_hF8gjj_Mg,-477.1129777777779
ID_hF8gjj_S,-11.721936444444488
ID_hF8gjj_Fe,-368.6857777777778
ID_hF8gjj_Mn,-307.9745644444444
ID_hF8gjj_Zn,-6.692557333333328
ID_hF8gjj_Cu,-4.504875999999993
ID_hF8gjj_B,-0.6183266666666671
ID_olN0TY_N,-6207.204444444445
ID_olN0TY_P,33.37658222222222
ID_olN0TY_K,-411.73066666666676
ID_olN0TY_Ca,-3201.9262222222223
ID_olN0TY_Mg,-506.9808888888889
ID_olN0TY_S,-11.82130666666669
ID_olN0TY_Fe,-465.6880000000001
ID_olN0TY_Mn,-295.9800888888888
ID_olN0TY_Zn,-9.34531555555555
ID_olN0TY_Cu,-4.828515555555541
ID_olN0TY_B,-0.5221155555555547
ID_XNsWNn_N,-5997.217777777778
ID_XNsWNn_P,0.06563377777777646
ID_XNsWNn_K,-736.8103111111112
ID_XNsWNn_Ca,-4505.694755555555
ID_XNsWNn_Mg,-702.0128
ID_XNsWNn_S,-12.625098666666702
ID_XNsWNn_Fe,-684.9397226666666
ID_XNsWNn_Mn,-275.47480888888873
ID_XNsWNn_Zn,-8.951765333333316
ID_XNsWNn_Cu,-5.099034666666657
ID_XNsWNn_B,-0.7552515555555545
ID_z8mRE8_N,-6882.196000000001
ID_z8mRE8_P,27.75324666666669
ID_z8mRE8_K,-333.7521333333334
ID_z8mRE8_Ca,-3422.0785333333342
ID_z8mRE8_Mg,-461.8210666666667
ID_z8mRE8_S,-11.921092000000048
ID_z8mRE8_Fe,-456.29356
ID_z8mRE8_Mn,-260.4939066666667
ID_z8mRE8_Zn,-7.039910666666659
ID_z8mRE8_Cu,-5.795923999999994
ID_z8mRE8_B,-0.610617333333333
ID_3ZDtO5_N,-6674.827111111112
ID_3ZDtO5_P,-28.009075111111187
ID_3ZDtO5_K,-516.1941333333333
ID_3ZDtO5_Ca,-4326.280933333333
ID_3ZDtO5_Mg,-632.4839999999999
ID_3ZDtO5_S,-13.439815555555608
ID_3ZDtO5_Fe,-373.7804355555554
ID_3ZDtO5_Mn,-241.77959111111105
ID_3ZDtO5_Zn,-9.349338666666663
ID_3ZDtO5_Cu,-6.042119999999996
ID_3ZDtO5_B,-0.5811755555555559
ID_mr4RzZ_N,-6504.416000000001
ID_mr4RzZ_P,-68.73990399999983
ID_mr4RzZ_K,-627.9893333333334
ID_mr4RzZ_Ca,-4899.344355555556
ID_mr4RzZ_Mg,-686.1361777777779
ID_mr4RzZ_S,-12.510826666666677
ID_mr4RzZ_Fe,-385.80060444444445
ID_mr4RzZ_Mn,-238.6020266666667
ID_mr4RzZ_Zn,-10.206399999999991
ID_mr4RzZ_Cu,-5.844565333333328
ID_mr4RzZ_B,-0.6567111111111121
ID_s0tvDA_N,-7184.080444444443
ID_s0tvDA_P,-85.75860399999988
ID_s0tvDA_K,-469.6029777777777
ID_s0tvDA_Ca,-4229.8241333333335
ID_s0tvDA_Mg,-642.9201777777778
ID_s0tvDA_S,-14.896561333333349
ID_s0tvDA_Fe,-380.60714222222214
ID_s0tvDA_Mn,-260.50243555555556
ID_s0tvDA_Zn,-10.87644577777776
ID_s0tvDA_Cu,-6.2096111111111085
ID_s0tvDA_B,-0.7053248888888889
ID_epXX6m_N,-8660.764444444443
ID_epXX6m_P,17.33782488888888
ID_epXX6m_K,-346.36266666666666
ID_epXX6m_Ca,-3442.5908
ID_epXX6m_Mg,-537.5388888888888
ID_epXX6m_S,-14.569012000000015
ID_epXX6m_Fe,-427.4825555555555
ID_epXX6m_Mn,-191.39213777777775
ID_epXX6m_Zn,-10.43564533333331
ID_epXX6m_Cu,-5.974319999999991
ID_epXX6m_B,-0.5878048888888895
ID_OlCBeU_N,-6020.783111111111
ID_OlCBeU_P,-25.60408355555556
ID_OlCBeU_K,-1054.9078222222222
ID_OlCBeU_Ca,-5630.908622222221
ID_OlCBeU_Mg,-722.1055555555555
ID_OlCBeU_S,-8.788735555555558
ID_OlCBeU_Fe,-395.8405466666666
ID_OlCBeU_Mn,-282.69111555555565
ID_OlCBeU_Zn,-8.717593333333326
ID_OlCBeU_Cu,-7.651440888888904
ID_OlCBeU_B,-1.3115071111111132
ID_2HW7At_N,-4201.96
ID_2HW7At_P,-70.00381600000006
ID_2HW7At_K,-542.3392
ID_2HW7At_Ca,-7136.3672
ID_2HW7At_Mg,-1121.1644000000001
ID_2HW7At_S,-14.834132000000029
ID_2HW7At_Fe,-653.9322600000003
ID_2HW7At_Mn,-271.39308
ID_2HW7At_Zn,-6.389276000000001
ID_2HW7At_Cu,-6.529111999999997
ID_2HW7At_B,-0.8186119999999991
ID_gjQdCu_N,-4942.060444444445
ID_gjQdCu_P,-33.12996444444451
ID_gjQdCu_K,-814.010488888889
ID_gjQdCu_Ca,-10157.146311111113
ID_gjQdCu_Mg,-1295.2565333333334
ID_gjQdCu_S,-12.55811733333337
ID_gjQdCu_Fe,-607.221544888889
ID_gjQdCu_Mn,-314.6134577777776
ID_gjQdCu_Zn,-9.403495111111102
ID_gjQdCu_Cu,-6.231301333333346
ID_gjQdCu_B,-1.5814346666666648
ID_khNU8W_N,-3480.906666666666
ID_khNU8W_P,-78.80974222222231
ID_khNU8W_K,-1505.4164444444446
ID_khNU8W_Ca,-8265.720977777777
ID_khNU8W_Mg,-1144.5453333333332
ID_khNU8W_S,-11.485146666666704
ID_khNU8W_Fe,-419.50509155555557
ID_khNU8W_Mn,-342.44664
ID_khNU8W_Zn,-6.409701333333338
ID_khNU8W_Cu,-6.406321777777772
ID_khNU8W_B,-1.6112808888888885
ID_wsnCkI_N,-3886.0400000000004
ID_wsnCkI_P,-17.049328888888866
ID_wsnCkI_K,-1324.189422222222
ID_wsnCkI_Ca,-8142.702044444442
ID_wsnCkI_Mg,-1094.1514666666667
ID_wsnCkI_S,-10.664863111111128
ID_wsnCkI_Fe,-485.09253333333345
ID_wsnCkI_Mn,-355.5640444444444
ID_wsnCkI_Zn,-5.778322666666659
ID_wsnCkI_Cu,-6.656953777777772
ID_wsnCkI_B,-1.6554915555555567
ID_Eh1tTu_N,-4333.78
ID_Eh1tTu_P,-30.871060000000128
ID_Eh1tTu_K,-802.8643999999999
ID_Eh1tTu_Ca,-7001.37
ID_Eh1tTu_Mg,-955.8668000000002
ID_Eh1tTu_S,-12.220144000000047
ID_Eh1tTu_Fe,-522.887476
ID_Eh1tTu_Mn,-297.9889999999999
ID_Eh1tTu_Zn,-8.148852000000009
ID_Eh1tTu_Cu,-6.526303999999993
ID_Eh1tTu_B,-1.514684
ID_NYBExd_N,-5027.904
ID_NYBExd_P,-1.8713760000000264
ID_NYBExd_K,-615.123111111111
ID_NYBExd_Ca,-5614.7864
ID_NYBExd_Mg,-879.5147555555556
ID_NYBExd_S,-13.561114666666718
ID_NYBExd_Fe,-807.6518151111112
ID_NYBExd_Mn,-281.6406844444444
ID_NYBExd_Zn,-9.422138666666669
ID_NYBExd_Cu,-6.0954168888888764
ID_NYBExd_B,-1.571663111111115
ID_Z2S4yk_N,-4849.706666666668
ID_Z2S4yk_P,-5.004518222222266
ID_Z2S4yk_K,-471.89902222222224
ID_Z2S4yk_Ca,-4953.051911111111
ID_Z2S4yk_Mg,-734.5136888888889
ID_Z2S4yk_S,-13.035142222222262
ID_Z2S4yk_Fe,-702.8535093333335
ID_Z2S4yk_Mn,-291.42711111111106
ID_Z2S4yk_Zn,-9.529883555555543
ID_Z2S4yk_Cu,-6.056989333333324
ID_Z2S4yk_B,-1.1540177777777778
ID_y0J4xs_N,-3917.3493333333336
ID_y0J4xs_P,-49.287663111111144
ID_y0J4xs_K,-1183.3708444444446
ID_y0J4xs_Ca,-9636.193955555555
ID_y0J4xs_Mg,-1660.079466666667
ID_y0J4xs_S,-8.544376888888866
ID_y0J4xs_Fe,-435.2789644444444
ID_y0J4xs_Mn,-330.65608000000003
ID_y0J4xs_Zn,-4.738926222222223
ID_y0J4xs_Cu,-5.2752524444444395
ID_y0J4xs_B,-1.747374222222221
ID_fpmuaQ_N,-4484.053333333332
ID_fpmuaQ_P,-68.13879333333337
ID_fpmuaQ_K,-731.2777777777778
ID_fpmuaQ_Ca,-7638.203777777778
ID_fpmuaQ_Mg,-1145.531777777778
ID_fpmuaQ_S,-8.34268222222224
ID_fpmuaQ_Fe,-599.5129311111115
ID_fpmuaQ_Mn,-283.2482666666666
ID_fpmuaQ_Zn,-6.9772755555555666
ID_fpmuaQ_Cu,-5.709926666666669
ID_fpmuaQ_B,-1.4716822222222268
ID_EboQQ7_N,-5031.114666666667
ID_EboQQ7_P,22.215240000000048
ID_EboQQ7_K,-529.2581333333333
ID_EboQQ7_Ca,-6456.050933333332
ID_EboQQ7_Mg,-913.2365333333332
ID_EboQQ7_S,-11.416917333333384
ID_EboQQ7_Fe,-669.1733386666665
ID_EboQQ7_Mn,-259.60815999999994
ID_EboQQ7_Zn,-6.227807999999998
ID_EboQQ7_Cu,-5.746543999999993
ID_EboQQ7_B,-0.7790026666666662
ID_bpCS8a_N,-4697.26
ID_bpCS8a_P,-67.98060000000005
ID_bpCS8a_K,-728.8735999999999
ID_bpCS8a_Ca,-6774.0
ID_bpCS8a_Mg,-1354.2492000000002
ID_bpCS8a_S,-9.198320000000024
ID_bpCS8a_Fe,-709.665028
ID_bpCS8a_Mn,-270.78000000000003
ID_bpCS8a_Zn,-6.277787999999999
ID_bpCS8a_Cu,-5.889616000000006
ID_bpCS8a_B,-0.9921360000000009
ID_mpCypL_N,-4554.416
ID_mpCypL_P,-19.234080000000006
ID_mpCypL_K,-845.2800000000002
ID_mpCypL_Ca,-12688.325333333334
ID_mpCypL_Mg,-2086.64
ID_mpCypL_S,-9.961653333333313
ID_mpCypL_Fe,-654.6705066666667
ID_mpCypL_Mn,-320.3983999999999
ID_mpCypL_Zn,-4.90021333333333
ID_mpCypL_Cu,-6.03104000000001
ID_mpCypL_B,-1.4985600000000021
ID_Vlq347_N,-4207.891555555556
ID_Vlq347_P,-14.375186666666679
ID_Vlq347_K,-702.2087999999999
ID_Vlq347_Ca,-9553.924355555555
ID_Vlq347_Mg,-2084.889955555556
ID_Vlq347_S,-9.121475555555538
ID_Vlq347_Fe,-630.1156871111114
ID_Vlq347_Mn,-307.84904
ID_Vlq347_Zn,-4.536123555555552
ID_Vlq347_Cu,-5.722865777777783
ID_Vlq347_B,-1.3918533333333354
ID_c5hshz_N,-5147.094666666667
ID_c5hshz_P,9.952427999999951
ID_c5hshz_K,-545.0063111111111
ID_c5hshz_Ca,-6180.955111111111
ID_c5hshz_Mg,-704.7828888888889
ID_c5hshz_S,-7.741575111111153
ID_c5hshz_Fe,-536.1616142222223
ID_c5hshz_Mn,-200.8835155555557
ID_c5hshz_Zn,-10.207077333333324
ID_c5hshz_Cu,-3.40893688888889
ID_c5hshz_B,-0.8119342222222233
ID_vqVi7x_N,-4566.292000000001
ID_vqVi7x_P,-13.061354666666766
ID_vqVi7x_K,-1367.5222666666668
ID_vqVi7x_Ca,-9095.540133333334
ID_vqVi7x_Mg,-1568.2444000000003
ID_vqVi7x_S,-8.500022666666666
ID_vqVi7x_Fe,-542.8810093333334
ID_vqVi7x_Mn,-336.42826666666673
ID_vqVi7x_Zn,-9.228830666666658
ID_vqVi7x_Cu,-5.536381333333326
ID_vqVi7x_B,-1.5190413333333357
ID_urIOty_N,-3614.2346666666667
ID_urIOty_P,-21.264582222222217
ID_urIOty_K,-1457.3083555555554
ID_urIOty_Ca,-10639.138933333334
ID_urIOty_Mg,-1467.890488888889
ID_urIOty_S,-7.2197431111110895
ID_urIOty_Fe,-596.7499262222221
ID_urIOty_Mn,-358.3092088888889
ID_urIOty_Zn,-5.2269982222222255
ID_urIOty_Cu,-5.518553333333339
ID_urIOty_B,-1.619921777777776
ID_bbD7AM_N,-6167.898666666668
ID_bbD7AM_P,-43.78886800000001
ID_bbD7AM_K,-986.9994666666669
ID_bbD7AM_Ca,-7062.474000000001
ID_bbD7AM_Mg,-828.7032000000002
ID_bbD7AM_S,-10.516769333333386
ID_bbD7AM_Fe,-466.27468
ID_bbD7AM_Mn,-181.95178666666678
ID_bbD7AM_Zn,-8.794253333333325
ID_bbD7AM_Cu,-5.422717333333341
ID_bbD7AM_B,-0.9978346666666663
ID_HrS8nH_N,-4646.877333333334
ID_HrS8nH_P,27.985438666666667
ID_HrS8nH_K,-567.9387111111112
ID_HrS8nH_Ca,-7223.6428444444455
ID_HrS8nH_Mg,-848.5268444444446
ID_HrS8nH_S,-9.209026222222281
ID_HrS8nH_Fe,-547.177104888889
ID_HrS8nH_Mn,-236.81839555555567
ID_HrS8nH_Zn,-5.933335999999999
ID_HrS8nH_Cu,-4.738571999999999
ID_HrS8nH_B,-1.191279111111113
ID_egvALL_N,-4879.416000000001
ID_egvALL_P,4.243707999999991
ID_egvALL_K,-689.2548
ID_egvALL_Ca,-8231.4248
ID_egvALL_Mg,-2032.4539999999997
ID_egvALL_S,-12.384568000000048
ID_egvALL_Fe,-719.1535200000002
ID_egvALL_Mn,-268.70208
ID_egvALL_Zn,-4.750859999999995
ID_egvALL_Cu,-6.26651200000001
ID_egvALL_B,-0.8191319999999992
ID_O6u6ww_N,-4324.828888888889
ID_O6u6ww_P,2.2485582222221936
ID_O6u6ww_K,-556.823911111111
ID_O6u6ww_Ca,-7224.268888888888
ID_O6u6ww_Mg,-1021.1136000000001
ID_O6u6ww_S,-9.5393066666667
ID_O6u6ww_Fe,-757.3620493333332
ID_O6u6ww_Mn,-287.89212888888886
ID_O6u6ww_Zn,-5.247087111111112
ID_O6u6ww_Cu,-4.844520888888885
ID_O6u6ww_B,-1.2220111111111138
ID_AUuaPd_N,-5216.2880000000005
ID_AUuaPd_P,25.512784000000035
ID_AUuaPd_K,-355.14560000000006
ID_AUuaPd_Ca,-3335.8655999999996
ID_AUuaPd_Mg,-589.9552000000001
ID_AUuaPd_S,-12.860688
ID_AUuaPd_Fe,-461.19183999999996
ID_AUuaPd_Mn,-218.64656000000005
ID_AUuaPd_Zn,-7.171616
ID_AUuaPd_Cu,-3.5770719999999985
ID_AUuaPd_B,-0.6627040000000003
ID_1fPRIw_N,-5014.3822222222225
ID_1fPRIw_P,22.03742844444448
ID_1fPRIw_K,-399.9368888888889
ID_1fPRIw_Ca,-3452.3579555555552
ID_1fPRIw_Mg,-593.9151111111112
ID_1fPRIw_S,-11.94657777777779
ID_1fPRIw_Fe,-529.8958311111112
ID_1fPRIw_Mn,-247.194328888889
ID_1fPRIw_Zn,-5.995568888888888
ID_1fPRIw_Cu,-4.641891555555559
ID_1fPRIw_B,-0.45541777777777565
ID_1FWJR7_N,-4881.858666666668
ID_1FWJR7_P,26.099160000000033
ID_1FWJR7_K,-367.74115555555557
ID_1FWJR7_Ca,-5397.260088888889
ID_1FWJR7_Mg,-817.3301333333334
ID_1FWJR7_S,-11.257719111111165
ID_1FWJR7_Fe,-540.2655520000001
ID_1FWJR7_Mn,-227.50518222222237
ID_1FWJR7_Zn,-4.989275555555556
ID_1FWJR7_Cu,-3.8134426666666563
ID_1FWJR7_B,-0.6381617777777772
ID_qpFeXN_N,-4581.916444444444
ID_qpFeXN_P,7.719817333333303
ID_qpFeXN_K,-687.9591555555555
ID_qpFeXN_Ca,-8072.964177777777
ID_qpFeXN_Mg,-1039.6054222222222
ID_qpFeXN_S,-8.938196888888896
ID_qpFeXN_Fe,-649.3423862222222
ID_qpFeXN_Mn,-295.8312577777778
ID_qpFeXN_Zn,-6.123715999999997
ID_qpFeXN_Cu,-5.181913777777779
ID_qpFeXN_B,-1.2785613333333363
ID_veiLc6_N,-4208.316444444445
ID_veiLc6_P,-6.986887111111173
ID_veiLc6_K,-1059.179377777778
ID_veiLc6_Ca,-11183.276088888892
ID_veiLc6_Mg,-1575.6352000000004
ID_veiLc6_S,-8.029432888888877
ID_veiLc6_Fe,-648.032824888889
ID_veiLc6_Mn,-304.90752000000003
ID_veiLc6_Zn,-5.750392888888891
ID_veiLc6_Cu,-7.477226666666676
ID_veiLc6_B,-1.1382613333333356
ID_dDH8nr_N,-4250.154666666666
ID_dDH8nr_P,-4.000346666666665
ID_dDH8nr_K,-773.8014222222223
ID_dDH8nr_Ca,-10986.36728888889
ID_dDH8nr_Mg,-1485.3169777777778
ID_dDH8nr_S,-7.590698666666626
ID_dDH8nr_Fe,-700.0849919999999
ID_dDH8nr_Mn,-328.55640888888877
ID_dDH8nr_Zn,-4.622284444444441
ID_dDH8nr_Cu,-5.515397333333332
ID_dDH8nr_B,-1.4707911111111136
ID_Kr0LAX_N,-5221.457777777779
ID_Kr0LAX_P,25.56140000000003
ID_Kr0LAX_K,-630.7528888888891
ID_Kr0LAX_Ca,-5819.9506666666675
ID_Kr0LAX_Mg,-797.336888888889
ID_Kr0LAX_S,-10.69925777777781
ID_Kr0LAX_Fe,-456.88702222222213
ID_Kr0LAX_Mn,-262.4017333333334
ID_Kr0LAX_Zn,-5.368791111111106
ID_Kr0LAX_Cu,-5.743666666666662
ID_Kr0LAX_B,-0.9553200000000021
ID_tyBOdj_N,-4096.330666666668
ID_tyBOdj_P,-14.317628444444509
ID_tyBOdj_K,-1350.4746666666667
ID_tyBOdj_Ca,-9480.93048888889
ID_tyBOdj_Mg,-1332.8928
ID_tyBOdj_S,-6.971726222222209
ID_tyBOdj_Fe,-461.5063466666664
ID_tyBOdj_Mn,-293.12544
ID_tyBOdj_Zn,-5.2122560000000036
ID_tyBOdj_Cu,-5.4821902222222185
ID_tyBOdj_B,-1.1055999999999997
ID_MbZ9N2_N,-4784.764444444445
ID_MbZ9N2_P,15.208341333333351
ID_MbZ9N2_K,-706.9873777777779
ID_MbZ9N2_Ca,-7394.611911111111
ID_MbZ9N2_Mg,-940.1425777777779
ID_MbZ9N2_S,-7.804512000000017
ID_MbZ9N2_Fe,-456.8411377777776
ID_MbZ9N2_Mn,-269.42545777777786
ID_MbZ9N2_Zn,-5.10894933333333
ID_MbZ9N2_Cu,-3.780103111111109
ID_MbZ9N2_B,-1.0297031111111121
ID_d3Jkf2_N,-4723.566222222223
ID_d3Jkf2_P,20.43783111111115
ID_d3Jkf2_K,-662.7790222222224
ID_d3Jkf2_Ca,-6611.067733333333
ID_d3Jkf2_Mg,-921.1868444444444
ID_d3Jkf2_S,-10.34161066666669
ID_d3Jkf2_Fe,-517.2012942222221
ID_d3Jkf2_Mn,-268.2949688888889
ID_d3Jkf2_Zn,-6.450467555555562
ID_d3Jkf2_Cu,-5.210247111111111
ID_d3Jkf2_B,-0.8007679999999995
ID_VhiNOD_N,-4419.463111111111
ID_VhiNOD_P,5.941626666666657
ID_VhiNOD_K,-626.7392
ID_VhiNOD_Ca,-7593.599288888887
ID_VhiNOD_Mg,-1241.6344888888889
ID_VhiNOD_S,-10.108981333333354
ID_VhiNOD_Fe,-703.6272195555556
ID_VhiNOD_Mn,-288.42143999999996
ID_VhiNOD_Zn,-4.59769244444444
ID_VhiNOD_Cu,-5.506323555555557
ID_VhiNOD_B,-0.8144373333333329
ID_j80P0w_N,-4489.924
ID_j80P0w_P,8.549111999999965
ID_j80P0w_K,-689.2037333333334
ID_j80P0w_Ca,-6507.789733333334
ID_j80P0w_Mg,-838.3380000000002
ID_j80P0w_S,-8.07116800000004
ID_j80P0w_Fe,-646.2403613333333
ID_j80P0w_Mn,-277.48776000000004
ID_j80P0w_Zn,-5.664645333333337
ID_j80P0w_Cu,-5.074325333333333
ID_j80P0w_B,-1.1683306666666697
ID_M9zUDj_N,-5592.597333333334
ID_M9zUDj_P,-42.03216266666672
ID_M9zUDj_K,-1163.4909333333333
ID_M9zUDj_Ca,-6335.346666666667
ID_M9zUDj_Mg,-917.0085333333335
ID_M9zUDj_S,-8.040960000000013
ID_M9zUDj_Fe,-372.95519999999965
ID_M9zUDj_Mn,-161.16255999999996
ID_M9zUDj_Zn,-14.071079999999993
ID_M9zUDj_Cu,-3.4632053333333372
ID_M9zUDj_B,-1.0664800000000014
ID_OQLcTB_N,-8445.506666666668
ID_OQLcTB_P,-45.72115999999997
ID_OQLcTB_K,-260.58266666666674
ID_OQLcTB_Ca,-3583.993333333334
ID_OQLcTB_Mg,-505.29600000000016
ID_OQLcTB_S,-13.305933333333378
ID_OQLcTB_Fe,-410.0192666666665
ID_OQLcTB_Mn,-153.4124
ID_OQLcTB_Zn,-8.582493333333337
ID_OQLcTB_Cu,-3.898873333333343
ID_OQLcTB_B,-0.4822399999999995
ID_1yte7N_N,-5134.796444444444
ID_1yte7N_P,3.942456888888877
ID_1yte7N_K,-444.8408888888889
ID_1yte7N_Ca,-5462.076088888889
ID_1yte7N_Mg,-1117.4887111111111
ID_1yte7N_S,-13.048008888888898
ID_1yte7N_Fe,-396.50876444444447
ID_1yte7N_Mn,-297.44933333333336
ID_1yte7N_Zn,-6.3664088888888895
ID_1yte7N_Cu,-5.483845333333334
ID_1yte7N_B,-0.6554399999999998
ID_xi0Cko_N,-4915.786666666667
ID_xi0Cko_P,10.870572444444448
ID_xi0Cko_K,-794.9148444444445
ID_xi0Cko_Ca,-6267.016
ID_xi0Cko_Mg,-1206.4245333333333
ID_xi0Cko_S,-10.420944000000013
ID_xi0Cko_Fe,-420.6797422222223
ID_xi0Cko_Mn,-316.70480888888903
ID_xi0Cko_Zn,-5.552759111111112
ID_xi0Cko_Cu,-5.480415111111116
ID_xi0Cko_B,-0.8378826666666667
ID_s1Nwd7_N,-4395.171111111111
ID_s1Nwd7_P,-10.404653333333343
ID_s1Nwd7_K,-629.449111111111
ID_s1Nwd7_Ca,-7655.8677777777775
ID_s1Nwd7_Mg,-1579.7257777777777
ID_s1Nwd7_S,-13.303168888888933
ID_s1Nwd7_Fe,-465.6131666666667
ID_s1Nwd7_Mn,-307.1902444444445
ID_s1Nwd7_Zn,-4.089037777777769
ID_s1Nwd7_Cu,-5.406531111111113
ID_s1Nwd7_B,-0.8551800000000004
ID_AJ6e5g_N,-4129.514666666667
ID_AJ6e5g_P,-9.729140444444482
ID_AJ6e5g_K,-785.0588
ID_AJ6e5g_Ca,-8635.884977777778
ID_AJ6e5g_Mg,-1615.3228444444444
ID_AJ6e5g_S,-8.054737777777778
ID_AJ6e5g_Fe,-506.01067511111086
ID_AJ6e5g_Mn,-325.84707111111106
ID_AJ6e5g_Zn,-4.547190222222225
ID_AJ6e5g_Cu,-5.297525333333333
ID_AJ6e5g_B,-1.0115297777777783
ID_ghntby_N,-4295.348444444444
ID_ghntby_P,-8.577444444444438
ID_ghntby_K,-938.3571111111111
ID_ghntby_Ca,-8188.369822222221
ID_ghntby_Mg,-2424.0311999999994
ID_ghntby_S,-13.130446666666714
ID_ghntby_Fe,-460.8745577777777
ID_ghntby_Mn,-242.4249466666666
ID_ghntby_Zn,-6.930887555555557
ID_ghntby_Cu,-3.130838222222222
ID_ghntby_B,-1.0446764444444467
ID_1L6mGf_N,-4689.36888888889
ID_1L6mGf_P,-7.046869333333262
ID_1L6mGf_K,-639.5278222222223
ID_1L6mGf_Ca,-7086.739200000001
ID_1L6mGf_Mg,-1264.0711111111113
ID_1L6mGf_S,-11.492074666666692
ID_1L6mGf_Fe,-461.13892266666664
ID_1L6mGf_Mn,-267.72202666666664
ID_1L6mGf_Zn,-4.688881777777775
ID_1L6mGf_Cu,-3.4552817777777785
ID_1L6mGf_B,-0.6449137777777768
ID_jFxhVU_N,-4730.053333333333
ID_jFxhVU_P,-5.993173333333317
ID_jFxhVU_K,-747.3122666666668
ID_jFxhVU_Ca,-9860.217599999998
ID_jFxhVU_Mg,-2479.520533333334
ID_jFxhVU_S,-11.012495999999995
ID_jFxhVU_Fe,-443.02915733333333
ID_jFxhVU_Mn,-365.0186400000001
ID_jFxhVU_Zn,-4.639559999999996
ID_jFxhVU_Cu,-5.263538666666669
ID_jFxhVU_B,-1.1557093333333333
ID_mbDwXP_N,-4763.544
ID_mbDwXP_P,8.467650666666632
ID_mbDwXP_K,-741.3589333333333
ID_mbDwXP_Ca,-8555.368533333334
ID_mbDwXP_Mg,-1790.109333333333
ID_mbDwXP_S,-11.081605333333357
ID_mbDwXP_Fe,-440.06454933333333
ID_mbDwXP_Mn,-304.9137866666668
ID_mbDwXP_Zn,-5.175005333333337
ID_mbDwXP_Cu,-5.06685066666666
ID_mbDwXP_B,-1.053768
ID_M6Xn2o_N,-4502.277333333334
ID_M6Xn2o_P,-7.606466666666677
ID_M6Xn2o_K,-741.104
ID_M6Xn2o_Ca,-8456.9108
ID_M6Xn2o_Mg,-2040.8738666666663
ID_M6Xn2o_S,-10.921132000000028
ID_M6Xn2o_Fe,-747.3779493333336
ID_M6Xn2o_Mn,-269.06512000000004
ID_M6Xn2o_Zn,-4.899277333333329
ID_M6Xn2o_Cu,-6.222677333333341
ID_M6Xn2o_B,-1.0460240000000003
ID_NIJ4AV_N,-4149.228
ID_NIJ4AV_P,13.076629333333344
ID_NIJ4AV_K,-628.4546666666669
ID_NIJ4AV_Ca,-6761.910666666668
ID_NIJ4AV_Mg,-937.8680000000003
ID_NIJ4AV_S,-7.241529333333325
ID_NIJ4AV_Fe,-713.4136146666667
ID_NIJ4AV_Mn,-274.7448266666667
ID_NIJ4AV_Zn,-6.021621333333333
ID_NIJ4AV_Cu,-5.067813333333337
ID_NIJ4AV_B,-1.0658160000000017
ID_lCJeng_N,-4285.404444444444
ID_lCJeng_P,7.190073333333331
ID_lCJeng_K,-707.9928
ID_lCJeng_Ca,-6507.13071111111
ID_lCJeng_Mg,-944.6301777777777
ID_lCJeng_S,-8.825397777777805
ID_lCJeng_Fe,-693.9665382222224
ID_lCJeng_Mn,-252.98216
ID_lCJeng_Zn,-5.490664888888882
ID_lCJeng_Cu,-5.5942382222222315
ID_lCJeng_B,-1.1601373333333358
ID_g73pkP_N,-4333.443555555556
ID_g73pkP_P,-85.80326133333335
ID_g73pkP_K,-990.5588444444445
ID_g73pkP_Ca,-11891.221155555555
ID_g73pkP_Mg,-1735.5732444444443
ID_g73pkP_S,-10.530185777777785
ID_g73pkP_Fe,-487.336264
ID_g73pkP_Mn,-337.42193777777777
ID_g73pkP_Zn,-6.779067555555559
ID_g73pkP_Cu,-4.796959111111115
ID_g73pkP_B,-1.604935111111113
ID_X6Zl3z_N,-4500.216888888889
ID_X6Zl3z_P,-83.19630044444442
ID_X6Zl3z_K,-890.0805333333334
ID_X6Zl3z_Ca,-12064.046577777777
ID_X6Zl3z_Mg,-1862.855911111111
ID_X6Zl3z_S,-10.421206222222224
ID_X6Zl3z_Fe,-537.6656764444444
ID_X6Zl3z_Mn,-331.5450133333334
ID_X6Zl3z_Zn,-5.977821333333335
ID_X6Zl3z_Cu,-5.173300444444448
ID_X6Zl3z_B,-1.50151466666667
ID_iH6iXb_N,-3920.252444444445
ID_iH6iXb_P,-74.34343822222225
ID_iH6iXb_K,-808.3541333333333
ID_iH6iXb_Ca,-11393.044622222224
ID_iH6iXb_Mg,-1294.7292444444447
ID_iH6iXb_S,-8.066915555555578
ID_iH6iXb_Fe,-592.0314808888892
ID_iH6iXb_Mn,-320.1733688888889
ID_iH6iXb_Zn,-6.976568888888889
ID_iH6iXb_Cu,-5.406172444444445
ID_iH6iXb_B,-1.431203555555558
ID_SnOkum_N,-5934.024444444444
ID_SnOkum_P,-55.60399777777769
ID_SnOkum_K,-973.5444444444445
ID_SnOkum_Ca,-7098.337555555556
ID_SnOkum_Mg,-924.3024444444444
ID_SnOkum_S,-9.860937777777796
ID_SnOkum_Fe,-516.4587555555555
ID_SnOkum_Mn,-211.6140000000001
ID_SnOkum_Zn,-7.654497777777777
ID_SnOkum_Cu,-4.983433333333337
ID_SnOkum_B,-1.3042422222222256
ID_JEU7o9_N,-5695.405333333334
ID_JEU7o9_P,20.240571555555576
ID_JEU7o9_K,-608.0140444444445
ID_JEU7o9_Ca,-5518.768177777778
ID_JEU7o9_Mg,-699.9262666666667
ID_JEU7o9_S,-8.275120888888932
ID_JEU7o9_Fe,-540.0650266666668
ID_JEU7o9_Mn,-267.84091555555557
ID_JEU7o9_Zn,-8.595751555555557
ID_JEU7o9_Cu,-4.01037866666666
ID_JEU7o9_B,-0.8501391111111124
ID_Jag9OQ_N,-3945.311111111112
ID_Jag9OQ_P,13.254306666666672
ID_Jag9OQ_K,-968.712
ID_Jag9OQ_Ca,-10493.479111111112
ID_Jag9OQ_Mg,-1695.7044444444448
ID_Jag9OQ_S,-7.942559999999986
ID_Jag9OQ_Fe,-554.9826755555556
ID_Jag9OQ_Mn,-344.4426666666667
ID_Jag9OQ_Zn,-4.678577777777781
ID_Jag9OQ_Cu,-6.393106666666665
ID_Jag9OQ_B,-1.3940488888888871
ID_fD6w3e_N,-6444.976000000001
ID_fD6w3e_P,20.36616577777783
ID_fD6w3e_K,-374.7825777777778
ID_fD6w3e_Ca,-3152.165955555556
ID_fD6w3e_Mg,-491.3713777777779
ID_fD6w3e_S,-13.135488888888947
ID_fD6w3e_Fe,-525.5679057777776
ID_fD6w3e_Mn,-256.45373777777786
ID_fD6w3e_Zn,-7.31141866666667
ID_fD6w3e_Cu,-4.939328888888879
ID_fD6w3e_B,-0.47026533333333315
ID_nVSwZH_N,-5660.528
ID_nVSwZH_P,7.289343999999964
ID_nVSwZH_K,-1077.5264
ID_nVSwZH_Ca,-6825.033600000002
ID_nVSwZH_Mg,-1119.3856
ID_nVSwZH_S,-7.481712000000016
ID_nVSwZH_Fe,-489.55455999999975
ID_nVSwZH_Mn,-221.03216000000006
ID_nVSwZH_Zn,-12.382304000000005
ID_nVSwZH_Cu,-3.7906240000000038
ID_nVSwZH_B,-1.4061760000000025
ID_ini6eM_N,-6751.906666666667
ID_ini6eM_P,-74.14586933333338
ID_ini6eM_K,-432.652
ID_ini6eM_Ca,-4046.972533333333
ID_ini6eM_Mg,-681.8418666666666
ID_ini6eM_S,-17.240442666666738
ID_ini6eM_Fe,-565.2867093333333
ID_ini6eM_Mn,-277.42205333333334
ID_ini6eM_Zn,-7.617898666666658
ID_ini6eM_Cu,-8.166029333333341
ID_ini6eM_B,-0.5427440000000004
ID_dOx8UC_N,-5752.797333333333
ID_dOx8UC_P,-64.34038311111127
ID_dOx8UC_K,-890.0483555555555
ID_dOx8UC_Ca,-6946.4947999999995
ID_dOx8UC_Mg,-970.6201777777777
ID_dOx8UC_S,-11.990402222222272
ID_dOx8UC_Fe,-531.7880844444443
ID_dOx8UC_Mn,-256.6087066666667
ID_dOx8UC_Zn,-8.77238577777777
ID_dOx8UC_Cu,-5.05143644444445
ID_dOx8UC_B,-0.8175715555555564
ID_wp1iZd_N,-3985.075555555555
ID_wp1iZd_P,-41.859409777777756
ID_wp1iZd_K,-797.6294222222222
ID_wp1iZd_Ca,-13348.532399999996
ID_wp1iZd_Mg,-2188.6898666666666
ID_wp1iZd_S,-11.265695555555585
ID_wp1iZd_Fe,-595.47162
ID_wp1iZd_Mn,-333.39245777777774
ID_wp1iZd_Zn,-4.0957426666666645
ID_wp1iZd_Cu,-4.995890666666666
ID_wp1iZd_B,-1.5056159999999994
ID_9KcvAJ_N,-4459.283555555557
ID_9KcvAJ_P,-2.8326186666666757
ID_9KcvAJ_K,-965.1593333333333
ID_9KcvAJ_Ca,-8345.438311111111
ID_9KcvAJ_Mg,-1001.0704000000001
ID_9KcvAJ_S,-7.750272888888929
ID_9KcvAJ_Fe,-550.9954453333335
ID_9KcvAJ_Mn,-269.4366533333334
ID_9KcvAJ_Zn,-9.077052888888895
ID_9KcvAJ_Cu,-3.190897333333333
ID_9KcvAJ_B,-1.1982528888888888
ID_e4NElr_N,-4335.3640000000005
ID_e4NElr_P,-12.430760888888905
ID_e4NElr_K,-1353.2904444444448
ID_e4NElr_Ca,-10341.125022222222
ID_e4NElr_Mg,-1158.4807111111113
ID_e4NElr_S,-7.571869333333353
ID_e4NElr_Fe,-503.0650924444444
ID_e4NElr_Mn,-325.4245111111111
ID_e4NElr_Zn,-8.865201333333335
ID_e4NElr_Cu,-3.51309022222222
ID_e4NElr_B,-1.1918733333333331
ID_gpfsqr_N,-5162.713777777779
ID_gpfsqr_P,14.911203555555574
ID_gpfsqr_K,-427.1833777777778
ID_gpfsqr_Ca,-5497.073155555557
ID_gpfsqr_Mg,-914.9829333333336
ID_gpfsqr_S,-10.841168000000053
ID_gpfsqr_Fe,-435.8302622222222
ID_gpfsqr_Mn,-259.6754533333334
ID_gpfsqr_Zn,-6.197455111111113
ID_gpfsqr_Cu,-3.6523506666666705
ID_gpfsqr_B,-0.7441853333333338
ID_SGSuQN_N,-6694.624000000001
ID_SGSuQN_P,21.60680711111114
ID_SGSuQN_K,-351.3096888888889
ID_SGSuQN_Ca,-3817.5381777777784
ID_SGSuQN_Mg,-535.9923555555556
ID_SGSuQN_S,-12.405536000000069
ID_SGSuQN_Fe,-477.4827955555556
ID_SGSuQN_Mn,-205.17690666666672
ID_SGSuQN_Zn,-8.252904444444448
ID_SGSuQN_Cu,-3.2047239999999997
ID_SGSuQN_B,-0.5725466666666672
ID_82HkDH_N,-5117.23511111111
ID_82HkDH_P,-8.787172444444451
ID_82HkDH_K,-630.9368444444445
ID_82HkDH_Ca,-7093.01311111111
ID_82HkDH_Mg,-1003.5257777777775
ID_82HkDH_S,-11.921748444444496
ID_82HkDH_Fe,-433.3198844444443
ID_82HkDH_Mn,-290.8431866666668
ID_82HkDH_Zn,-6.50806666666666
ID_82HkDH_Cu,-5.234044444444441
ID_82HkDH_B,-0.9045062222222234
ID_nYi8Vr_N,-7358.848
ID_nYi8Vr_P,31.299704444444444
ID_nYi8Vr_K,-252.13382222222225
ID_nYi8Vr_Ca,-3162.876577777778
ID_nYi8Vr_Mg,-445.7722222222223
ID_nYi8Vr_S,-11.009559111111159
ID_nYi8Vr_Fe,-411.8642355555554
ID_nYi8Vr_Mn,-140.50079555555553
ID_nYi8Vr_Zn,-9.068629777777767
ID_nYi8Vr_Cu,-3.0552120000000023
ID_nYi8Vr_B,-0.6038284444444454
ID_6Mgmqq_N,-4821.351111111111
ID_6Mgmqq_P,25.135040000000043
ID_6Mgmqq_K,-650.244888888889
ID_6Mgmqq_Ca,-6461.998666666666
ID_6Mgmqq_Mg,-900.7955555555557
ID_6Mgmqq_S,-9.967586666666676
ID_6Mgmqq_Fe,-524.6944444444445
ID_6Mgmqq_Mn,-230.86937777777794
ID_6Mgmqq_Zn,-4.9881422222222245
ID_6Mgmqq_Cu,-4.380497777777773
ID_6Mgmqq_B,-0.7860177777777775
ID_dD1tUp_N,-4839.637777777778
ID_dD1tUp_P,26.501488444444455
ID_dD1tUp_K,-677.864
ID_dD1tUp_Ca,-6789.076800000002
ID_dD1tUp_Mg,-805.8327555555557
ID_dD1tUp_S,-8.779953777777834
ID_dD1tUp_Fe,-432.3844088888888
ID_dD1tUp_Mn,-240.7147822222223
ID_dD1tUp_Zn,-5.868129777777785
ID_dD1tUp_Cu,-3.4324613333333316
ID_dD1tUp_B,-0.7148279999999991
ID_wzuRYf_N,-4309.582222222222
ID_wzuRYf_P,3.3297155555555022
ID_wzuRYf_K,-661.1666666666669
ID_wzuRYf_Ca,-7618.069333333333
ID_wzuRYf_Mg,-1139.4515555555556
ID_wzuRYf_S,-7.624488888888905
ID_wzuRYf_Fe,-634.2375777777778
ID_wzuRYf_Mn,-304.34448888888886
ID_wzuRYf_Zn,-5.446817777777783
ID_wzuRYf_Cu,-5.026711111111111
ID_wzuRYf_B,-1.0849733333333347
ID_5RelF6_N,-4645.204444444445
ID_5RelF6_P,4.841555555555544
ID_5RelF6_K,-763.0071111111112
ID_5RelF6_Ca,-5338.419555555556
ID_5RelF6_Mg,-989.1964444444444
ID_5RelF6_S,-10.108777777777803
ID_5RelF6_Fe,-427.92710222222223
ID_5RelF6_Mn,-233.59737777777772
ID_5RelF6_Zn,-6.235640000000004
ID_5RelF6_Cu,-2.9720577777777804
ID_5RelF6_B,-0.6630622222222216
ID_nACyEF_N,-4971.159111111112
ID_nACyEF_P,6.945103999999965
ID_nACyEF_K,-658.8995555555556
ID_nACyEF_Ca,-8114.356799999999
ID_nACyEF_Mg,-1824.3102222222221
ID_nACyEF_S,-7.632303999999969
ID_nACyEF_Fe,-494.07394133333327
ID_nACyEF_Mn,-360.7317155555556
ID_nACyEF_Zn,-5.67087288888889
ID_nACyEF_Cu,-5.635831111111101
ID_nACyEF_B,-1.170686222222223
ID_tf2A2W_N,-5639.0995555555555
ID_tf2A2W_P,13.737634666666626
ID_tf2A2W_K,-331.7971111111111
ID_tf2A2W_Ca,-6883.265466666668
ID_tf2A2W_Mg,-993.0634666666667
ID_tf2A2W_S,-10.16835511111115
ID_tf2A2W_Fe,-417.6128
ID_tf2A2W_Mn,-204.69379555555557
ID_tf2A2W_Zn,-7.113112000000001
ID_tf2A2W_Cu,-3.8088857777777765
ID_tf2A2W_B,-0.5357493333333326
ID_zSfl5m_N,-5137.078666666667
ID_zSfl5m_P,2.916922666666629
ID_zSfl5m_K,-852.5464000000001
ID_zSfl5m_Ca,-10507.257866666667
ID_zSfl5m_Mg,-1537.3864000000003
ID_zSfl5m_S,-9.524676000000042
ID_zSfl5m_Fe,-362.0293999999999
ID_zSfl5m_Mn,-180.26804
ID_zSfl5m_Zn,-7.3995506666666655
ID_zSfl5m_Cu,-3.8221960000000035
ID_zSfl5m_B,-1.319734666666669
ID_OpJ8d3_N,-4227.418666666667
ID_OpJ8d3_P,-66.1944426666667
ID_OpJ8d3_K,-894.5393777777778
ID_OpJ8d3_Ca,-11315.699022222221
ID_OpJ8d3_Mg,-1527.4997333333333
ID_OpJ8d3_S,-9.994631111111119
ID_OpJ8d3_Fe,-499.48866666666675
ID_OpJ8d3_Mn,-349.98032
ID_OpJ8d3_Zn,-5.635402666666673
ID_OpJ8d3_Cu,-5.567107555555553
ID_OpJ8d3_B,-1.5304924444444485
ID_YaCRrH_N,-4227.573333333333
ID_YaCRrH_P,-82.00828444444448
ID_YaCRrH_K,-864.6629333333333
ID_YaCRrH_Ca,-11821.453866666667
ID_YaCRrH_Mg,-1223.4096
ID_YaCRrH_S,-10.303912888888899
ID_YaCRrH_Fe,-574.2062773333334
ID_YaCRrH_Mn,-332.78138666666666
ID_YaCRrH_Zn,-7.00518222222222
ID_YaCRrH_Cu,-4.216403555555549
ID_YaCRrH_B,-1.5280177777777812
ID_fSYKu6_N,-4060.941777777779
ID_fSYKu6_P,-70.48642088888894
ID_fSYKu6_K,-1099.325822222222
ID_fSYKu6_Ca,-10804.66586666667
ID_fSYKu6_Mg,-1119.3070666666667
ID_fSYKu6_S,-8.809795555555592
ID_fSYKu6_Fe,-566.8339226666668
ID_fSYKu6_Mn,-370.7396711111112
ID_fSYKu6_Zn,-9.086487999999992
ID_fSYKu6_Cu,-3.899417333333334
ID_fSYKu6_B,-1.442366666666669
ID_9WjuWr_N,-4158.989333333333
ID_9WjuWr_P,-75.72170400000007
ID_9WjuWr_K,-949.7914666666666
ID_9WjuWr_Ca,-12724.652533333332
ID_9WjuWr_Mg,-1297.5381333333332
ID_9WjuWr_S,-9.456066666666676
ID_9WjuWr_Fe,-502.37000800000004
ID_9WjuWr_Mn,-378.92816
ID_9WjuWr_Zn,-6.397287999999998
ID_9WjuWr_Cu,-5.764429333333331
ID_9WjuWr_B,-1.7448106666666678
ID_gGBSZJ_N,-3459.4044444444444
ID_gGBSZJ_P,-35.08541333333339
ID_gGBSZJ_K,-1806.9853333333338
ID_gGBSZJ_Ca,-9124.668444444445
ID_gGBSZJ_Mg,-1205.1191111111114
ID_gGBSZJ_S,-8.145106666666678
ID_gGBSZJ_Fe,-504.7945155555558
ID_gGBSZJ_Mn,-423.4192444444444
ID_gGBSZJ_Zn,-8.845084444444435
ID_gGBSZJ_Cu,-4.3913999999999955
ID_gGBSZJ_B,-1.8033466666666662
ID_EWaqPH_N,-3904.6544000000004
ID_EWaqPH_P,-15.88044800000003
ID_EWaqPH_K,-868.04
ID_EWaqPH_Ca,-8536.862400000002
ID_EWaqPH_Mg,-1425.7600000000002
ID_EWaqPH_S,-7.29235199999999
ID_EWaqPH_Fe,-461.519968
ID_EWaqPH_Mn,-343.81952
ID_EWaqPH_Zn,-5.293808000000001
ID_EWaqPH_Cu,-5.224624
ID_EWaqPH_B,-1.2893440000000005
ID_hi1vbV_N,-3939.566222222223
ID_hi1vbV_P,-8.635128888888914
ID_hi1vbV_K,-730.6759111111113
ID_hi1vbV_Ca,-7511.970844444445
ID_hi1vbV_Mg,-1205.9605333333336
ID_hi1vbV_S,-8.058951111111128
ID_hi1vbV_Fe,-533.8697813333334
ID_hi1vbV_Mn,-351.59459555555566
ID_hi1vbV_Zn,-5.4235022222222184
ID_hi1vbV_Cu,-5.167836444444443
ID_hi1vbV_B,-1.1974968888888913
ID_PRSerd_N,-3891.9133333333334
ID_PRSerd_P,-5.763433333333346
ID_PRSerd_K,-676.7793333333334
ID_PRSerd_Ca,-7070.772666666668
ID_PRSerd_Mg,-991.1379999999999
ID_PRSerd_S,-8.050660000000054
ID_PRSerd_Fe,-605.5315066666666
ID_PRSerd_Mn,-333.1892
ID_PRSerd_Zn,-6.541106666666664
ID_PRSerd_Cu,-3.854913333333328
ID_PRSerd_B,-1.2853733333333366
ID_nqiDMc_N,-4407.996888888889
ID_nqiDMc_P,-2.0220884444444422
ID_nqiDMc_K,-649.0720888888889
ID_nqiDMc_Ca,-6161.601822222222
ID_nqiDMc_Mg,-910.7703555555556
ID_nqiDMc_S,-9.614037333333386
ID_nqiDMc_Fe,-678.5281266666668
ID_nqiDMc_Mn,-321.7193066666667
ID_nqiDMc_Zn,-6.459250666666662
ID_nqiDMc_Cu,-5.426194666666669
ID_nqiDMc_B,-1.1659631111111142
ID_D9JYuV_N,-4406.057333333333
ID_D9JYuV_P,-15.512185333333356
ID_D9JYuV_K,-678.4194666666667
ID_D9JYuV_Ca,-7209.260400000001
ID_D9JYuV_Mg,-1064.3241333333335
ID_D9JYuV_S,-11.490165333333366
ID_D9JYuV_Fe,-646.1050400000004
ID_D9JYuV_Mn,-318.68602666666663
ID_D9JYuV_Zn,-6.199270666666669
ID_D9JYuV_Cu,-4.078877333333331
ID_D9JYuV_B,-0.8055826666666664
ID_w1Ggmc_N,-3992.732
ID_w1Ggmc_P,-18.75225955555561
ID_w1Ggmc_K,-696.8978222222223
ID_w1Ggmc_Ca,-7301.042533333333
ID_w1Ggmc_Mg,-1272.3091555555557
ID_w1Ggmc_S,-7.18109333333334
ID_w1Ggmc_Fe,-513.4626297777778
ID_w1Ggmc_Mn,-341.56255111111113
ID_w1Ggmc_Zn,-4.990946222222223
ID_w1Ggmc_Cu,-5.3465982222222275
ID_w1Ggmc_B,-1.3790013333333366
ID_xzH65O_N,-4171.480888888889
ID_xzH65O_P,-8.13083022222223
ID_xzH65O_K,-675.2981333333335
ID_xzH65O_Ca,-6643.796622222224
ID_xzH65O_Mg,-1032.1265777777778
ID_xzH65O_S,-10.178339555555588
ID_xzH65O_Fe,-622.7577102222228
ID_xzH65O_Mn,-328.1985422222223
ID_xzH65O_Zn,-4.98879288888889
ID_xzH65O_Cu,-4.654279111111114
ID_xzH65O_B,-1.0825600000000026
ID_pX7SKG_N,-3902.804
ID_pX7SKG_P,-13.355016000000028
ID_pX7SKG_K,-1063.8784000000003
ID_pX7SKG_Ca,-15721.977999999997
ID_pX7SKG_Mg,-2626.4552000000003
ID_pX7SKG_S,-19.506800000000013
ID_pX7SKG_Fe,-450.51631999999967
ID_pX7SKG_Mn,-398.88408
ID_pX7SKG_Zn,-3.2466040000000023
ID_pX7SKG_Cu,-5.854880000000001
ID_pX7SKG_B,-1.4916480000000008
ID_D9S6S4_N,-4778.133333333333
ID_D9S6S4_P,-1.8226133333333507
ID_D9S6S4_K,-750.0213333333334
ID_D9S6S4_Ca,-9856.784
ID_D9S6S4_Mg,-2434.0906666666665
ID_D9S6S4_S,-8.800746666666655
ID_D9S6S4_Fe,-545.9696000000001
ID_D9S6S4_Mn,-393.25600000000003
ID_D9S6S4_Zn,-4.738559999999996
ID_D9S6S4_Cu,-5.880906666666673
ID_D9S6S4_B,-1.4690666666666683
ID_g12aDa_N,-5023.035555555555
ID_g12aDa_P,-9.398208888888917
ID_g12aDa_K,-733.5443555555555
ID_g12aDa_Ca,-9108.445511111111
ID_g12aDa_Mg,-1920.3822222222223
ID_g12aDa_S,-13.314671111111114
ID_g12aDa_Fe,-523.5707600000001
ID_g12aDa_Mn,-355.0883733333333
ID_g12aDa_Zn,-5.42075644444444
ID_g12aDa_Cu,-5.33351822222222
ID_g12aDa_B,-1.0124702222222222
ID_CKlRaK_N,-4948.711555555556
ID_CKlRaK_P,10.108912888888852
ID_CKlRaK_K,-813.7953333333334
ID_CKlRaK_Ca,-10010.478400000002
ID_CKlRaK_Mg,-2383.1159555555555
ID_CKlRaK_S,-9.32719111111112
ID_CKlRaK_Fe,-418.2615586666667
ID_CKlRaK_Mn,-419.67381777777786
ID_CKlRaK_Zn,-4.787888444444445
ID_CKlRaK_Cu,-5.732388000000003
ID_CKlRaK_B,-1.4008786666666684
ID_PVVS5U_N,-5224.29688888889
ID_PVVS5U_P,5.6998897777777415
ID_PVVS5U_K,-801.2354666666666
ID_PVVS5U_Ca,-6152.058133333335
ID_PVVS5U_Mg,-1127.3536888888889
ID_PVVS5U_S,-13.299221333333335
ID_PVVS5U_Fe,-478.431616
ID_PVVS5U_Mn,-391.1560177777778
ID_PVVS5U_Zn,-5.51716266666667
ID_PVVS5U_Cu,-5.315538666666667
ID_PVVS5U_B,-0.8284933333333333
ID_PP1hKY_N,-4621.671111111111
ID_PP1hKY_P,-5.860963555555593
ID_PP1hKY_K,-793.400888888889
ID_PP1hKY_Ca,-6634.214400000001
ID_PP1hKY_Mg,-1083.646577777778
ID_PP1hKY_S,-7.348174222222255
ID_PP1hKY_Fe,-403.12322133333345
ID_PP1hKY_Mn,-393.7006222222223
ID_PP1hKY_Zn,-7.711736888888883
ID_PP1hKY_Cu,-5.238919111111115
ID_PP1hKY_B,-1.4117902222222234
ID_dKSvsB_N,-5401.843111111112
ID_dKSvsB_P,3.12000666666664
ID_dKSvsB_K,-445.5896444444445
ID_dKSvsB_Ca,-7563.003333333333
ID_dKSvsB_Mg,-1244.5005777777778
ID_dKSvsB_S,-14.622204888888916
ID_dKSvsB_Fe,-459.642268
ID_dKSvsB_Mn,-317.87947555555564
ID_dKSvsB_Zn,-6.407137333333336
ID_dKSvsB_Cu,-5.501735111111112
ID_dKSvsB_B,-0.7928671111111111
ID_qwO7TL_N,-4463.432000000001
ID_qwO7TL_P,13.448405333333344
ID_qwO7TL_K,-916.314666666667
ID_qwO7TL_Ca,-11920.593733333335
ID_qwO7TL_Mg,-2265.8424000000005
ID_qwO7TL_S,-9.424184000000025
ID_qwO7TL_Fe,-350.2737599999995
ID_qwO7TL_Mn,-171.32736000000003
ID_qwO7TL_Zn,-5.085077333333331
ID_qwO7TL_Cu,-3.1238333333333346
ID_qwO7TL_B,-1.0369560000000013
ID_LLuoRd_N,-4873.745777777779
ID_LLuoRd_P,18.33432177777776
ID_LLuoRd_K,-957.9811555555558
ID_LLuoRd_Ca,-7804.440177777779
ID_LLuoRd_Mg,-1934.045155555556
ID_LLuoRd_S,-9.883356444444484
ID_LLuoRd_Fe,-352.01941333333303
ID_LLuoRd_Mn,-153.8538666666667
ID_LLuoRd_Zn,-7.5158115555555565
ID_LLuoRd_Cu,-3.894819555555559
ID_LLuoRd_B,-1.054584888888889
ID_uW6RLY_N,-4234.403111111111
ID_uW6RLY_P,-81.77539733333336
ID_uW6RLY_K,-760.5954666666667
ID_uW6RLY_Ca,-7184.0780888888885
ID_uW6RLY_Mg,-1277.9087111111112
ID_uW6RLY_S,-10.769936000000005
ID_uW6RLY_Fe,-552.9672404444449
ID_uW6RLY_Mn,-390.64669333333336
ID_uW6RLY_Zn,-5.626212888888887
ID_uW6RLY_Cu,-4.722104444444449
ID_uW6RLY_B,-1.3978213333333371
ID_jPnEVX_N,-4131.322666666666
ID_jPnEVX_P,-56.034004888888944
ID_jPnEVX_K,-827.4152888888889
ID_jPnEVX_Ca,-10795.474222222221
ID_jPnEVX_Mg,-1535.6838666666667
ID_jPnEVX_S,-10.797914222222236
ID_jPnEVX_Fe,-516.5023084444448
ID_jPnEVX_Mn,-378.0300488888889
ID_jPnEVX_Zn,-6.013306666666662
ID_jPnEVX_Cu,-4.864111111111114
ID_jPnEVX_B,-1.3620155555555584
ID_8AJhOn_N,-4317.277777777777
ID_8AJhOn_P,-55.25235333333336
ID_8AJhOn_K,-741.8986666666667
ID_8AJhOn_Ca,-7667.904444444444
ID_8AJhOn_Mg,-1210.8159999999998
ID_8AJhOn_S,-8.796804444444462
ID_8AJhOn_Fe,-566.3196888888889
ID_8AJhOn_Mn,-362.7945333333333
ID_8AJhOn_Zn,-6.148151111111114
ID_8AJhOn_Cu,-6.029422222222225
ID_8AJhOn_B,-1.490900000000004
ID_DJwb1t_N,-4051.7119999999995
ID_DJwb1t_P,-56.282755555555624
ID_DJwb1t_K,-952.4736888888889
ID_DJwb1t_Ca,-12105.624533333334
ID_DJwb1t_Mg,-1229.0438222222224
ID_DJwb1t_S,-10.6093768888889
ID_DJwb1t_Fe,-476.43940977777777
ID_DJwb1t_Mn,-387.33646222222217
ID_DJwb1t_Zn,-5.197290666666658
ID_DJwb1t_Cu,-4.064572444444439
ID_DJwb1t_B,-1.633150222222225
ID_lmjCtn_N,-4205.531555555555
ID_lmjCtn_P,-76.94665333333337
ID_lmjCtn_K,-849.0899555555557
ID_lmjCtn_Ca,-9244.47591111111
ID_lmjCtn_Mg,-1184.5604444444443
ID_lmjCtn_S,-11.105816000000022
ID_lmjCtn_Fe,-611.5141671111113
ID_lmjCtn_Mn,-371.94034666666664
ID_lmjCtn_Zn,-7.276975111111113
ID_lmjCtn_Cu,-4.153937777777776
ID_lmjCtn_B,-1.3421884444444472
ID_O0ALWo_N,-3735.3208888888885
ID_O0ALWo_P,-61.26439111111114
ID_O0ALWo_K,-932.0202666666664
ID_O0ALWo_Ca,-11754.19448888889
ID_O0ALWo_Mg,-2111.2272000000003
ID_O0ALWo_S,-11.429112888888902
ID_O0ALWo_Fe,-509.8073564444448
ID_O0ALWo_Mn,-374.8486577777777
ID_O0ALWo_Zn,-4.151891555555552
ID_O0ALWo_Cu,-5.646864000000001
ID_O0ALWo_B,-1.626231111111112
ID_KdPMJj_N,-4089.895111111112
ID_KdPMJj_P,-15.287630222222234
ID_KdPMJj_K,-777.2728888888892
ID_KdPMJj_Ca,-8119.473777777777
ID_KdPMJj_Mg,-1208.6435555555554
ID_KdPMJj_S,-8.490624000000022
ID_KdPMJj_Fe,-562.7698133333334
ID_KdPMJj_Mn,-348.77816888888896
ID_KdPMJj_Zn,-6.341653333333335
ID_KdPMJj_Cu,-5.601002666666672
ID_KdPMJj_B,-1.4638080000000036
ID_441oec_N,-4349.222222222222
ID_441oec_P,-10.804853333333334
ID_441oec_K,-694.3704444444443
ID_441oec_Ca,-6591.765111111111
ID_441oec_Mg,-1192.6766666666665
ID_441oec_S,-10.360497777777798
ID_441oec_Fe,-601.995653333334
ID_441oec_Mn,-339.56095555555555
ID_441oec_Zn,-5.193548888888889
ID_441oec_Cu,-5.524751111111115
ID_441oec_B,-1.3231533333333363
ID_pfURU3_N,-4409.335999999999
ID_pfURU3_P,-25.166243999999978
ID_pfURU3_K,-847.0176
ID_pfURU3_Ca,-9764.873599999999
ID_pfURU3_Mg,-1553.4144000000001
ID_pfURU3_S,-9.756955999999988
ID_pfURU3_Fe,-546.307808
ID_pfURU3_Mn,-367.38144
ID_pfURU3_Zn,-4.874307999999998
ID_pfURU3_Cu,-5.591655999999997
ID_pfURU3_B,-1.5698560000000024
ID_la7irk_N,-3871.427555555556
ID_la7irk_P,-5.417815111111111
ID_la7irk_K,-638.4165333333332
ID_la7irk_Ca,-9147.478577777778
ID_la7irk_Mg,-1905.5308444444445
ID_la7irk_S,-12.783168000000018
ID_la7irk_Fe,-572.2137582222226
ID_la7irk_Mn,-336.8321066666667
ID_la7irk_Zn,-4.226337777777773
ID_la7irk_Cu,-5.4595111111111105
ID_la7irk_B,-0.9947786666666677
ID_vN23Ha_N,-4765.297777777778
ID_vN23Ha_P,-4.932986666666686
ID_vN23Ha_K,-439.46364444444447
ID_vN23Ha_Ca,-4371.495644444444
ID_vN23Ha_Mg,-1305.0787555555557
ID_vN23Ha_S,-14.128304000000032
ID_vN23Ha_Fe,-491.94897599999985
ID_vN23Ha_Mn,-355.925191111111
ID_vN23Ha_Zn,-4.996783999999996
ID_vN23Ha_Cu,-5.359338666666672
ID_vN23Ha_B,-0.5650115555555542
ID_PfG4FS_N,-3823.0364444444444
ID_PfG4FS_P,-9.382044444444468
ID_PfG4FS_K,-784.3164444444445
ID_PfG4FS_Ca,-12176.317866666668
ID_PfG4FS_Mg,-2195.7120000000004
ID_PfG4FS_S,-7.526428444444434
ID_PfG4FS_Fe,-489.2807893333335
ID_PfG4FS_Mn,-366.9052444444445
ID_PfG4FS_Zn,-4.137294222222221
ID_PfG4FS_Cu,-5.307313777777778
ID_PfG4FS_B,-1.3189048888888908
ID_o4sKCK_N,-5141.932000000001
ID_o4sKCK_P,-0.23401066666668413
ID_o4sKCK_K,-713.3825333333334
ID_o4sKCK_Ca,-5904.321866666668
ID_o4sKCK_Mg,-887.7898666666669
ID_o4sKCK_S,-14.09229066666667
ID_o4sKCK_Fe,-471.6535506666667
ID_o4sKCK_Mn,-365.27900000000005
ID_o4sKCK_Zn,-6.452575999999999
ID_o4sKCK_Cu,-5.693175999999999
ID_o4sKCK_B,-0.8336439999999994
ID_BmtqPJ_N,-3988.02
ID_BmtqPJ_P,13.969213333333329
ID_BmtqPJ_K,-686.3153333333333
ID_BmtqPJ_Ca,-8325.68911111111
ID_BmtqPJ_Mg,-1843.7811111111112
ID_BmtqPJ_S,-8.927291111111124
ID_BmtqPJ_Fe,-359.0923977777777
ID_BmtqPJ_Mn,-380.74475555555557
ID_BmtqPJ_Zn,-4.3022733333333285
ID_BmtqPJ_Cu,-5.53129333333333
ID_BmtqPJ_B,-0.8828822222222207
ID_5OzRwg_N,-4132.106666666667
ID_5OzRwg_P,-63.83349333333338
ID_5OzRwg_K,-816.3359999999999
ID_5OzRwg_Ca,-8541.013333333334
ID_5OzRwg_Mg,-975.056
ID_5OzRwg_S,-14.100746666666698
ID_5OzRwg_Fe,-565.6208533333338
ID_5OzRwg_Mn,-379.38506666666666
ID_5OzRwg_Zn,-7.198026666666664
ID_5OzRwg_Cu,-5.118186666666664
ID_5OzRwg_B,-1.181333333333336
ID_LdwtzJ_N,-3894.8506666666663
ID_LdwtzJ_P,-102.47608444444447
ID_LdwtzJ_K,-1248.3967111111112
ID_LdwtzJ_Ca,-10427.947733333334
ID_LdwtzJ_Mg,-1422.883733333333
ID_LdwtzJ_S,-9.749025777777781
ID_LdwtzJ_Fe,-429.32416000000006
ID_LdwtzJ_Mn,-422.80254222222226
ID_LdwtzJ_Zn,-5.605727999999997
ID_LdwtzJ_Cu,-5.354181333333329
ID_LdwtzJ_B,-1.9014035555555573
ID_MtUgj2_N,-4217.593777777777
ID_MtUgj2_P,-54.38704622222218
ID_MtUgj2_K,-766.3745777777777
ID_MtUgj2_Ca,-7286.105955555555
ID_MtUgj2_Mg,-1394.7787555555556
ID_MtUgj2_S,-11.001399111111112
ID_MtUgj2_Fe,-536.6820808888893
ID_MtUgj2_Mn,-376.73219555555545
ID_MtUgj2_Zn,-5.541221333333339
ID_MtUgj2_Cu,-5.029707555555557
ID_MtUgj2_B,-1.5415822222222264
ID_3bNO91_N,-4214.184888888889
ID_3bNO91_P,-52.966326222222165
ID_3bNO91_K,-859.6103111111111
ID_3bNO91_Ca,-9909.702222222222
ID_3bNO91_Mg,-1752.4393777777777
ID_3bNO91_S,-9.845156444444424
ID_3bNO91_Fe,-548.1202666666669
ID_3bNO91_Mn,-364.2336355555555
ID_3bNO91_Zn,-5.535137777777773
ID_3bNO91_Cu,-5.976906666666673
ID_3bNO91_B,-1.4176560000000018
ID_JBMynH_N,-3991.138666666666
ID_JBMynH_P,-56.729791999999975
ID_JBMynH_K,-1154.2641777777776
ID_JBMynH_Ca,-10732.990844444445
ID_JBMynH_Mg,-1721.3345777777777
ID_JBMynH_S,-7.641860444444404
ID_JBMynH_Fe,-523.265480888889
ID_JBMynH_Mn,-399.8397422222222
ID_JBMynH_Zn,-4.705781333333339
ID_JBMynH_Cu,-6.0959031111111095
ID_JBMynH_B,-1.6958213333333334
ID_xbIfzR_N,-3090.0151111111113
ID_xbIfzR_P,-32.40000399999998
ID_xbIfzR_K,-1966.3608000000002
ID_xbIfzR_Ca,-12527.198177777776
ID_xbIfzR_Mg,-1565.5275111111112
ID_xbIfzR_S,-7.019707999999973
ID_xbIfzR_Fe,-418.1679404444446
ID_xbIfzR_Mn,-505.86008888888887
ID_xbIfzR_Zn,-4.634074666666662
ID_xbIfzR_Cu,-5.652043999999996
ID_xbIfzR_B,-1.777619555555556
ID_LKzZym_N,-3537.0359999999996
ID_LKzZym_P,-54.70000799999997
ID_LKzZym_K,-1642.3680000000002
ID_LKzZym_Ca,-11987.899599999999
ID_LKzZym_Mg,-1805.682
ID_LKzZym_S,-6.664359999999959
ID_LKzZym_Fe,-501.05798
ID_LKzZym_Mn,-435.85348
ID_LKzZym_Zn,-5.3125640000000045
ID_LKzZym_Cu,-5.680211999999989
ID_LKzZym_B,-1.6278359999999985
ID_B9DlgP_N,-4268.517333333332
ID_B9DlgP_P,-67.04147111111111
ID_B9DlgP_K,-685.0489777777777
ID_B9DlgP_Ca,-7175.631733333333
ID_B9DlgP_Mg,-1645.0541333333335
ID_B9DlgP_S,-10.631875555555585
ID_B9DlgP_Fe,-540.4765937777779
ID_B9DlgP_Mn,-332.2341333333334
ID_B9DlgP_Zn,-4.008794666666664
ID_B9DlgP_Cu,-5.783229333333338
ID_B9DlgP_B,-1.1066604444444466
ID_VLIKUo_N,-4729.293333333334
ID_VLIKUo_P,14.06525333333332
ID_VLIKUo_K,-343.6458666666667
ID_VLIKUo_Ca,-5727.514933333333
ID_VLIKUo_Mg,-769.3584000000001
ID_VLIKUo_S,-13.095605333333381
ID_VLIKUo_Fe,-393.68053333333336
ID_VLIKUo_Mn,-328.82085333333333
ID_VLIKUo_Zn,-5.015253333333338
ID_VLIKUo_Cu,-7.261021333333331
ID_VLIKUo_B,-0.6139813333333326
ID_ChSZJp_N,-4669.658666666667
ID_ChSZJp_P,11.778820444444403
ID_ChSZJp_K,-598.517511111111
ID_ChSZJp_Ca,-8470.524844444446
ID_ChSZJp_Mg,-1695.4810222222222
ID_ChSZJp_S,-13.333205333333396
ID_ChSZJp_Fe,-465.77169777777783
ID_ChSZJp_Mn,-327.20346666666677
ID_ChSZJp_Zn,-4.344490666666662
ID_ChSZJp_Cu,-6.241717333333333
ID_ChSZJp_B,-0.8298124444444429
ID_ourSbJ_N,-3257.168888888889
ID_ourSbJ_P,-53.44223999999997
ID_ourSbJ_K,-1569.0438222222222
ID_ourSbJ_Ca,-12545.62808888889
ID_ourSbJ_Mg,-1715.8383111111111
ID_ourSbJ_S,-10.454127111111099
ID_ourSbJ_Fe,-478.5789377777775
ID_ourSbJ_Mn,-436.28951111111115
ID_ourSbJ_Zn,-6.332339555555555
ID_ourSbJ_Cu,-6.42850400000001
ID_ourSbJ_B,-1.9989884444444441
ID_AoRm5b_N,-4036.34
ID_AoRm5b_P,-58.36798399999998
ID_AoRm5b_K,-822.2084
ID_AoRm5b_Ca,-12409.0684
ID_AoRm5b_Mg,-2103.0647999999997
ID_AoRm5b_S,-7.529899999999959
ID_AoRm5b_Fe,-523.4882840000002
ID_AoRm5b_Mn,-370.22168
ID_AoRm5b_Zn,-3.913139999999998
ID_AoRm5b_Cu,-6.019356000000005
ID_AoRm5b_B,-1.297324000000002
ID_dAORkL_N,-3132.251555555556
ID_dAORkL_P,-49.17489777777779
ID_dAORkL_K,-1251.9015111111112
ID_dAORkL_Ca,-15029.007644444442
ID_dAORkL_Mg,-1950.6130666666668
ID_dAORkL_S,-7.85856133333332
ID_dAORkL_Fe,-450.713132
ID_dAORkL_Mn,-404.1132622222222
ID_dAORkL_Zn,-4.489895111111107
ID_dAORkL_Cu,-5.911628444444446
ID_dAORkL_B,-1.7646586666666693
ID_UmE87T_N,-3192.776888888889
ID_UmE87T_P,-61.144775111111045
ID_UmE87T_K,-1715.157511111111
ID_UmE87T_Ca,-16535.785066666667
ID_UmE87T_Mg,-2318.3254222222217
ID_UmE87T_S,-10.562019555555558
ID_UmE87T_Fe,-425.6004471111111
ID_UmE87T_Mn,-424.84158222222226
ID_UmE87T_Zn,-3.7033057777777763
ID_UmE87T_Cu,-5.961330666666672
ID_UmE87T_B,-1.7876515555555554
ID_j9Vq3x_N,-3037.2631111111114
ID_j9Vq3x_P,-15.449980444444478
ID_j9Vq3x_K,-1990.188088888889
ID_j9Vq3x_Ca,-19965.534888888888
ID_j9Vq3x_Mg,-1933.0804
ID_j9Vq3x_S,-7.694552888888879
ID_j9Vq3x_Fe,-346.5211217777783
ID_j9Vq3x_Mn,-510.962568888889
ID_j9Vq3x_Zn,-3.9693097777777724
ID_j9Vq3x_Cu,-5.920566666666671
ID_j9Vq3x_B,-1.9954128888888878
ID_ITjY69_N,-4569.28
ID_ITjY69_P,-2.9450666666666905
ID_ITjY69_K,-747.4506666666666
ID_ITjY69_Ca,-7142.586666666666
ID_ITjY69_Mg,-1215.4613333333334
ID_ITjY69_S,-9.202986666666675
ID_ITjY69_Fe,-534.7480000000002
ID_ITjY69_Mn,-312.2234666666667
ID_ITjY69_Zn,-6.591626666666663
ID_ITjY69_Cu,-5.758933333333338
ID_ITjY69_B,-1.1471466666666688
ID_qmGbGu_N,-4471.504
ID_qmGbGu_P,17.310507999999995
ID_qmGbGu_K,-680.8601777777777
ID_qmGbGu_Ca,-8184.545466666668
ID_qmGbGu_Mg,-1728.6172444444446
ID_qmGbGu_S,-9.50816577777779
ID_qmGbGu_Fe,-462.5266057777776
ID_qmGbGu_Mn,-369.80159555555554
ID_qmGbGu_Zn,-4.429231555555553
ID_qmGbGu_Cu,-5.417276000000007
ID_qmGbGu_B,-1.0193484444444458
ID_sapIkq_N,-3550.804
ID_sapIkq_P,2.895054666666603
ID_sapIkq_K,-1503.2830666666666
ID_sapIkq_Ca,-19169.95386666667
ID_sapIkq_Mg,-2522.0826666666667
ID_sapIkq_S,-7.285470666666654
ID_sapIkq_Fe,-396.4345133333336
ID_sapIkq_Mn,-496.16248
ID_sapIkq_Zn,-4.6490133333333326
ID_sapIkq_Cu,-5.258466666666665
ID_sapIkq_B,-1.7034999999999991
ID_jPvKGG_N,-4591.561777777778
ID_jPvKGG_P,6.307820888888848
ID_jPvKGG_K,-665.4589333333333
ID_jPvKGG_Ca,-8772.114577777777
ID_jPvKGG_Mg,-1638.0556000000001
ID_jPvKGG_S,-8.00680888888888
ID_jPvKGG_Fe,-437.5111662222222
ID_jPvKGG_Mn,-373.4345333333333
ID_jPvKGG_Zn,-5.869607555555556
ID_jPvKGG_Cu,-5.190382666666664
ID_jPvKGG_B,-1.135069333333334
ID_KQAZep_N,-4486.921777777778
ID_KQAZep_P,17.35982444444447
ID_KQAZep_K,-926.7716888888889
ID_KQAZep_Ca,-12841.561111111112
ID_KQAZep_Mg,-2599.7382222222222
ID_KQAZep_S,-8.096647999999966
ID_KQAZep_Fe,-382.79995422222225
ID_KQAZep_Mn,-392.4219288888889
ID_KQAZep_Zn,-4.583747999999998
ID_KQAZep_Cu,-6.396758666666666
ID_KQAZep_B,-1.297517777777778
ID_kSP0JS_N,-4761.493777777778
ID_kSP0JS_P,10.74260711111106
ID_kSP0JS_K,-921.0762222222222
ID_kSP0JS_Ca,-12295.694
ID_kSP0JS_Mg,-2511.8805333333335
ID_kSP0JS_S,-9.09563244444443
ID_kSP0JS_Fe,-375.6001733333334
ID_kSP0JS_Mn,-477.05180000000007
ID_kSP0JS_Zn,-6.159597333333332
ID_kSP0JS_Cu,-6.458605333333328
ID_kSP0JS_B,-1.3779880000000015
ID_xjXlHV_N,-4741.8133333333335
ID_xjXlHV_P,-19.8821333333333
ID_xjXlHV_K,-642.5226666666667
ID_xjXlHV_Ca,-6534.330666666668
ID_xjXlHV_Mg,-1444.8640000000003
ID_xjXlHV_S,-13.398613333333383
ID_xjXlHV_Fe,-520.2052799999999
ID_xjXlHV_Mn,-334.2341333333335
ID_xjXlHV_Zn,-5.067039999999998
ID_xjXlHV_Cu,-6.024533333333331
ID_xjXlHV_B,-0.7740266666666656
ID_c8CSlv_N,-4450.0
ID_c8CSlv_P,-62.91528000000004
ID_c8CSlv_K,-922.5839999999998
ID_c8CSlv_Ca,-8758.8504
ID_c8CSlv_Mg,-1355.128
ID_c8CSlv_S,-8.20938399999999
ID_c8CSlv_Fe,-468.28898399999997
ID_c8CSlv_Mn,-361.7722
ID_c8CSlv_Zn,-7.073128000000001
ID_c8CSlv_Cu,-5.950715999999999
ID_c8CSlv_B,-1.5226920000000015
ID_G8vBmt_N,-3806.722222222222
ID_G8vBmt_P,-29.848333333333414
ID_G8vBmt_K,-2340.133333333333
ID_G8vBmt_Ca,-19362.53888888889
ID_G8vBmt_Mg,-1455.5333333333333
ID_G8vBmt_S,-13.726111111111113
ID_G8vBmt_Fe,-194.26461111111115
ID_G8vBmt_Mn,-565.4422222222224
ID_G8vBmt_Zn,-7.044055555555556
ID_G8vBmt_Cu,-6.030222222222224
ID_G8vBmt_B,-2.3540555555555533
ID_2Ut6du_N,-4168.3853333333345
ID_2Ut6du_P,-5.990086666666713
ID_2Ut6du_K,-771.8574666666668
ID_2Ut6du_Ca,-10165.870311111112
ID_2Ut6du_Mg,-1675.0209333333332
ID_2Ut6du_S,-11.914269333333351
ID_2Ut6du_Fe,-495.12692844444456
ID_2Ut6du_Mn,-346.19541777777783
ID_2Ut6du_Zn,-4.274051555555548
ID_2Ut6du_Cu,-6.073969333333341
ID_2Ut6du_B,-1.2996151111111143
ID_VUWXMy_N,-3924.216
ID_VUWXMy_P,-20.358592000000023
ID_VUWXMy_K,-1241.1239999999998
ID_VUWXMy_Ca,-10343.139200000001
ID_VUWXMy_Mg,-1657.7424000000003
ID_VUWXMy_S,-9.06098399999998
ID_VUWXMy_Fe,-428.73842399999995
ID_VUWXMy_Mn,-425.96272000000005
ID_VUWXMy_Zn,-6.002704000000006
ID_VUWXMy_Cu,-5.8395999999999955
ID_VUWXMy_B,-1.7322159999999973
ID_bRMzEI_N,-4122.0
ID_bRMzEI_P,-14.96472222222225
ID_bRMzEI_K,-902.7444444444444
ID_bRMzEI_Ca,-8931.988888888889
ID_bRMzEI_Mg,-1284.1111111111113
ID_bRMzEI_S,-10.249944444444441
ID_bRMzEI_Fe,-579.7493888888889
ID_bRMzEI_Mn,-401.36055555555555
ID_bRMzEI_Zn,-6.144166666666666
ID_bRMzEI_Cu,-6.035388888888891
ID_bRMzEI_B,-1.4840000000000022
ID_gEzfUC_N,-4667.833333333335
ID_gEzfUC_P,-13.280666666666654
ID_gEzfUC_K,-780.6833333333333
ID_gEzfUC_Ca,-8121.122222222222
ID_gEzfUC_Mg,-1882.3833333333332
ID_gEzfUC_S,-12.349111111111128
ID_gEzfUC_Fe,-463.5068333333333
ID_gEzfUC_Mn,-399.5427777777778
ID_gEzfUC_Zn,-5.516055555555555
ID_gEzfUC_Cu,-6.33694444444445
ID_gEzfUC_B,-1.049055555555556
ID_gpzc7p_N,-4347.633333333334
ID_gpzc7p_P,-9.606348000000025
ID_gpzc7p_K,-906.8197333333334
ID_gpzc7p_Ca,-15262.282266666669
ID_gpzc7p_Mg,-2629.3849333333337
ID_gpzc7p_S,-14.79072000000004
ID_gpzc7p_Fe,-547.674632
ID_gpzc7p_Mn,-429.4457733333333
ID_gpzc7p_Zn,-4.8577533333333225
ID_gpzc7p_Cu,-5.267249333333325
ID_gpzc7p_B,-1.6924600000000034
ID_KUNbjY_N,-4755.766666666667
ID_KUNbjY_P,3.823458666666653
ID_KUNbjY_K,-701.3558666666667
ID_KUNbjY_Ca,-6685.929466666667
ID_KUNbjY_Mg,-1077.423066666667
ID_KUNbjY_S,-10.873407999999987
ID_KUNbjY_Fe,-638.624246666667
ID_KUNbjY_Mn,-352.11800000000005
ID_KUNbjY_Zn,-6.787081333333331
ID_KUNbjY_Cu,-6.463538666666674
ID_KUNbjY_B,-1.3249880000000023
ID_efJsUG_N,-4682.933333333333
ID_efJsUG_P,-8.40778666666666
ID_efJsUG_K,-770.5013333333333
ID_efJsUG_Ca,-6948.106666666666
ID_efJsUG_Mg,-1572.2560000000003
ID_efJsUG_S,-11.999626666666686
ID_efJsUG_Fe,-468.02117333333337
ID_efJsUG_Mn,-382.7024
ID_efJsUG_Zn,-5.304000000000003
ID_efJsUG_Cu,-6.0434133333333335
ID_efJsUG_B,-1.3035733333333361
ID_62qiTW_N,-3654.4688888888886
ID_62qiTW_P,1.056399999999968
ID_62qiTW_K,-1026.5262222222223
ID_62qiTW_Ca,-10914.512888888888
ID_62qiTW_Mg,-1561.3002222222221
ID_62qiTW_S,-6.389164444444404
ID_62qiTW_Fe,-506.4875399999998
ID_62qiTW_Mn,-429.43882222222226
ID_62qiTW_Zn,-4.263019999999995
ID_62qiTW_Cu,-5.719995555555559
ID_62qiTW_B,-1.492842222222223
ID_gwQr5u_N,-3473.177333333333
ID_gwQr5u_P,-1.6258240000000583
ID_gwQr5u_K,-1461.3701333333336
ID_gwQr5u_Ca,-17482.858533333332
ID_gwQr5u_Mg,-2496.039466666667
ID_gwQr5u_S,-9.043332000000017
ID_gwQr5u_Fe,-424.8383293333333
ID_gwQr5u_Mn,-463.97584
ID_gwQr5u_Zn,-3.608323999999999
ID_gwQr5u_Cu,-6.320913333333339
ID_gwQr5u_B,-1.747670666666668
ID_AaE4tk_N,-4308.612
ID_AaE4tk_P,-27.194399999999973
ID_AaE4tk_K,-640.2136
ID_AaE4tk_Ca,-8712.3676
ID_AaE4tk_Mg,-1623.6196
ID_AaE4tk_S,-17.053596000000006
ID_AaE4tk_Fe,-312.987604
ID_AaE4tk_Mn,-345.2471200000001
ID_AaE4tk_Zn,-3.8707080000000027
ID_AaE4tk_Cu,-8.330028
ID_AaE4tk_B,-0.9280719999999992
ID_elpxuz_N,-3580.844444444445
ID_elpxuz_P,-47.642280000000014
ID_elpxuz_K,-2111.841777777778
ID_elpxuz_Ca,-20137.731555555558
ID_elpxuz_Mg,-863.4835555555555
ID_elpxuz_S,-17.411164444444495
ID_elpxuz_Fe,-206.31802222222223
ID_elpxuz_Mn,-492.418088888889
ID_elpxuz_Zn,-16.246128888888887
ID_elpxuz_Cu,-3.6730755555555517
ID_elpxuz_B,-3.102079999999999
ID_kzdByk_N,-4197.812444444444
ID_kzdByk_P,-90.04515333333333
ID_kzdByk_K,-1239.1452888888891
ID_kzdByk_Ca,-9648.199022222221
ID_kzdByk_Mg,-1773.9912000000002
ID_kzdByk_S,-9.208826222222203
ID_kzdByk_Fe,-392.39659866666665
ID_kzdByk_Mn,-385.616888888889
ID_kzdByk_Zn,-6.98992711111111
ID_kzdByk_Cu,-5.8795777777777865
ID_kzdByk_B,-1.7441422222222187
ID_kNT4WL_N,-4317.680888888889
ID_kNT4WL_P,-42.95989955555555
ID_kNT4WL_K,-895.2168000000001
ID_kNT4WL_Ca,-9377.623644444444
ID_kNT4WL_Mg,-1500.9067555555557
ID_kNT4WL_S,-10.113070666666658
ID_kNT4WL_Fe,-485.9221377777778
ID_kNT4WL_Mn,-390.6352577777778
ID_kNT4WL_Zn,-5.887572444444441
ID_kNT4WL_Cu,-6.013291555555558
ID_kNT4WL_B,-1.5363431111111128
ID_i7EMPJ_N,-4343.470222222221
ID_i7EMPJ_P,3.1818577777777577
ID_i7EMPJ_K,-360.69191111111104
ID_i7EMPJ_Ca,-5778.199288888889
ID_i7EMPJ_Mg,-1072.1971555555554
ID_i7EMPJ_S,-11.924303999999996
ID_i7EMPJ_Fe,-347.42271999999997
ID_i7EMPJ_Mn,-338.77420444444436
ID_i7EMPJ_Zn,-4.089354666666662
ID_i7EMPJ_Cu,-4.32745422222222
ID_i7EMPJ_B,-0.6362613333333317
ID_SwnaQP_N,-4980.9475555555555
ID_SwnaQP_P,-7.918021333333336
ID_SwnaQP_K,-773.0778666666665
ID_SwnaQP_Ca,-9403.2768
ID_SwnaQP_Mg,-1609.5031111111111
ID_SwnaQP_S,-11.084189333333345
ID_SwnaQP_Fe,-521.5849680000001
ID_SwnaQP_Mn,-392.15858666666674
ID_SwnaQP_Zn,-5.121448888888887
ID_SwnaQP_Cu,-4.365782222222219
ID_SwnaQP_B,-1.3670826666666689
ID_366Cb6_N,-5214.528
ID_366Cb6_P,16.650925333333348
ID_366Cb6_K,-782.8397333333332
ID_366Cb6_Ca,-7122.2264
ID_366Cb6_Mg,-1622.498933333333
ID_366Cb6_S,-9.377229333333332
ID_366Cb6_Fe,-375.4481333333333
ID_366Cb6_Mn,-357.8766666666667
ID_366Cb6_Zn,-6.742935999999996
ID_366Cb6_Cu,-7.818861333333333
ID_366Cb6_B,-1.032893333333332
ID_VRfRjK_N,-4459.605333333333
ID_VRfRjK_P,-71.74467333333335
ID_VRfRjK_K,-1349.0833333333335
ID_VRfRjK_Ca,-10268.680800000002
ID_VRfRjK_Mg,-1740.1564000000003
ID_VRfRjK_S,-11.56474533333332
ID_VRfRjK_Fe,-444.68172000000004
ID_VRfRjK_Mn,-408.3918266666667
ID_VRfRjK_Zn,-6.925250666666673
ID_VRfRjK_Cu,-6.223798666666676
ID_VRfRjK_B,-1.8754679999999977
ID_cFehxo_N,-3804.375111111111
ID_cFehxo_P,-41.7108968888889
ID_cFehxo_K,-1744.502488888889
ID_cFehxo_Ca,-11176.287955555556
ID_cFehxo_Mg,-1738.8652444444444
ID_cFehxo_S,-10.649800888888901
ID_cFehxo_Fe,-433.2568182222223
ID_cFehxo_Mn,-439.66516000000007
ID_cFehxo_Zn,-6.579919999999997
ID_cFehxo_Cu,-6.147685777777778
ID_cFehxo_B,-2.1395084444444445
ID_YmVCLU_N,-3450.390666666667
ID_YmVCLU_P,-36.17382888888885
ID_YmVCLU_K,-2368.694577777778
ID_YmVCLU_Ca,-19809.86484444445
ID_YmVCLU_Mg,-2007.6770666666669
ID_YmVCLU_S,-12.378427111111108
ID_YmVCLU_Fe,-357.44501688888903
ID_YmVCLU_Mn,-514.8650533333334
ID_YmVCLU_Zn,-6.046007555555552
ID_YmVCLU_Cu,-8.748299111111123
ID_YmVCLU_B,-2.2385742222222205
ID_7eGk1s_N,-3620.024
ID_7eGk1s_P,-15.783839999999941
ID_7eGk1s_K,-1532.5704000000003
ID_7eGk1s_Ca,-15733.620800000002
ID_7eGk1s_Mg,-2065.4
ID_7eGk1s_S,-10.310624000000015
ID_7eGk1s_Fe,-451.22203200000024
ID_7eGk1s_Mn,-396.64447999999993
ID_7eGk1s_Zn,-6.174400000000001
ID_7eGk1s_Cu,-8.286688000000014
ID_7eGk1s_B,-1.6458079999999975
ID_HfPYIx_N,-4574.06
ID_HfPYIx_P,22.135695555555575
ID_HfPYIx_K,-779.0666666666666
ID_HfPYIx_Ca,-9629.599999999999
ID_HfPYIx_Mg,-1910.7928888888885
ID_HfPYIx_S,-15.364633333333348
ID_HfPYIx_Fe,-305.7153266666668
ID_HfPYIx_Mn,-384.8791333333333
ID_HfPYIx_Zn,-4.2032199999999955
ID_HfPYIx_Cu,-7.466615555555558
ID_HfPYIx_B,-1.2879377777777803
ID_wEzqu4_N,-4215.058666666667
ID_wEzqu4_P,-3.217280000000031
ID_wEzqu4_K,-931.1307999999999
ID_wEzqu4_Ca,-14017.686133333335
ID_wEzqu4_Mg,-2737.36
ID_wEzqu4_S,-13.508177333333371
ID_wEzqu4_Fe,-418.8915800000001
ID_wEzqu4_Mn,-377.4319466666667
ID_wEzqu4_Zn,-4.9096639999999905
ID_wEzqu4_Cu,-7.802106666666684
ID_wEzqu4_B,-1.3020826666666678
ID_vEHb6K_N,-3221.2626666666674
ID_vEHb6K_P,-45.16293333333334
ID_vEHb6K_K,-2506.574533333334
ID_vEHb6K_Ca,-21616.185866666667
ID_vEHb6K_Mg,-1073.0372
ID_vEHb6K_S,-15.893297333333376
ID_vEHb6K_Fe,-191.43648800000005
ID_vEHb6K_Mn,-597.4926399999999
ID_vEHb6K_Zn,-6.258005333333331
ID_vEHb6K_Cu,-4.73026533333333
ID_vEHb6K_B,-2.3212919999999992
ID_MAPz5z_N,-3198.825777777778
ID_MAPz5z_P,-74.8580657777777
ID_MAPz5z_K,-2156.0536000000006
ID_MAPz5z_Ca,-20990.891022222226
ID_MAPz5z_Mg,-843.2129777777777
ID_MAPz5z_S,-12.414423111111123
ID_MAPz5z_Fe,-175.7899573333332
ID_MAPz5z_Mn,-432.32424000000015
ID_MAPz5z_Zn,-5.300544888888881
ID_MAPz5z_Cu,-4.128505777777771
ID_MAPz5z_B,-2.287613333333333
ID_UHElYg_N,-3423.2777777777783
ID_UHElYg_P,-24.60105555555556
ID_UHElYg_K,-2304.616666666667
ID_UHElYg_Ca,-26314.55555555556
ID_UHElYg_Mg,-1534.2
ID_UHElYg_S,-15.264666666666688
ID_UHElYg_Fe,-211.82966666666675
ID_UHElYg_Mn,-435.69277777777785
ID_UHElYg_Zn,-6.74249999999999
ID_UHElYg_Cu,-8.445055555555552
ID_UHElYg_B,-2.6072222222222234
ID_diwyop_N,-5090.768
ID_diwyop_P,-5.295267555555597
ID_diwyop_K,-899.4216888888889
ID_diwyop_Ca,-8823.40551111111
ID_diwyop_Mg,-1400.7555555555555
ID_diwyop_S,-7.14701155555554
ID_diwyop_Fe,-422.4377031111112
ID_diwyop_Mn,-369.471928888889
ID_diwyop_Zn,-6.70090133333334
ID_diwyop_Cu,-7.227815111111124
ID_diwyop_B,-1.223994666666668
ID_BFbL4A_N,-5290.9582222222225
ID_BFbL4A_P,10.915397333333328
ID_BFbL4A_K,-673.5104000000001
ID_BFbL4A_Ca,-6104.190222222222
ID_BFbL4A_Mg,-1270.3354666666667
ID_BFbL4A_S,-11.857745777777822
ID_BFbL4A_Fe,-505.851911111111
ID_BFbL4A_Mn,-342.1211911111111
ID_BFbL4A_Zn,-7.528935111111094
ID_BFbL4A_Cu,-4.881676444444439
ID_BFbL4A_B,-0.8368124444444431
ID_oMk8v2_N,-2801.1226666666666
ID_oMk8v2_P,-6.183021333333372
ID_oMk8v2_K,-1725.5690666666667
ID_oMk8v2_Ca,-18114.096266666667
ID_oMk8v2_Mg,-2095.310133333333
ID_oMk8v2_S,-7.734565333333325
ID_oMk8v2_Fe,-416.2185866666667
ID_oMk8v2_Mn,-442.6019733333334
ID_oMk8v2_Zn,-3.6465946666666613
ID_oMk8v2_Cu,-7.266594666666665
ID_oMk8v2_B,-1.5526319999999985
ID_EmaOFE_N,-4938.4942222222235
ID_EmaOFE_P,7.072703999999966
ID_EmaOFE_K,-808.6983999999999
ID_EmaOFE_Ca,-5843.303422222221
ID_EmaOFE_Mg,-813.6305333333332
ID_EmaOFE_S,-12.503723555555556
ID_EmaOFE_Fe,-365.9196533333334
ID_EmaOFE_Mn,-326.78421777777777
ID_EmaOFE_Zn,-6.789863555555553
ID_EmaOFE_Cu,-5.08845022222222
ID_EmaOFE_B,-0.6917648888888875
ID_XnpLO9_N,-3259.829777777778
ID_XnpLO9_P,-22.80064311111107
ID_XnpLO9_K,-2590.339866666667
ID_XnpLO9_Ca,-24263.23737777778
ID_XnpLO9_Mg,-1265.290888888889
ID_XnpLO9_S,-13.815325777777783
ID_XnpLO9_Fe,-200.3098026666667
ID_XnpLO9_Mn,-533.6439155555556
ID_XnpLO9_Zn,-5.053326222222219
ID_XnpLO9_Cu,-6.342838666666665
ID_XnpLO9_B,-2.4293195555555562
ID_KuY4WL_N,-3263.4133333333334
ID_KuY4WL_P,-25.199893333333293
ID_KuY4WL_K,-1816.2613333333331
ID_KuY4WL_Ca,-16606.218666666668
ID_KuY4WL_Mg,-1733.3919999999998
ID_KuY4WL_S,-9.843093333333353
ID_KuY4WL_Fe,-417.54874666666694
ID_KuY4WL_Mn,-372.9824
ID_KuY4WL_Zn,-4.225813333333329
ID_KuY4WL_Cu,-4.692639999999994
ID_KuY4WL_B,-1.4612799999999977
ID_CZuWIt_N,-3286.08
ID_CZuWIt_P,-46.47290666666652
ID_CZuWIt_K,-2314.5546666666664
ID_CZuWIt_Ca,-21426.69333333333
ID_CZuWIt_Mg,-1439.0186666666668
ID_CZuWIt_S,-11.649120000000021
ID_CZuWIt_Fe,-182.30058666666653
ID_CZuWIt_Mn,-434.11093333333343
ID_CZuWIt_Zn,-6.017973333333333
ID_CZuWIt_Cu,-4.690773333333328
ID_CZuWIt_B,-2.6941866666666643
ID_lJ5FgG_N,-2759.4666666666667
ID_lJ5FgG_P,-39.53525333333316
ID_lJ5FgG_K,-2234.9386666666664
ID_lJ5FgG_Ca,-29988.528
ID_lJ5FgG_Mg,-1552.5173333333332
ID_lJ5FgG_S,-18.689546666666697
ID_lJ5FgG_Fe,-176.69722666666672
ID_lJ5FgG_Mn,-388.8170666666666
ID_lJ5FgG_Zn,-4.477706666666659
ID_lJ5FgG_Cu,-5.014026666666658
ID_lJ5FgG_B,-2.51077333333333
ID_IR3bKu_N,-2946.6524444444444
ID_IR3bKu_P,-34.63097066666663
ID_IR3bKu_K,-1584.0174222222224
ID_IR3bKu_Ca,-19456.94791111111
ID_IR3bKu_Mg,-2171.3633777777777
ID_IR3bKu_S,-14.15556800000003
ID_IR3bKu_Fe,-465.4822702222224
ID_IR3bKu_Mn,-384.22816
ID_IR3bKu_Zn,-4.464271999999992
ID_IR3bKu_Cu,-5.228719999999991
ID_IR3bKu_B,-1.9767466666666684
ID_IIMgl5_N,-4034.5422222222223
ID_IIMgl5_P,-29.714275555555503
ID_IIMgl5_K,-763.2654222222222
ID_IIMgl5_Ca,-10515.65155555556
ID_IIMgl5_Mg,-1454.545777777778
ID_IIMgl5_S,-10.709667555555594
ID_IIMgl5_Fe,-450.4518328888889
ID_IIMgl5_Mn,-319.05088000000006
ID_IIMgl5_Zn,-6.03248355555556
ID_IIMgl5_Cu,-5.218908444444443
ID_IIMgl5_B,-0.8433777777777779
ID_OtI45Q_N,-3217.522222222223
ID_OtI45Q_P,-39.57125733333338
ID_OtI45Q_K,-2434.9591555555558
ID_OtI45Q_Ca,-20497.043733333336
ID_OtI45Q_Mg,-1835.571511111111
ID_OtI45Q_S,-10.480185333333345
ID_OtI45Q_Fe,-285.9815786666668
ID_OtI45Q_Mn,-564.8024933333335
ID_OtI45Q_Zn,-4.507505777777773
ID_OtI45Q_Cu,-6.900541777777781
ID_OtI45Q_B,-2.2154262222222214
ID_6YoQE4_N,-2994.6800000000003
ID_6YoQE4_P,-83.37129600000003
ID_6YoQE4_K,-2283.1249333333335
ID_6YoQE4_Ca,-32745.879333333334
ID_6YoQE4_Mg,-1508.8086666666668
ID_6YoQE4_S,-37.85785866666659
ID_6YoQE4_Fe,-139.94682266666675
ID_6YoQE4_Mn,-454.8694666666666
ID_6YoQE4_Zn,-4.811154666666663
ID_6YoQE4_Cu,-4.813370666666662
ID_6YoQE4_B,-2.2372106666666673
ID_VWDVah_N,-3203.622666666667
ID_VWDVah_P,-21.04842577777778
ID_VWDVah_K,-2287.306444444444
ID_VWDVah_Ca,-26116.912088888887
ID_VWDVah_Mg,-1309.4103555555555
ID_VWDVah_S,-22.240257333333396
ID_VWDVah_Fe,-157.5877093333333
ID_VWDVah_Mn,-414.53373777777784
ID_VWDVah_Zn,-9.25795111111111
ID_VWDVah_Cu,-4.92131155555555
ID_VWDVah_B,-2.9844728888888854
ID_XWV6ye_N,-3617.2044444444446
ID_XWV6ye_P,-30.461560888888897
ID_XWV6ye_K,-2316.735733333333
ID_XWV6ye_Ca,-25833.933155555555
ID_XWV6ye_Mg,-1171.371288888889
ID_XWV6ye_S,-24.49095911111118
ID_XWV6ye_Fe,-154.4901128888888
ID_XWV6ye_Mn,-446.34610666666674
ID_XWV6ye_Zn,-9.614573333333338
ID_XWV6ye_Cu,-5.333865777777775
ID_XWV6ye_B,-2.9297128888888855
ID_edTgTR_N,-3206.0915555555557
ID_edTgTR_P,-25.586440888888873
ID_edTgTR_K,-2405.692711111111
ID_edTgTR_Ca,-26055.311644444446
ID_edTgTR_Mg,-1363.3396444444445
ID_edTgTR_S,-16.843836444444516
ID_edTgTR_Fe,-165.15556977777777
ID_edTgTR_Mn,-479.1440444444444
ID_edTgTR_Zn,-6.537353777777776
ID_edTgTR_Cu,-5.2653831111111105
ID_edTgTR_B,-2.7253493333333294
ID_PSsNTe_N,-2602.3875555555555
ID_PSsNTe_P,-25.784321777777777
ID_PSsNTe_K,-2260.478044444444
ID_PSsNTe_Ca,-29914.149155555555
ID_PSsNTe_Mg,-1049.4508444444443
ID_PSsNTe_S,-20.38292088888892
ID_PSsNTe_Fe,-131.85347555555555
ID_PSsNTe_Mn,-414.72378666666657
ID_PSsNTe_Zn,-4.308517333333329
ID_PSsNTe_Cu,-4.590232888888882
ID_PSsNTe_B,-2.5167502222222216
ID_eAFwI7_N,-2941.283111111112
ID_eAFwI7_P,-35.74720266666667
ID_eAFwI7_K,-1882.5430222222221
ID_eAFwI7_Ca,-24309.149111111114
ID_eAFwI7_Mg,-1187.3296444444445
ID_eAFwI7_S,-17.140234666666714
ID_eAFwI7_Fe,-169.6508204444446
ID_eAFwI7_Mn,-449.12242666666674
ID_eAFwI7_Zn,-5.967667111111104
ID_eAFwI7_Cu,-4.662519555555551
ID_eAFwI7_B,-2.3488608888888898
ID_R80cpU_N,-3372.7333333333336
ID_R80cpU_P,-35.8052533333333
ID_R80cpU_K,-2421.9520000000007
ID_R80cpU_Ca,-17107.024
ID_R80cpU_Mg,-1680.3302222222221
ID_R80cpU_S,-10.721919999999987
ID_R80cpU_Fe,-277.84592888888903
ID_R80cpU_Mn,-470.1537777777778
ID_R80cpU_Zn,-5.663777777777774
ID_R80cpU_Cu,-7.112413333333341
ID_R80cpU_B,-2.447084444444445
ID_Lhlypb_N,-3099.9786666666673
ID_Lhlypb_P,-26.706238222222254
ID_Lhlypb_K,-2413.6579555555554
ID_Lhlypb_Ca,-22830.423288888887
ID_Lhlypb_Mg,-1163.7964444444444
ID_Lhlypb_S,-12.22155466666668
ID_Lhlypb_Fe,-183.05448800000005
ID_Lhlypb_Mn,-553.1253866666665
ID_Lhlypb_Zn,-5.3941866666666645
ID_Lhlypb_Cu,-6.5553297777777715
ID_Lhlypb_B,-2.7449777777777737
ID_pyyrD7_N,-3429.039111111111
ID_pyyrD7_P,-61.81134399999999
ID_pyyrD7_K,-2219.0332444444443
ID_pyyrD7_Ca,-26291.54782222222
ID_pyyrD7_Mg,-1205.7532444444444
ID_pyyrD7_S,-23.614183111111167
ID_pyyrD7_Fe,-147.89054133333323
ID_pyyrD7_Mn,-481.3515200000001
ID_pyyrD7_Zn,-13.077540444444447
ID_pyyrD7_Cu,-4.795385777777766
ID_pyyrD7_B,-2.999118222222219
ID_aGQvrC_N,-3127.756
ID_aGQvrC_P,-30.997832888888894
ID_aGQvrC_K,-2246.3448444444443
ID_aGQvrC_Ca,-24064.2228
ID_aGQvrC_Mg,-1352.4344444444446
ID_aGQvrC_S,-22.04928488888897
ID_aGQvrC_Fe,-160.74239422222226
ID_aGQvrC_Mn,-520.9532799999998
ID_aGQvrC_Zn,-8.867349777777784
ID_aGQvrC_Cu,-4.89917644444444
ID_aGQvrC_B,-2.8839991111111067
ID_MmPPW8_N,-4017.120000000001
ID_MmPPW8_P,-28.143093333333255
ID_MmPPW8_K,-2063.829333333333
ID_MmPPW8_Ca,-26560.58133333333
ID_MmPPW8_Mg,-1792.9013333333332
ID_MmPPW8_S,-14.119626666666694
ID_MmPPW8_Fe,-163.44320000000025
ID_MmPPW8_Mn,-441.7312000000001
ID_MmPPW8_Zn,-5.851893333333325
ID_MmPPW8_Cu,-5.797119999999986
ID_MmPPW8_B,-3.014133333333334
ID_wCVVRL_N,-2921.3706666666667
ID_wCVVRL_P,-18.37868088888888
ID_wCVVRL_K,-2109.227288888889
ID_wCVVRL_Ca,-30154.72853333333
ID_wCVVRL_Mg,-1239.7834666666668
ID_wCVVRL_S,-19.280583111111145
ID_wCVVRL_Fe,-151.22273600000005
ID_wCVVRL_Mn,-466.2250577777778
ID_wCVVRL_Zn,-4.722644444444438
ID_wCVVRL_Cu,-6.269632888888892
ID_wCVVRL_B,-2.17060177777778
ID_IeSToR_N,-3102.1111111111113
ID_IeSToR_P,-43.3387222222222
ID_IeSToR_K,-2438.3944444444446
ID_IeSToR_Ca,-31944.033333333333
ID_IeSToR_Mg,-1242.2833333333333
ID_IeSToR_S,-18.920611111111143
ID_IeSToR_Fe,-157.3348333333335
ID_IeSToR_Mn,-469.7088888888889
ID_IeSToR_Zn,-4.905888888888883
ID_IeSToR_Cu,-8.066888888888894
ID_IeSToR_B,-2.679499999999999
ID_bIIs2x_N,-4438.564000000001
ID_bIIs2x_P,-46.08462399999999
ID_bIIs2x_K,-934.076
ID_bIIs2x_Ca,-8994.883200000002
ID_bIIs2x_Mg,-1493.5829333333336
ID_bIIs2x_S,-13.520614666666663
ID_bIIs2x_Fe,-519.9257573333335
ID_bIIs2x_Mn,-399.12790666666666
ID_bIIs2x_Zn,-6.282027999999995
ID_bIIs2x_Cu,-6.305900000000008
ID_bIIs2x_B,-1.2116053333333356
ID_LbXH9a_N,-4343.432000000001
ID_LbXH9a_P,-7.528544000000025
ID_LbXH9a_K,-872.1960000000001
ID_LbXH9a_Ca,-9160.1896
ID_LbXH9a_Mg,-1553.8736000000001
ID_LbXH9a_S,-12.056704000000025
ID_LbXH9a_Fe,-537.969056
ID_LbXH9a_Mn,-400.74928000000006
ID_LbXH9a_Zn,-5.813760000000007
ID_LbXH9a_Cu,-4.191855999999996
ID_LbXH9a_B,-1.1934960000000023
ID_XeV6iB_N,-5687.102222222222
ID_XeV6iB_P,0.7328031111111528
ID_XeV6iB_K,-1222.532311111111
ID_XeV6iB_Ca,-9711.876088888888
ID_XeV6iB_Mg,-2099.8232000000003
ID_XeV6iB_S,-12.946684000000023
ID_XeV6iB_Fe,-482.58275999999995
ID_XeV6iB_Mn,-263.3473688888889
ID_XeV6iB_Zn,-7.928677777777775
ID_XeV6iB_Cu,-7.198586999999989
ID_XeV6iB_B,-0.8705719999999976
ID_VnazM5_N,-5872.814222222223
ID_VnazM5_P,19.935041777777798
ID_VnazM5_K,-906.7786666666666
ID_VnazM5_Ca,-4217.432177777778
ID_VnazM5_Mg,-483.5667555555555
ID_VnazM5_S,-30.695320888889
ID_VnazM5_Fe,-635.9162666666667
ID_VnazM5_Mn,-230.4348444444444
ID_VnazM5_Zn,-6.352540444444441
ID_VnazM5_Cu,-6.246042666666658
ID_VnazM5_B,-0.49066844444444374
ID_xcy8eg_N,-5480.012444444445
ID_xcy8eg_P,25.60202844444445
ID_xcy8eg_K,-797.0014222222222
ID_xcy8eg_Ca,-2966.3696
ID_xcy8eg_Mg,-454.06151111111114
ID_xcy8eg_S,-30.40042311111111
ID_xcy8eg_Fe,-479.0775644444443
ID_xcy8eg_Mn,-214.27888
ID_xcy8eg_Zn,-5.281783111111118
ID_xcy8eg_Cu,-6.545992888888875
ID_xcy8eg_B,-0.4976799999999995
ID_FNw5cU_N,-6027.99288888889
ID_FNw5cU_P,9.961898666666656
ID_FNw5cU_K,-1041.324088888889
ID_FNw5cU_Ca,-4610.498844444445
ID_FNw5cU_Mg,-593.957688888889
ID_FNw5cU_S,-21.068821333333396
ID_FNw5cU_Fe,-410.4485688888891
ID_FNw5cU_Mn,-238.65130666666664
ID_FNw5cU_Zn,-5.9139128888888886
ID_FNw5cU_Cu,-7.388273777777776
ID_FNw5cU_B,-0.6298808888888892
ID_pX4rdM_N,-5987.511111111111
ID_pX4rdM_P,24.19568933333335
ID_pX4rdM_K,-881.8379555555556
ID_pX4rdM_Ca,-4530.335777777777
ID_pX4rdM_Mg,-791.8651111111112
ID_pX4rdM_S,-24.884869777777844
ID_pX4rdM_Fe,-411.4641288888889
ID_pX4rdM_Mn,-217.57996888888889
ID_pX4rdM_Zn,-6.625918666666671
ID_pX4rdM_Cu,-8.054580444444435
ID_pX4rdM_B,-0.5646626666666665
ID_wGvZTN_N,-6738.792888888889
ID_wGvZTN_P,22.165438222222214
ID_wGvZTN_K,-956.7308444444443
ID_wGvZTN_Ca,-4739.581688888889
ID_wGvZTN_Mg,-543.3608888888889
ID_wGvZTN_S,-26.276081777777897
ID_wGvZTN_Fe,-445.7623644444444
ID_wGvZTN_Mn,-205.7784
ID_wGvZTN_Zn,-5.647415111111114
ID_wGvZTN_Cu,-8.251141333333319
ID_wGvZTN_B,-0.5654755555555557
ID_00Mug5_N,-6908.770666666667
ID_00Mug5_P,20.545469333333344
ID_00Mug5_K,-1008.4482666666665
ID_00Mug5_Ca,-4344.760799999999
ID_00Mug5_Mg,-545.3813333333334
ID_00Mug5_S,-23.319834666666793
ID_00Mug5_Fe,-429.5525333333333
ID_00Mug5_Mn,-176.10493333333332
ID_00Mug5_Zn,-5.512546666666666
ID_00Mug5_Cu,-8.912704000000007
ID_00Mug5_B,-0.5866720000000005
ID_z9ILUm_N,-5170.524444444444
ID_z9ILUm_P,12.241870222222246
ID_z9ILUm_K,-1179.1054222222222
ID_z9ILUm_Ca,-10128.127111111113
ID_z9ILUm_Mg,-1910.0419555555557
ID_z9ILUm_S,-11.000016000000048
ID_z9ILUm_Fe,-427.1523039999999
ID_z9ILUm_Mn,-330.9124977777778
ID_z9ILUm_Zn,-7.068647111111119
ID_z9ILUm_Cu,-7.327523555555536
ID_z9ILUm_B,-0.9272408888888891
ID_PRBRj2_N,-5227.66577777778
ID_PRBRj2_P,-22.666040888888915
ID_PRBRj2_K,-1583.4588444444448
ID_PRBRj2_Ca,-7782.448355555558
ID_PRBRj2_Mg,-799.4154666666668
ID_PRBRj2_S,-13.960355555555573
ID_PRBRj2_Fe,-384.5703466666667
ID_PRBRj2_Mn,-310.58218666666664
ID_PRBRj2_Zn,-64.0505742222221
ID_PRBRj2_Cu,-4.749653333333327
ID_PRBRj2_B,-1.6289208888888909
ID_joxOD5_N,-7625.853333333333
ID_joxOD5_P,-5.618506666666789
ID_joxOD5_K,-383.9573333333333
ID_joxOD5_Ca,-4106.093777777778
ID_joxOD5_Mg,-614.0375555555555
ID_joxOD5_S,-14.671362222222253
ID_joxOD5_Fe,-475.7717555555555
ID_joxOD5_Mn,-330.02157777777774
ID_joxOD5_Zn,-60.052842222222246
ID_joxOD5_Cu,-4.774031111111103
ID_joxOD5_B,-0.6565111111111104
ID_DblGZY_N,-6906.515555555556
ID_DblGZY_P,-14.14573111111114
ID_DblGZY_K,-1445.2948888888886
ID_DblGZY_Ca,-5836.516666666666
ID_DblGZY_Mg,-697.2719999999999
ID_DblGZY_S,-11.778728888888907
ID_DblGZY_Fe,-410.8141333333333
ID_DblGZY_Mn,-294.61844444444444
ID_DblGZY_Zn,-75.07495999999998
ID_DblGZY_Cu,-5.023657777777771
ID_DblGZY_B,-1.032177777777776
ID_EAQRqu_N,-7003.575555555555
ID_EAQRqu_P,-10.629746666666755
ID_EAQRqu_K,-1051.8262222222222
ID_EAQRqu_Ca,-5268.600666666667
ID_EAQRqu_Mg,-803.854
ID_EAQRqu_S,-13.38545777777778
ID_EAQRqu_Fe,-399.2522888888888
ID_EAQRqu_Mn,-287.1797333333332
ID_EAQRqu_Zn,-63.28015111111103
ID_EAQRqu_Cu,-5.049417777777771
ID_EAQRqu_B,-0.8582977777777777
ID_S9WDYE_N,-8184.405333333334
ID_S9WDYE_P,11.251226666666643
ID_S9WDYE_K,-432.00346666666655
ID_S9WDYE_Ca,-3551.2448
ID_S9WDYE_Mg,-600.5015999999999
ID_S9WDYE_S,-15.471466666666664
ID_S9WDYE_Fe,-396.88165333333325
ID_S9WDYE_Mn,-284.54730666666654
ID_S9WDYE_Zn,-59.16332800000001
ID_S9WDYE_Cu,-5.22847733333332
ID_S9WDYE_B,-0.6038479999999994
ID_6FL0FS_N,-6883.034666666666
ID_6FL0FS_P,-34.08090666666665
ID_6FL0FS_K,-406.7062666666668
ID_6FL0FS_Ca,-3718.9024
ID_6FL0FS_Mg,-673.4117333333334
ID_6FL0FS_S,-13.59023600000003
ID_6FL0FS_Fe,-345.41196000000014
ID_6FL0FS_Mn,-324.92373333333325
ID_6FL0FS_Zn,-15.548627999999997
ID_6FL0FS_Cu,-4.423865333333324
ID_6FL0FS_B,-0.542635999999999
ID_KblaZT_N,-8844.167111111112
ID_KblaZT_P,-4.252350222222326
ID_KblaZT_K,-456.05422222222217
ID_KblaZT_Ca,-4063.487288888889
ID_KblaZT_Mg,-605.5832888888889
ID_KblaZT_S,-16.87477155555558
ID_KblaZT_Fe,-407.99070222222224
ID_KblaZT_Mn,-268.6447288888888
ID_KblaZT_Zn,-31.845783111111132
ID_KblaZT_Cu,-5.229831111111101
ID_KblaZT_B,-0.6473973333333329
ID_e9uCrO_N,-7525.684444444445
ID_e9uCrO_P,-55.83089422222221
ID_e9uCrO_K,-435.6808888888889
ID_e9uCrO_Ca,-4342.640533333334
ID_e9uCrO_Mg,-690.2872888888888
ID_e9uCrO_S,-16.428088000000002
ID_e9uCrO_Fe,-418.5856355555556
ID_e9uCrO_Mn,-269.3396088888888
ID_e9uCrO_Zn,-45.43004622222235
ID_e9uCrO_Cu,-4.693695999999995
ID_e9uCrO_B,-0.6689066666666659
ID_XTcW7r_N,-5929.029333333333
ID_XTcW7r_P,-125.5228826666667
ID_XTcW7r_K,-2025.6525333333334
ID_XTcW7r_Ca,-10065.169333333331
ID_XTcW7r_Mg,-903.5946666666665
ID_XTcW7r_S,-16.475629333333337
ID_XTcW7r_Fe,-428.8913333333333
ID_XTcW7r_Mn,-295.08445333333333
ID_XTcW7r_Zn,-62.67934133333333
ID_XTcW7r_Cu,-4.916826666666661
ID_XTcW7r_B,-1.8297280000000011
ID_EJkc3l_N,-6656.998222222222
ID_EJkc3l_P,10.830832888888867
ID_EJkc3l_K,-455.9475555555556
ID_EJkc3l_Ca,-4003.131066666666
ID_EJkc3l_Mg,-782.4174222222222
ID_EJkc3l_S,-11.710363111111121
ID_EJkc3l_Fe,-385.7825422222223
ID_EJkc3l_Mn,-334.35471555555534
ID_EJkc3l_Zn,-57.161295999999965
ID_EJkc3l_Cu,-4.692548444444439
ID_EJkc3l_B,-0.6871946666666667
ID_G15uRa_N,-6229.5955555555565
ID_G15uRa_P,-54.180191111111085
ID_G15uRa_K,-1034.2622222222224
ID_G15uRa_Ca,-6384.1137777777785
ID_G15uRa_Mg,-869.5604444444446
ID_G15uRa_S,-10.977582222222239
ID_G15uRa_Fe,-380.0048444444444
ID_G15uRa_Mn,-328.49071111111107
ID_G15uRa_Zn,-17.998599999999996
ID_G15uRa_Cu,-5.01771555555555
ID_G15uRa_B,-1.1101999999999992
ID_Q5ezGI_N,-5961.290666666668
ID_Q5ezGI_P,-141.3447751111111
ID_Q5ezGI_K,-2465.088
ID_Q5ezGI_Ca,-7748.231111111112
ID_Q5ezGI_Mg,-879.468088888889
ID_Q5ezGI_S,-13.581447111111132
ID_Q5ezGI_Fe,-384.35799466666674
ID_Q5ezGI_Mn,-383.3707377777777
ID_Q5ezGI_Zn,-67.15342222222218
ID_Q5ezGI_Cu,-4.836266666666666
ID_Q5ezGI_B,-2.269560888888891
ID_71LJsu_N,-5662.296888888889
ID_71LJsu_P,-82.75983511111097
ID_71LJsu_K,-1533.7415555555554
ID_71LJsu_Ca,-7399.810622222221
ID_71LJsu_Mg,-898.2901333333332
ID_71LJsu_S,-12.320563111111127
ID_71LJsu_Fe,-369.7611511111111
ID_71LJsu_Mn,-346.78923555555554
ID_71LJsu_Zn,-51.81036933333338
ID_71LJsu_Cu,-4.480108444444437
ID_71LJsu_B,-1.5428306666666658
ID_UlzCR2_N,-5625.484
ID_UlzCR2_P,-146.91294844444425
ID_UlzCR2_K,-2293.9653777777776
ID_UlzCR2_Ca,-7819.82911111111
ID_UlzCR2_Mg,-879.7480888888888
ID_UlzCR2_S,-12.855630666666666
ID_UlzCR2_Fe,-407.2681111111111
ID_UlzCR2_Mn,-405.22479999999985
ID_UlzCR2_Zn,-64.06112622222217
ID_UlzCR2_Cu,-4.520035111111102
ID_UlzCR2_B,-2.16433066666667
ID_ThAWs7_N,-5541.564444444445
ID_ThAWs7_P,-86.60176355555548
ID_ThAWs7_K,-1586.1219555555558
ID_ThAWs7_Ca,-8145.288533333334
ID_ThAWs7_Mg,-978.4611555555557
ID_ThAWs7_S,-12.893717333333353
ID_ThAWs7_Fe,-355.92448
ID_ThAWs7_Mn,-352.1889422222222
ID_ThAWs7_Zn,-19.441073777777763
ID_ThAWs7_Cu,-4.936967111111107
ID_ThAWs7_B,-1.4742115555555555
ID_QeeckS_N,-5832.466666666667
ID_QeeckS_P,-72.37135555555557
ID_QeeckS_K,-2319.806
ID_QeeckS_Ca,-7495.143777777779
ID_QeeckS_Mg,-860.3675555555554
ID_QeeckS_S,-14.030837777777784
ID_QeeckS_Fe,-388.3912799999999
ID_QeeckS_Mn,-398.1562666666665
ID_QeeckS_Zn,-73.22974666666666
ID_QeeckS_Cu,-4.539635555555547
ID_QeeckS_B,-2.2326244444444456
ID_aFbHjw_N,-6681.908444444444
ID_aFbHjw_P,-65.01983955555556
ID_aFbHjw_K,-1048.9564888888888
ID_aFbHjw_Ca,-6400.338177777778
ID_aFbHjw_Mg,-843.4725777777778
ID_aFbHjw_S,-13.423945333333378
ID_aFbHjw_Fe,-390.1548888888888
ID_aFbHjw_Mn,-329.1999066666666
ID_aFbHjw_Zn,-55.15923733333332
ID_aFbHjw_Cu,-4.481966666666657
ID_aFbHjw_B,-1.136583111111109
ID_L6735S_N,-6401.928888888889
ID_L6735S_P,-58.41104888888887
ID_L6735S_K,-1295.6416
ID_L6735S_Ca,-6797.746488888888
ID_L6735S_Mg,-828.7363555555556
ID_L6735S_S,-14.10979555555556
ID_L6735S_Fe,-385.00001777777777
ID_L6735S_Mn,-344.23290666666645
ID_L6735S_Zn,-64.77715199999984
ID_L6735S_Cu,-4.572188444444437
ID_L6735S_B,-1.1660977777777761
ID_2r0k7D_N,-5946.6386666666685
ID_2r0k7D_P,-28.05937866666669
ID_2r0k7D_K,-926.7092000000002
ID_2r0k7D_Ca,-5830.5812000000005
ID_2r0k7D_Mg,-987.1964000000003
ID_2r0k7D_S,-12.35058800000003
ID_2r0k7D_Fe,-419.0695866666667
ID_2r0k7D_Mn,-322.8694933333333
ID_2r0k7D_Zn,-16.550489333333328
ID_2r0k7D_Cu,-4.429341333333329
ID_2r0k7D_B,-0.8664600000000001
ID_LikoJe_N,-5686.398222222222
ID_LikoJe_P,-90.00328266666668
ID_LikoJe_K,-2170.4664000000002
ID_LikoJe_Ca,-7988.92457777778
ID_LikoJe_Mg,-1015.9750666666667
ID_LikoJe_S,-12.571652000000029
ID_LikoJe_Fe,-366.1894355555556
ID_LikoJe_Mn,-345.8610266666664
ID_LikoJe_Zn,-30.996941333333368
ID_LikoJe_Cu,-4.6637253333333275
ID_LikoJe_B,-2.2239693333333324
ID_32D9m2_N,-7484.2586666666675
ID_32D9m2_P,-31.419716444444518
ID_32D9m2_K,-427.1551555555555
ID_32D9m2_Ca,-3655.3170666666665
ID_32D9m2_Mg,-615.6796444444444
ID_32D9m2_S,-14.05900533333336
ID_32D9m2_Fe,-393.84270666666663
ID_32D9m2_Mn,-320.0157688888888
ID_32D9m2_Zn,-40.39561155555565
ID_32D9m2_Cu,-4.766776888888877
ID_32D9m2_B,-0.5080017777777778
ID_5mzf3D_N,-7411.186666666666
ID_5mzf3D_P,9.770742222222182
ID_5mzf3D_K,-469.318
ID_5mzf3D_Ca,-3857.5864444444446
ID_5mzf3D_Mg,-670.3211111111111
ID_5mzf3D_S,-14.839364444444449
ID_5mzf3D_Fe,-395.7608888888889
ID_5mzf3D_Mn,-322.4218666666666
ID_5mzf3D_Zn,-62.23615555555555
ID_5mzf3D_Cu,-4.7585444444444365
ID_5mzf3D_B,-0.5004177777777777
ID_zBnbJZ_N,-6725.800888888889
ID_zBnbJZ_P,-14.02692266666677
ID_zBnbJZ_K,-1261.8417777777777
ID_zBnbJZ_Ca,-6222.304
ID_zBnbJZ_Mg,-798.0195555555556
ID_zBnbJZ_S,-13.52928
ID_zBnbJZ_Fe,-396.77943111111114
ID_zBnbJZ_Mn,-348.6873066666666
ID_zBnbJZ_Zn,-67.17634133333318
ID_zBnbJZ_Cu,-4.888017777777769
ID_zBnbJZ_B,-1.7505831111111196
ID_AEIlg9_N,-5625.132444444444
ID_AEIlg9_P,-120.04611866666647
ID_AEIlg9_K,-2375.476044444444
ID_AEIlg9_Ca,-8619.1208
ID_AEIlg9_Mg,-845.3860444444443
ID_AEIlg9_S,-12.463796888888915
ID_AEIlg9_Fe,-467.31164044444444
ID_AEIlg9_Mn,-333.97202222222194
ID_AEIlg9_Zn,-19.93748888888893
ID_AEIlg9_Cu,-4.947777777777772
ID_AEIlg9_B,-1.6471422222222252
ID_ghYytC_N,-5602.714666666667
ID_ghYytC_P,-52.77004622222216
ID_ghYytC_K,-2037.1548444444447
ID_ghYytC_Ca,-6827.231111111111
ID_ghYytC_Mg,-733.0286222222222
ID_ghYytC_S,-13.312901333333347
ID_ghYytC_Fe,-390.17568
ID_ghYytC_Mn,-337.3198222222222
ID_ghYytC_Zn,-72.65870755555541
ID_ghYytC_Cu,-5.184565333333316
ID_ghYytC_B,-1.8420426666666683
ID_0gBkCc_N,-5878.311999999999
ID_0gBkCc_P,-53.01300533333331
ID_0gBkCc_K,-1584.9336
ID_0gBkCc_Ca,-7674.452533333333
ID_0gBkCc_Mg,-707.5704000000001
ID_0gBkCc_S,-14.420690666666669
ID_0gBkCc_Fe,-436.7456799999998
ID_0gBkCc_Mn,-268.28989333333334
ID_0gBkCc_Zn,-56.890370666666634
ID_0gBkCc_Cu,-5.100847999999993
ID_0gBkCc_B,-1.563575999999998
ID_VEPbLw_N,-5389.941777777778
ID_VEPbLw_P,-47.59709777777775
ID_VEPbLw_K,-1237.1592444444443
ID_VEPbLw_Ca,-7663.88911111111
ID_VEPbLw_Mg,-872.8224444444445
ID_VEPbLw_S,-13.83832888888891
ID_VEPbLw_Fe,-377.364695111111
ID_VEPbLw_Mn,-339.203671111111
ID_VEPbLw_Zn,-58.321981777777765
ID_VEPbLw_Cu,-4.979216888888886
ID_VEPbLw_B,-1.6419191111111127
ID_VLPHUT_N,-5326.42488888889
ID_VLPHUT_P,-121.79057066666667
ID_VLPHUT_K,-2567.729777777778
ID_VLPHUT_Ca,-18603.918222222223
ID_VLPHUT_Mg,-854.7733333333335
ID_VLPHUT_S,-26.925674666666772
ID_VLPHUT_Fe,-288.2629404444443
ID_VLPHUT_Mn,-397.22687999999994
ID_VLPHUT_Zn,-20.506666666666682
ID_VLPHUT_Cu,-4.56472888888888
ID_VLPHUT_B,-3.1693439999999895
ID_SfST3G_N,-5479.288888888888
ID_SfST3G_P,-45.59010444444448
ID_SfST3G_K,-1961.665333333333
ID_SfST3G_Ca,-7745.685333333332
ID_SfST3G_Mg,-840.8482222222224
ID_SfST3G_S,-14.219488888888907
ID_SfST3G_Fe,-384.4349222222224
ID_SfST3G_Mn,-363.57551111111104
ID_SfST3G_Zn,-72.86961777777768
ID_SfST3G_Cu,-4.686222222222215
ID_SfST3G_B,-2.1021888888888904
ID_ztSgW9_N,-5662.982222222222
ID_ztSgW9_P,-86.00202444444436
ID_ztSgW9_K,-2455.776888888889
ID_ztSgW9_Ca,-8295.395555555555
ID_ztSgW9_Mg,-849.7926666666667
ID_ztSgW9_S,-14.869468888888896
ID_ztSgW9_Fe,-437.21895111111115
ID_ztSgW9_Mn,-389.0605333333333
ID_ztSgW9_Zn,-75.0849777777777
ID_ztSgW9_Cu,-4.510297777777772
ID_ztSgW9_B,-2.4277155555555576
ID_aRxK2s_N,-5565.852444444445
ID_aRxK2s_P,-23.84129600000003
ID_aRxK2s_K,-1634.1347555555553
ID_aRxK2s_Ca,-8616.446044444445
ID_aRxK2s_Mg,-859.2366222222222
ID_aRxK2s_S,-11.848620444444435
ID_aRxK2s_Fe,-457.54693333333324
ID_aRxK2s_Mn,-318.07980444444445
ID_aRxK2s_Zn,-81.55817599999997
ID_aRxK2s_Cu,-4.606885333333326
ID_aRxK2s_B,-1.4652231111111103
ID_UMp343_N,-6727.7084444444445
ID_UMp343_P,-32.348736000000045
ID_UMp343_K,-946.8579555555557
ID_UMp343_Ca,-5652.713066666666
ID_UMp343_Mg,-719.0570666666667
ID_UMp343_S,-13.598519111111134
ID_UMp343_Fe,-414.45422222222226
ID_UMp343_Mn,-285.6260977777777
ID_UMp343_Zn,-9.277287111111082
ID_UMp343_Cu,-4.39674488888888
ID_UMp343_B,-0.7828853333333325
ID_qPjdlx_N,-5621.159111111112
ID_qPjdlx_P,-84.57516088888877
ID_qPjdlx_K,-1438.3168000000005
ID_qPjdlx_Ca,-6891.704888888889
ID_qPjdlx_Mg,-899.8122666666667
ID_qPjdlx_S,-11.188330666666669
ID_qPjdlx_Fe,-366.10657422222226
ID_qPjdlx_Mn,-335.84540444444434
ID_qPjdlx_Zn,-21.441692444444435
ID_qPjdlx_Cu,-4.272682666666659
ID_qPjdlx_B,-1.4975573333333303
ID_CmZOly_N,-6181.059555555556
ID_CmZOly_P,-31.53544533333337
ID_CmZOly_K,-437.5943111111112
ID_CmZOly_Ca,-3695.6131555555557
ID_CmZOly_Mg,-640.8384000000002
ID_CmZOly_S,-14.797219555555575
ID_CmZOly_Fe,-405.7619911111112
ID_CmZOly_Mn,-310.34823111111115
ID_CmZOly_Zn,-49.909553777777845
ID_CmZOly_Cu,-4.516643555555549
ID_CmZOly_B,-0.6802559999999999
ID_pvX28R_N,-6634.950666666666
ID_pvX28R_P,-1.631008000000108
ID_pvX28R_K,-460.005511111111
ID_pvX28R_Ca,-4209.519288888889
ID_pvX28R_Mg,-863.1596888888888
ID_pvX28R_S,-12.151113333333338
ID_pvX28R_Fe,-400.1787422222223
ID_pvX28R_Mn,-272.41715555555544
ID_pvX28R_Zn,-62.23755733333331
ID_pvX28R_Cu,-4.353096444444438
ID_pvX28R_B,-0.6687631111111114
ID_goJ60H_N,-5386.896
ID_goJ60H_P,-37.16153333333338
ID_goJ60H_K,-2226.8701333333333
ID_goJ60H_Ca,-7913.680266666667
ID_goJ60H_Mg,-816.0578666666667
ID_goJ60H_S,-11.711087999999993
ID_goJ60H_Fe,-415.45883999999995
ID_goJ60H_Mn,-343.4047466666665
ID_goJ60H_Zn,-71.89839466666656
ID_goJ60H_Cu,-4.524818666666663
ID_goJ60H_B,-2.1144239999999996
ID_LHRcrA_N,-6697.628000000001
ID_LHRcrA_P,-0.6296773333334045
ID_LHRcrA_K,-432.70973333333325
ID_LHRcrA_Ca,-4433.525466666666
ID_LHRcrA_Mg,-921.3019555555555
ID_LHRcrA_S,-11.392506666666673
ID_LHRcrA_Fe,-389.62504444444454
ID_LHRcrA_Mn,-315.1919244444442
ID_LHRcrA_Zn,-49.81202711111113
ID_LHRcrA_Cu,-4.655333777777773
ID_LHRcrA_B,-0.6809168888888892
ID_wHizLh_N,-6912.844444444444
ID_wHizLh_P,8.615349333333306
ID_wHizLh_K,-479.47075555555546
ID_wHizLh_Ca,-4326.467022222222
ID_wHizLh_Mg,-946.0097777777778
ID_wHizLh_S,-11.578469333333334
ID_wHizLh_Fe,-404.3488177777778
ID_wHizLh_Mn,-339.42844444444415
ID_wHizLh_Zn,-58.82310399999995
ID_wHizLh_Cu,-4.976126222222217
ID_wHizLh_B,-0.7278240000000001
ID_jFfB56_N,-7474.097333333335
ID_jFfB56_P,-19.350072000000154
ID_jFfB56_K,-483.5232
ID_jFfB56_Ca,-3601.720933333334
ID_jFfB56_Mg,-637.3638666666668
ID_jFfB56_S,-12.659020000000009
ID_jFfB56_Fe,-391.48978666666676
ID_jFfB56_Mn,-271.55493333333334
ID_jFfB56_Zn,-47.02068000000009
ID_jFfB56_Cu,-4.9958359999999855
ID_jFfB56_B,-0.5950280000000011
ID_wywDOS_N,-6290.222222222223
ID_wywDOS_P,7.109880888888831
ID_wywDOS_K,-801.892977777778
ID_wywDOS_Ca,-5037.920711111113
ID_wywDOS_Mg,-936.7274666666667
ID_wywDOS_S,-10.958158222222224
ID_wywDOS_Fe,-381.6625777777779
ID_wywDOS_Mn,-320.79608888888873
ID_wywDOS_Zn,-57.16954311111108
ID_wywDOS_Cu,-4.666524444444442
ID_wywDOS_B,-0.8379022222222222
ID_IH7zcG_N,-5593.165333333334
ID_IH7zcG_P,-114.84445733333337
ID_IH7zcG_K,-2396.5860000000007
ID_IH7zcG_Ca,-8191.753466666667
ID_IH7zcG_Mg,-891.0901333333334
ID_IH7zcG_S,-11.037630666666669
ID_IH7zcG_Fe,-351.8365906666666
ID_IH7zcG_Mn,-385.4142933333334
ID_IH7zcG_Zn,-20.93607466666666
ID_IH7zcG_Cu,-4.330477333333327
ID_IH7zcG_B,-2.327220000000001
ID_OUROVt_N,-6499.415555555555
ID_OUROVt_P,-2.648235555555601
ID_OUROVt_K,-1346.0166666666669
ID_OUROVt_Ca,-7301.013555555555
ID_OUROVt_Mg,-795.4973333333335
ID_OUROVt_S,-14.037942222222224
ID_OUROVt_Fe,-411.5387355555555
ID_OUROVt_Mn,-331.4899999999999
ID_OUROVt_Zn,-65.6166444444443
ID_OUROVt_Cu,-5.045073333333324
ID_OUROVt_B,-1.6115733333333357
ID_r0kQai_N,-5849.525333333333
ID_r0kQai_P,-175.64141555555557
ID_r0kQai_K,-2553.5288888888886
ID_r0kQai_Ca,-15231.40368888889
ID_r0kQai_Mg,-952.7611555555554
ID_r0kQai_S,-14.14453377777777
ID_r0kQai_Fe,-290.48647822222205
ID_r0kQai_Mn,-376.14462666666657
ID_r0kQai_Zn,-25.198116000000002
ID_r0kQai_Cu,-5.027932444444439
ID_r0kQai_B,-3.2240697777777667
ID_THKPYz_N,-6624.906222222222
ID_THKPYz_P,-43.10356488888894
ID_THKPYz_K,-472.07893333333334
ID_THKPYz_Ca,-4370.6070666666665
ID_THKPYz_Mg,-931.9390222222221
ID_THKPYz_S,-12.433914666666684
ID_THKPYz_Fe,-348.85916444444456
ID_THKPYz_Mn,-316.84825333333305
ID_THKPYz_Zn,-44.934193777777814
ID_THKPYz_Cu,-4.514510666666658
ID_THKPYz_B,-0.7457537777777784
ID_wrvnc8_N,-6372.137777777778
ID_wrvnc8_P,-39.24624711111113
ID_wrvnc8_K,-886.6985333333334
ID_wrvnc8_Ca,-4601.538888888889
ID_wrvnc8_Mg,-867.5039111111109
ID_wrvnc8_S,-12.889631111111136
ID_wrvnc8_Fe,-443.66365333333323
ID_wrvnc8_Mn,-315.1909199999999
ID_wrvnc8_Zn,-59.2825822222222
ID_wrvnc8_Cu,-4.656840444444439
ID_wrvnc8_B,-0.8126497777777777
ID_bwYnC8_N,-6516.5093333333325
ID_bwYnC8_P,3.3557386666665963
ID_bwYnC8_K,-1313.1069333333335
ID_bwYnC8_Ca,-6270.54
ID_bwYnC8_Mg,-793.8253333333334
ID_bwYnC8_S,-13.682274666666672
ID_bwYnC8_Fe,-413.0050026666667
ID_bwYnC8_Mn,-329.37210666666664
ID_bwYnC8_Zn,-19.077584000000012
ID_bwYnC8_Cu,-4.84341066666666
ID_bwYnC8_B,-1.7412640000000081
ID_bkT2OA_N,-6390.176000000001
ID_bkT2OA_P,13.942328888888895
ID_bkT2OA_K,-1272.785777777778
ID_bkT2OA_Ca,-5766.806755555557
ID_bkT2OA_Mg,-726.2520888888889
ID_bkT2OA_S,-13.285518222222258
ID_bkT2OA_Fe,-381.9055431111112
ID_bkT2OA_Mn,-337.59061333333324
ID_bkT2OA_Zn,-65.68527644444433
ID_bkT2OA_Cu,-4.617244444444439
ID_bkT2OA_B,-1.7317120000000088
ID_b062dn_N,-6983.504
ID_b062dn_P,-50.23495200000001
ID_b062dn_K,-436.7256
ID_b062dn_Ca,-3894.6026666666667
ID_b062dn_Mg,-638.2634666666668
ID_b062dn_S,-14.045250666666675
ID_b062dn_Fe,-404.0053866666667
ID_b062dn_Mn,-307.6665066666666
ID_b062dn_Zn,-76.94778399999993
ID_b062dn_Cu,-4.818178666666662
ID_b062dn_B,-0.6473199999999993
ID_66dYaX_N,-7115.988444444444
ID_66dYaX_P,7.208324444444351
ID_66dYaX_K,-491.71777777777777
ID_66dYaX_Ca,-4512.08328888889
ID_66dYaX_Mg,-866.6055111111111
ID_66dYaX_S,-13.67769155555558
ID_66dYaX_Fe,-425.96719111111116
ID_66dYaX_Mn,-285.6346222222221
ID_66dYaX_Zn,-59.32195022222229
ID_66dYaX_Cu,-4.972910222222215
ID_66dYaX_B,-0.6087004444444436
ID_PNaUT6_N,-6938.511111111111
ID_PNaUT6_P,-43.91136000000009
ID_PNaUT6_K,-1038.3328888888889
ID_PNaUT6_Ca,-6216.384666666667
ID_PNaUT6_Mg,-742.0095555555555
ID_PNaUT6_S,-14.836911111111153
ID_PNaUT6_Fe,-408.88775555555566
ID_PNaUT6_Mn,-291.8027333333332
ID_PNaUT6_Zn,-56.145551111111196
ID_PNaUT6_Cu,-5.342897777777772
ID_PNaUT6_B,-1.381062222222224
ID_m5we0e_N,-6666.957777777778
ID_m5we0e_P,-56.08755999999997
ID_m5we0e_K,-1160.1562222222221
ID_m5we0e_Ca,-5909.487999999999
ID_m5we0e_Mg,-714.9564444444445
ID_m5we0e_S,-12.109162222222235
ID_m5we0e_Fe,-415.11666666666673
ID_m5we0e_Mn,-302.94393333333323
ID_m5we0e_Zn,-82.65795777777781
ID_m5we0e_Cu,-5.134364444444441
ID_m5we0e_B,-1.3745711111111125
ID_R8807T_N,-7785.575555555555
ID_R8807T_P,5.912159999999943
ID_R8807T_K,-405.2246666666666
ID_R8807T_Ca,-4016.3784444444445
ID_R8807T_Mg,-656.8124444444445
ID_R8807T_S,-17.57779555555557
ID_R8807T_Fe,-413.05535555555554
ID_R8807T_Mn,-292.69462222222205
ID_R8807T_Zn,-74.37550444444449
ID_R8807T_Cu,-4.998408888888883
ID_R8807T_B,-0.5405399999999997
ID_efbMuo_N,-6746.680888888889
ID_efbMuo_P,18.50277688888887
ID_efbMuo_K,-472.2478222222222
ID_efbMuo_Ca,-4188.122844444445
ID_efbMuo_Mg,-843.5792
ID_efbMuo_S,-11.998698666666673
ID_efbMuo_Fe,-413.2091555555556
ID_efbMuo_Mn,-280.1833777777777
ID_efbMuo_Zn,-74.77624888888887
ID_efbMuo_Cu,-4.529758222222215
ID_efbMuo_B,-0.6280124444444449
ID_gHZx1v_N,-6553.636
ID_gHZx1v_P,-73.14091866666652
ID_gHZx1v_K,-838.614666666667
ID_gHZx1v_Ca,-4991.278133333334
ID_gHZx1v_Mg,-803.4297333333334
ID_gHZx1v_S,-12.064060000000012
ID_gHZx1v_Fe,-386.0438800000001
ID_gHZx1v_Mn,-276.2884666666667
ID_gHZx1v_Zn,-42.563265333333455
ID_gHZx1v_Cu,-4.414393333333328
ID_gHZx1v_B,-0.6692253333333333
ID_LFNuUO_N,-5778.656000000001
ID_LFNuUO_P,-145.3108195555554
ID_LFNuUO_K,-2543.4481777777783
ID_LFNuUO_Ca,-7957.183288888891
ID_LFNuUO_Mg,-849.6014222222223
ID_LFNuUO_S,-12.020067555555546
ID_LFNuUO_Fe,-361.4504604444444
ID_LFNuUO_Mn,-399.2573155555556
ID_LFNuUO_Zn,-33.106567111111126
ID_LFNuUO_Cu,-4.221212444444437
ID_LFNuUO_B,-2.5026702222222266
ID_tE7Q51_N,-5542.161777777778
ID_tE7Q51_P,-103.17880888888885
ID_tE7Q51_K,-1975.1352888888891
ID_tE7Q51_Ca,-7637.500444444446
ID_tE7Q51_Mg,-888.3384888888891
ID_tE7Q51_S,-10.100287999999988
ID_tE7Q51_Fe,-351.43094044444456
ID_tE7Q51_Mn,-371.86410666666654
ID_tE7Q51_Zn,-24.04984888888891
ID_tE7Q51_Cu,-4.278207999999994
ID_tE7Q51_B,-1.7623253333333313
ID_sWW3Ah_N,-6494.677333333333
ID_sWW3Ah_P,-51.36892088888891
ID_sWW3Ah_K,-1433.496
ID_sWW3Ah_Ca,-7213.609066666668
ID_sWW3Ah_Mg,-812.8881777777777
ID_sWW3Ah_S,-14.343703111111115
ID_sWW3Ah_Fe,-369.6880177777777
ID_sWW3Ah_Mn,-333.9640711111111
ID_sWW3Ah_Zn,-64.6296515555555
ID_sWW3Ah_Cu,-4.939934222222214
ID_sWW3Ah_B,-1.699079111111114
ID_jgJ52I_N,-6684.079999999999
ID_jgJ52I_P,-7.390120000000124
ID_jgJ52I_K,-761.8319999999999
ID_jgJ52I_Ca,-5007.826666666667
ID_jgJ52I_Mg,-800.5675555555555
ID_jgJ52I_S,-13.7713977777778
ID_jgJ52I_Fe,-395.8206888888889
ID_jgJ52I_Mn,-289.21651111111095
ID_jgJ52I_Zn,-57.87975111111116
ID_jgJ52I_Cu,-4.35113777777777
ID_jgJ52I_B,-0.8406644444444443
ID_ENWzSg_N,-5495.031111111111
ID_ENWzSg_P,-91.6493422222222
ID_ENWzSg_K,-2364.0835555555554
ID_ENWzSg_Ca,-7775.743777777779
ID_ENWzSg_Mg,-848.8777777777777
ID_ENWzSg_S,-21.48074222222224
ID_ENWzSg_Fe,-375.42382888888886
ID_ENWzSg_Mn,-368.0518222222222
ID_ENWzSg_Zn,-73.9592044444444
ID_ENWzSg_Cu,-4.6350088888888825
ID_ENWzSg_B,-2.353859999999999
ID_4Epfn2_N,-6156.360000000001
ID_4Epfn2_P,-48.00420444444458
ID_4Epfn2_K,-456.6253333333334
ID_4Epfn2_Ca,-4897.539555555556
ID_4Epfn2_Mg,-884.0706666666667
ID_4Epfn2_S,-11.409368888888899
ID_4Epfn2_Fe,-462.878844444444
ID_4Epfn2_Mn,-370.85097777777776
ID_4Epfn2_Zn,-12.394955555555539
ID_4Epfn2_Cu,-5.649946666666657
ID_4Epfn2_B,-0.5371733333333331
ID_BcQnOi_N,-6624.152888888888
ID_BcQnOi_P,5.139047999999953
ID_BcQnOi_K,-466.0372
ID_BcQnOi_Ca,-4068.9975111111107
ID_BcQnOi_Mg,-859.0314222222222
ID_BcQnOi_S,-11.282268888888893
ID_BcQnOi_Fe,-416.0032622222222
ID_BcQnOi_Mn,-316.37214666666654
ID_BcQnOi_Zn,-59.60239733333332
ID_BcQnOi_Cu,-4.61415155555555
ID_BcQnOi_B,-0.581728
ID_vozq33_N,-7641.65511111111
ID_vozq33_P,16.486508000000054
ID_vozq33_K,-398.7544888888889
ID_vozq33_Ca,-3760.6983555555557
ID_vozq33_Mg,-627.2357777777778
ID_vozq33_S,-13.713376000000018
ID_vozq33_Fe,-437.75852444444445
ID_vozq33_Mn,-282.89401333333313
ID_vozq33_Zn,-19.081501333333314
ID_vozq33_Cu,-4.392119111111105
ID_vozq33_B,-0.5035822222222217
ID_vHWzDz_N,-6761.533333333333
ID_vHWzDz_P,20.477170666666687
ID_vHWzDz_K,-463.50800000000004
ID_vHWzDz_Ca,-3930.0591999999997
ID_vHWzDz_Mg,-754.7512
ID_vHWzDz_S,-12.55853866666667
ID_vHWzDz_Fe,-391.27437333333336
ID_vHWzDz_Mn,-307.73895999999985
ID_vHWzDz_Zn,-60.13845866666657
ID_vHWzDz_Cu,-4.499485333333327
ID_vHWzDz_B,-0.5645306666666664
ID_JW3ZJz_N,-6701.545333333333
ID_JW3ZJz_P,8.503434666666621
ID_JW3ZJz_K,-423.94595555555554
ID_JW3ZJz_Ca,-4021.763511111111
ID_JW3ZJz_Mg,-739.9495111111111
ID_JW3ZJz_S,-13.13652355555557
ID_JW3ZJz_Fe,-421.2760933333334
ID_JW3ZJz_Mn,-303.3575599999999
ID_JW3ZJz_Zn,-75.17399822222212
ID_JW3ZJz_Cu,-4.379915111111105
ID_JW3ZJz_B,-0.6687631111111109
ID_SClbZh_N,-6430.144444444444
ID_SClbZh_P,10.356082222222202
ID_SClbZh_K,-932.908
ID_SClbZh_Ca,-6159.392044444445
ID_SClbZh_Mg,-861.0101777777778
ID_SClbZh_S,-12.52587155555559
ID_SClbZh_Fe,-348.94604888888887
ID_SClbZh_Mn,-331.257511111111
ID_SClbZh_Zn,-51.22990088888887
ID_SClbZh_Cu,-4.634089777777773
ID_SClbZh_B,-0.935643999999998
ID_4qY6X0_N,-5573.843555555555
ID_4qY6X0_P,-40.317471999999995
ID_4qY6X0_K,-1995.0752000000002
ID_4qY6X0_Ca,-7614.412266666666
ID_4qY6X0_Mg,-821.6577777777777
ID_4qY6X0_S,-12.505541333333355
ID_4qY6X0_Fe,-462.6225777777777
ID_4qY6X0_Mn,-341.4076622222221
ID_4qY6X0_Zn,-71.36254933333325
ID_4qY6X0_Cu,-4.491400888888883
ID_4qY6X0_B,-1.8032213333333322
ID_4G42GA_N,-6752.922666666667
ID_4G42GA_P,-13.719999111111207
ID_4G42GA_K,-441.6442666666667
ID_4G42GA_Ca,-3866.9133333333325
ID_4G42GA_Mg,-735.7308444444444
ID_4G42GA_S,-13.935358222222245
ID_4G42GA_Fe,-343.2463288888889
ID_4G42GA_Mn,-313.3799066666665
ID_4G42GA_Zn,-41.20017155555558
ID_4G42GA_Cu,-4.49984577777777
ID_4G42GA_B,-0.5761533333333335
ID_oAS7Fp_N,-6166.068888888889
ID_oAS7Fp_P,-105.31737333333322
ID_oAS7Fp_K,-1063.1166666666666
ID_oAS7Fp_Ca,-5675.337777777778
ID_oAS7Fp_Mg,-1009.6375555555555
ID_oAS7Fp_S,-13.269588888888919
ID_oAS7Fp_Fe,-426.68306
ID_oAS7Fp_Mn,-304.46908888888885
ID_oAS7Fp_Zn,-15.378817777777774
ID_oAS7Fp_Cu,-5.070884444444442
ID_oAS7Fp_B,-0.8511933333333342
ID_ZJet2c_N,-6636.386666666665
ID_ZJet2c_P,-90.09963733333322
ID_ZJet2c_K,-444.02666666666664
ID_ZJet2c_Ca,-4509.199466666666
ID_ZJet2c_Mg,-879.0973333333334
ID_ZJet2c_S,-13.174594666666675
ID_ZJet2c_Fe,-405.20461599999993
ID_ZJet2c_Mn,-294.1567466666666
ID_ZJet2c_Zn,-14.747306666666669
ID_ZJet2c_Cu,-4.93511733333333
ID_ZJet2c_B,-0.6973280000000004
ID_Zbn8dp_N,-6596.373333333334
ID_Zbn8dp_P,-17.221546666666825
ID_Zbn8dp_K,-1343.4099999999999
ID_Zbn8dp_Ca,-5664.384666666667
ID_Zbn8dp_Mg,-706.1193333333333
ID_Zbn8dp_S,-12.871433333333343
ID_Zbn8dp_Fe,-406.1773333333333
ID_Zbn8dp_Mn,-296.7339333333333
ID_Zbn8dp_Zn,-61.76363333333333
ID_Zbn8dp_Cu,-4.371786666666662
ID_Zbn8dp_B,-1.3752355555555564
ID_pB7y4Y_N,-6523.156
ID_pB7y4Y_P,-61.054995999999846
ID_pB7y4Y_K,-441.9305333333333
ID_pB7y4Y_Ca,-4469.946622222221
ID_pB7y4Y_Mg,-925.0183999999998
ID_pB7y4Y_S,-12.8502568888889
ID_pB7y4Y_Fe,-409.83240755555545
ID_pB7y4Y_Mn,-296.0055288888887
ID_pB7y4Y_Zn,-10.434992444444417
ID_pB7y4Y_Cu,-4.624447111111104
ID_pB7y4Y_B,-0.683176888888889
ID_Q4J5NU_N,-7832.700444444444
ID_Q4J5NU_P,-17.536737333333292
ID_Q4J5NU_K,-466.4640888888888
ID_Q4J5NU_Ca,-3956.1582222222223
ID_Q4J5NU_Mg,-656.8166666666667
ID_Q4J5NU_S,-15.043210222222235
ID_Q4J5NU_Fe,-416.82489777777766
ID_Q4J5NU_Mn,-363.69554222222206
ID_Q4J5NU_Zn,-10.965991999999991
ID_Q4J5NU_Cu,-4.9273373333333215
ID_Q4J5NU_B,-0.5185986666666663
ID_QPIoW4_N,-4987.598666666669
ID_QPIoW4_P,-15.878386666666671
ID_QPIoW4_K,-1532.3301333333336
ID_QPIoW4_Ca,-6912.885466666668
ID_QPIoW4_Mg,-764.0469333333335
ID_QPIoW4_S,-11.663868000000015
ID_QPIoW4_Fe,-417.7967866666667
ID_QPIoW4_Mn,-306.57173333333327
ID_QPIoW4_Zn,-46.32552399999998
ID_QPIoW4_Cu,-4.29559866666666
ID_QPIoW4_B,-1.3762213333333337
ID_O8GnQl_N,-7780.362222222222
ID_O8GnQl_P,-11.557515555555653
ID_O8GnQl_K,-421.98400000000004
ID_O8GnQl_Ca,-4121.570222222222
ID_O8GnQl_Mg,-635.2180000000001
ID_O8GnQl_S,-16.185988888888904
ID_O8GnQl_Fe,-411.0134666666667
ID_O8GnQl_Mn,-282.32928888888875
ID_O8GnQl_Zn,-76.52089333333335
ID_O8GnQl_Cu,-4.539635555555547
ID_O8GnQl_B,-0.6421999999999991
ID_X6WDPd_N,-6400.482666666667
ID_X6WDPd_P,-14.187797333333357
ID_X6WDPd_K,-1057.4834666666663
ID_X6WDPd_Ca,-6436.904
ID_X6WDPd_Mg,-785.1410666666666
ID_X6WDPd_S,-12.451176000000018
ID_X6WDPd_Fe,-442.46138666666667
ID_X6WDPd_Mn,-304.79877333333326
ID_X6WDPd_Zn,-54.21005333333336
ID_X6WDPd_Cu,-4.817063999999993
ID_X6WDPd_B,-1.7723226666666758
ID_xcNUjU_N,-6655.790222222223
ID_xcNUjU_P,-54.95733333333334
ID_xcNUjU_K,-477.67537777777784
ID_xcNUjU_Ca,-4134.837333333334
ID_xcNUjU_Mg,-830.3672888888891
ID_xcNUjU_S,-13.063360000000017
ID_xcNUjU_Fe,-389.9426133333333
ID_xcNUjU_Mn,-301.8003911111111
ID_xcNUjU_Zn,-48.22472533333344
ID_xcNUjU_Cu,-4.416739555555548
ID_xcNUjU_B,-0.6411306666666661
ID_NZssz0_N,-6632.0488888888885
ID_NZssz0_P,-12.046597777777833
ID_NZssz0_K,-1065.9022222222222
ID_NZssz0_Ca,-5602.724222222223
ID_NZssz0_Mg,-703.7426666666667
ID_NZssz0_S,-12.21946000000003
ID_NZssz0_Fe,-426.99182222222225
ID_NZssz0_Mn,-297.6866444444444
ID_NZssz0_Zn,-13.641244444444428
ID_NZssz0_Cu,-4.745102222222213
ID_NZssz0_B,-1.3466644444444462
ID_68Ad5e_N,-6861.649777777779
ID_68Ad5e_P,-66.94978311111105
ID_68Ad5e_K,-478.58399999999995
ID_68Ad5e_Ca,-4305.90151111111
ID_68Ad5e_Mg,-837.9390222222221
ID_68Ad5e_S,-14.760736000000037
ID_68Ad5e_Fe,-395.5049777777778
ID_68Ad5e_Mn,-305.42033777777766
ID_68Ad5e_Zn,-65.80027199999998
ID_68Ad5e_Cu,-4.799084444444438
ID_68Ad5e_B,-0.683022222222222
ID_vyhRKD_N,-7031.130666666668
ID_vyhRKD_P,-12.66105866666674
ID_vyhRKD_K,-452.81733333333324
ID_vyhRKD_Ca,-4011.779466666667
ID_vyhRKD_Mg,-701.5714666666667
ID_vyhRKD_S,-16.097453333333352
ID_vyhRKD_Fe,-386.36426666666665
ID_vyhRKD_Mn,-280.48079999999993
ID_vyhRKD_Zn,-11.591431999999974
ID_vyhRKD_Cu,-4.684317333333328
ID_vyhRKD_B,-0.6633813333333329
ID_Ktsl38_N,-7866.467555555555
ID_Ktsl38_P,-57.220837333333336
ID_Ktsl38_K,-379.8808888888889
ID_Ktsl38_Ca,-3965.2945777777772
ID_Ktsl38_Mg,-638.5994666666667
ID_Ktsl38_S,-16.360865777777793
ID_Ktsl38_Fe,-414.38874666666663
ID_Ktsl38_Mn,-297.77980444444444
ID_Ktsl38_Zn,-14.821210666666643
ID_Ktsl38_Cu,-4.479336888888882
ID_Ktsl38_B,-0.6495111111111097
ID_BBeIw4_N,-7330.736000000001
ID_BBeIw4_P,11.405775999999975
ID_BBeIw4_K,-391.7168000000001
ID_BBeIw4_Ca,-3604.704
ID_BBeIw4_Mg,-584.4928
ID_BBeIw4_S,-13.627824000000029
ID_BBeIw4_Fe,-392.56192000000004
ID_BBeIw4_Mn,-260.40896000000004
ID_BBeIw4_Zn,-9.01649599999998
ID_BBeIw4_Cu,-4.008591999999991
ID_BBeIw4_B,-0.59008
ID_sZ4NhL_N,-6693.742666666669
ID_sZ4NhL_P,12.719702666666649
ID_sZ4NhL_K,-455.58573333333334
ID_sZ4NhL_Ca,-3762.0592000000006
ID_sZ4NhL_Mg,-768.0084000000002
ID_sZ4NhL_S,-11.87812266666667
ID_sZ4NhL_Fe,-397.1813733333333
ID_sZ4NhL_Mn,-272.54604
ID_sZ4NhL_Zn,-54.906021333333406
ID_sZ4NhL_Cu,-4.36224799999999
ID_sZ4NhL_B,-0.5849640000000004
ID_ur9cuL_N,-4470.733333333333
ID_ur9cuL_P,-62.495703555555565
ID_ur9cuL_K,-356.628888888889
ID_ur9cuL_Ca,-4001.0166666666664
ID_ur9cuL_Mg,-897.9256444444445
ID_ur9cuL_S,-12.634872000000044
ID_ur9cuL_Fe,-419.68179111111084
ID_ur9cuL_Mn,-356.4563111111111
ID_ur9cuL_Zn,-15.578479555555537
ID_ur9cuL_Cu,-5.596813777777773
ID_ur9cuL_B,-0.5769066666666666
ID_B6HrlA_N,-4268.643555555556
ID_B6HrlA_P,-24.53312666666669
ID_B6HrlA_K,-903.9475111111113
ID_B6HrlA_Ca,-5655.894622222223
ID_B6HrlA_Mg,-842.9638666666666
ID_B6HrlA_S,-9.966053777777802
ID_B6HrlA_Fe,-345.8276888888889
ID_B6HrlA_Mn,-325.9766311111111
ID_B6HrlA_Zn,-17.68323777777776
ID_B6HrlA_Cu,-5.427439111111105
ID_B6HrlA_B,-1.2360524444444456
ID_vPEoeE_N,-4304.96
ID_vPEoeE_P,-38.479664
ID_vPEoeE_K,-747.1664000000001
ID_vPEoeE_Ca,-6729.816000000001
ID_vPEoeE_Mg,-862.4272000000001
ID_vPEoeE_S,-13.32801600000002
ID_vPEoeE_Fe,-355.84384
ID_vPEoeE_Mn,-369.86864
ID_vPEoeE_Zn,-34.984016
ID_vPEoeE_Cu,-5.046063999999997
ID_vPEoeE_B,-1.6589920000000054
ID_XRaYH4_N,-5457.982222222223
ID_XRaYH4_P,-59.60490222222228
ID_XRaYH4_K,-2130.5271111111115
ID_XRaYH4_Ca,-6316.422222222223
ID_XRaYH4_Mg,-782.2302222222223
ID_XRaYH4_S,-11.340337777777776
ID_XRaYH4_Fe,-448.85799999999983
ID_XRaYH4_Mn,-370.9067111111111
ID_XRaYH4_Zn,-38.133439999999986
ID_XRaYH4_Cu,-5.69311555555556
ID_XRaYH4_B,-2.0265733333333347
ID_zIN0aD_N,-4341.825333333334
ID_zIN0aD_P,-33.266265333333294
ID_zIN0aD_K,-806.5233333333334
ID_zIN0aD_Ca,-6065.526266666669
ID_zIN0aD_Mg,-897.3061333333334
ID_zIN0aD_S,-11.143352000000036
ID_zIN0aD_Fe,-335.5068133333334
ID_zIN0aD_Mn,-350.4364666666667
ID_zIN0aD_Zn,-17.21979466666664
ID_zIN0aD_Cu,-5.153455999999996
ID_zIN0aD_B,-1.197536000000001
ID_PEoDdq_N,-3943.697777777779
ID_PEoDdq_P,-32.17608533333326
ID_PEoDdq_K,-542.5059555555556
ID_PEoDdq_Ca,-5099.510755555556
ID_PEoDdq_Mg,-1098.271288888889
ID_PEoDdq_S,-11.629660444444482
ID_PEoDdq_Fe,-292.2631822222221
ID_PEoDdq_Mn,-316.47089777777785
ID_PEoDdq_Zn,-8.539939555555547
ID_PEoDdq_Cu,-5.696327111111101
ID_PEoDdq_B,-1.0376604444444462
ID_KdVvs6_N,-4790.0
ID_KdVvs6_P,-76.65920000000004
ID_KdVvs6_K,-1299.3104000000003
ID_KdVvs6_Ca,-6278.016
ID_KdVvs6_Mg,-879.9328000000002
ID_KdVvs6_S,-9.973392000000018
ID_KdVvs6_Fe,-320.09776000000005
ID_KdVvs6_Mn,-353.34224000000006
ID_KdVvs6_Zn,-18.055087999999973
ID_KdVvs6_Cu,-5.378607999999993
ID_KdVvs6_B,-1.6228479999999987
ID_UpUPBz_N,-6029.572
ID_UpUPBz_P,-66.74165822222217
ID_UpUPBz_K,-1246.0736888888891
ID_UpUPBz_Ca,-6456.426355555555
ID_UpUPBz_Mg,-813.5853333333333
ID_UpUPBz_S,-12.453651999999995
ID_UpUPBz_Fe,-397.1556155555556
ID_UpUPBz_Mn,-358.2499466666666
ID_UpUPBz_Zn,-33.05990266666666
ID_UpUPBz_Cu,-4.425366222222214
ID_UpUPBz_B,-1.0301622222222198
ID_MrWmeD_N,-5168.562222222223
ID_MrWmeD_P,-114.14611244444421
ID_MrWmeD_K,-1541.430577777778
ID_MrWmeD_Ca,-7134.386177777777
ID_MrWmeD_Mg,-827.1101777777778
ID_MrWmeD_S,-11.439866222222204
ID_MrWmeD_Fe,-400.59131777777776
ID_MrWmeD_Mn,-343.9109999999998
ID_MrWmeD_Zn,-17.892188888888885
ID_MrWmeD_Cu,-4.6882293333333305
ID_MrWmeD_B,-1.738395999999996
ID_RCPloR_N,-4761.06
ID_RCPloR_P,-68.49544533333334
ID_RCPloR_K,-2333.3308
ID_RCPloR_Ca,-6698.897200000001
ID_RCPloR_Mg,-920.0438666666668
ID_RCPloR_S,-12.684130666666718
ID_RCPloR_Fe,-359.21493333333336
ID_RCPloR_Mn,-369.4702533333333
ID_RCPloR_Zn,-24.702872000000006
ID_RCPloR_Cu,-5.925325333333332
ID_RCPloR_B,-1.8747839999999982
ID_I67jvO_N,-5480.341777777779
ID_I67jvO_P,-93.33844311111116
ID_I67jvO_K,-2197.83
ID_I67jvO_Ca,-7645.552977777777
ID_I67jvO_Mg,-947.4576888888889
ID_I67jvO_S,-11.641759555555584
ID_I67jvO_Fe,-356.67876444444437
ID_I67jvO_Mn,-393.4627555555554
ID_I67jvO_Zn,-26.711311555555532
ID_I67jvO_Cu,-4.776319111111103
ID_I67jvO_B,-2.0870386666666656
ID_PpQOOY_N,-4390.784
ID_PpQOOY_P,-17.681695999999988
ID_PpQOOY_K,-1329.5456000000001
ID_PpQOOY_Ca,-5845.5792
ID_PpQOOY_Mg,-886.4656
ID_PpQOOY_S,-9.620832000000036
ID_PpQOOY_Fe,-331.71712
ID_PpQOOY_Mn,-349.03999999999996
ID_PpQOOY_Zn,-19.572463999999975
ID_PpQOOY_Cu,-5.6465439999999925
ID_PpQOOY_B,-1.297936000000001
ID_iw8DUY_N,-4701.536000000001
ID_iw8DUY_P,-61.45265600000003
ID_iw8DUY_K,-2083.2416000000003
ID_iw8DUY_Ca,-7058.731200000001
ID_iw8DUY_Mg,-937.5856
ID_iw8DUY_S,-10.483200000000014
ID_iw8DUY_Fe,-297.87424000000004
ID_iw8DUY_Mn,-405.9031999999999
ID_iw8DUY_Zn,-26.58094400000002
ID_iw8DUY_Cu,-8.047455999999999
ID_iw8DUY_B,-1.958176
ID_YSowcb_N,-5199.880000000001
ID_YSowcb_P,-55.17371866666673
ID_YSowcb_K,-2013.0538666666666
ID_YSowcb_Ca,-6627.3490666666685
ID_YSowcb_Mg,-880.8337333333335
ID_YSowcb_S,-11.228797333333347
ID_YSowcb_Fe,-352.91210666666666
ID_YSowcb_Mn,-402.5117466666667
ID_YSowcb_Zn,-44.83358533333337
ID_YSowcb_Cu,-5.491981333333322
ID_YSowcb_B,-1.940742666666667
ID_eHdmT4_N,-5037.3422222222225
ID_eHdmT4_P,-60.895764444444524
ID_eHdmT4_K,-1940.3151111111115
ID_eHdmT4_Ca,-7391.40088888889
ID_eHdmT4_Mg,-951.7964444444444
ID_eHdmT4_S,-11.52024888888893
ID_eHdmT4_Fe,-342.01172444444444
ID_eHdmT4_Mn,-372.4555111111111
ID_eHdmT4_Zn,-37.063799999999986
ID_eHdmT4_Cu,-5.754031111111104
ID_eHdmT4_B,-1.8704711111111108
ID_59UUDv_N,-4738.28
ID_59UUDv_P,-53.27036666666672
ID_59UUDv_K,-707.8126666666667
ID_59UUDv_Ca,-7112.168222222222
ID_59UUDv_Mg,-1308.3002222222221
ID_59UUDv_S,-13.204166666666708
ID_59UUDv_Fe,-436.8526888888888
ID_59UUDv_Mn,-349.0507555555556
ID_59UUDv_Zn,-9.427848888888896
ID_59UUDv_Cu,-4.825295555555555
ID_59UUDv_B,-0.8907022222222224
ID_dzRpnQ_N,-5203.3240000000005
ID_dzRpnQ_P,-50.01059600000008
ID_dzRpnQ_K,-1124.3336
ID_dzRpnQ_Ca,-7232.270799999998
ID_dzRpnQ_Mg,-962.84
ID_dzRpnQ_S,-11.886720000000029
ID_dzRpnQ_Fe,-403.08218
ID_dzRpnQ_Mn,-359.5705199999999
ID_dzRpnQ_Zn,-13.571048000000008
ID_dzRpnQ_Cu,-5.040247999999994
ID_dzRpnQ_B,-1.7074999999999996
ID_ruUUbH_N,-5136.360000000001
ID_ruUUbH_P,-49.934107555555556
ID_ruUUbH_K,-2216.2221777777777
ID_ruUUbH_Ca,-6343.131155555557
ID_ruUUbH_Mg,-853.5117777777778
ID_ruUUbH_S,-9.484190666666702
ID_ruUUbH_Fe,-303.8399822222222
ID_ruUUbH_Mn,-415.627808888889
ID_ruUUbH_Zn,-24.574080000000006
ID_ruUUbH_Cu,-5.088195555555546
ID_ruUUbH_B,-2.0625524444444445
ID_j1xt01_N,-4637.7697777777785
ID_j1xt01_P,-57.24563377777781
ID_j1xt01_K,-2148.918311111111
ID_j1xt01_Ca,-6967.696311111113
ID_j1xt01_Mg,-952.4740888888891
ID_j1xt01_S,-10.615998222222263
ID_j1xt01_Fe,-305.70218666666676
ID_j1xt01_Mn,-398.08559111111117
ID_j1xt01_Zn,-37.73139733333331
ID_j1xt01_Cu,-6.178389333333327
ID_j1xt01_B,-1.9613035555555576
ID_FHjjT5_N,-4328.72888888889
ID_FHjjT5_P,-50.37703111111112
ID_FHjjT5_K,-2109.828977777778
ID_FHjjT5_Ca,-20292.629333333338
ID_FHjjT5_Mg,-802.0686222222223
ID_FHjjT5_S,-19.583402666666714
ID_FHjjT5_Fe,-196.4081564444445
ID_FHjjT5_Mn,-434.3750400000001
ID_FHjjT5_Zn,-15.149831111111121
ID_FHjjT5_Cu,-5.754915555555546
ID_FHjjT5_B,-2.9200568888888867
ID_tac6b9_N,-3970.635555555556
ID_tac6b9_P,-48.62207733333342
ID_tac6b9_K,-1284.433866666667
ID_tac6b9_Ca,-5615.949866666667
ID_tac6b9_Mg,-679.5112888888889
ID_tac6b9_S,-10.076455111111148
ID_tac6b9_Fe,-195.04936888888884
ID_tac6b9_Mn,-335.4108266666666
ID_tac6b9_Zn,-14.03230044444445
ID_tac6b9_Cu,-5.476417777777768
ID_tac6b9_B,-1.4806026666666683
ID_c013mf_N,-3750.56
ID_c013mf_P,-50.27881333333336
ID_c013mf_K,-1096.8866666666668
ID_c013mf_Ca,-5360.719333333333
ID_c013mf_Mg,-623.1106666666668
ID_c013mf_S,-9.290406666666708
ID_c013mf_Fe,-262.60626666666656
ID_c013mf_Mn,-326.78233333333344
ID_c013mf_Zn,-9.600526666666665
ID_c013mf_Cu,-4.174393333333324
ID_c013mf_B,-1.3965800000000008
ID_tLq5v4_N,-3407.7120000000004
ID_tLq5v4_P,-15.580789333333342
ID_tLq5v4_K,-682.9009777777778
ID_tLq5v4_Ca,-5068.538666666667
ID_tLq5v4_Mg,-627.8698666666668
ID_tLq5v4_S,-8.533251555555594
ID_tLq5v4_Fe,-299.47434666666663
ID_tLq5v4_Mn,-315.9176177777777
ID_tLq5v4_Zn,-10.73040355555556
ID_tLq5v4_Cu,-4.188430222222216
ID_tLq5v4_B,-1.3003804444444473
ID_KjdMfj_N,-4995.648
ID_KjdMfj_P,-92.69415288888882
ID_KjdMfj_K,-2141.627022222222
ID_KjdMfj_Ca,-15738.557333333334
ID_KjdMfj_Mg,-1091.8655999999999
ID_KjdMfj_S,-20.223408000000056
ID_KjdMfj_Fe,-320.97750399999984
ID_KjdMfj_Mn,-496.6063822222222
ID_KjdMfj_Zn,-13.902542222222229
ID_KjdMfj_Cu,-5.491681777777771
ID_KjdMfj_B,-2.9948764444444365
ID_fhsTso_N,-4376.737333333334
ID_fhsTso_P,-33.16127377777775
ID_fhsTso_K,-1899.4850222222224
ID_fhsTso_Ca,-6055.917688888891
ID_fhsTso_Mg,-872.2248
ID_fhsTso_S,-9.811450666666673
ID_fhsTso_Fe,-310.07589777777775
ID_fhsTso_Mn,-372.2543688888889
ID_fhsTso_Zn,-43.55412577777777
ID_fhsTso_Cu,-5.6987911111111025
ID_fhsTso_B,-1.5265693333333314
ID_nJxAAX_N,-4114.521333333334
ID_nJxAAX_P,-6.234651111111106
ID_nJxAAX_K,-672.1717777777778
ID_nJxAAX_Ca,-5973.664755555556
ID_nJxAAX_Mg,-833.5478222222223
ID_nJxAAX_S,-11.330844444444484
ID_nJxAAX_Fe,-339.5304577777778
ID_nJxAAX_Mn,-353.22022222222233
ID_nJxAAX_Zn,-18.888203999999984
ID_nJxAAX_Cu,-4.987382666666662
ID_nJxAAX_B,-1.0987017777777772
ID_4vXtuo_N,-4298.240000000001
ID_4vXtuo_P,-28.5456333333333
ID_4vXtuo_K,-1318.8240000000003
ID_4vXtuo_Ca,-6833.799333333333
ID_4vXtuo_Mg,-829.7926666666668
ID_4vXtuo_S,-9.772566666666691
ID_4vXtuo_Fe,-298.43786666666654
ID_4vXtuo_Mn,-378.8133333333334
ID_4vXtuo_Zn,-45.391620000000025
ID_4vXtuo_Cu,-4.912846666666657
ID_4vXtuo_B,-1.598086666666665
ID_lUvZ6R_N,-4022.576
ID_lUvZ6R_P,-35.26361599999997
ID_lUvZ6R_K,-1385.7632
ID_lUvZ6R_Ca,-7047.5616
ID_lUvZ6R_Mg,-887.9248
ID_lUvZ6R_S,-9.831504000000024
ID_lUvZ6R_Fe,-305.3358399999999
ID_lUvZ6R_Mn,-396.8432000000001
ID_lUvZ6R_Zn,-24.97750400000001
ID_lUvZ6R_Cu,-5.018799999999993
ID_lUvZ6R_B,-1.2935199999999998
ID_VJUe7j_N,-5013.8640000000005
ID_VJUe7j_P,-70.22120266666668
ID_VJUe7j_K,-1995.142666666667
ID_VJUe7j_Ca,-6220.814133333333
ID_VJUe7j_Mg,-890.9412444444447
ID_VJUe7j_S,-9.610432000000003
ID_VJUe7j_Fe,-324.77640888888885
ID_VJUe7j_Mn,-368.4088622222222
ID_VJUe7j_Zn,-24.695806222222224
ID_VJUe7j_Cu,-5.054207999999995
ID_VJUe7j_B,-1.7550719999999995
ID_iYdpzz_N,-6885.662222222221
ID_iYdpzz_P,-2.806475555555636
ID_iYdpzz_K,-986.5828888888889
ID_iYdpzz_Ca,-5929.610444444444
ID_iYdpzz_Mg,-700.819111111111
ID_iYdpzz_S,-12.90746666666669
ID_iYdpzz_Fe,-399.12962222222217
ID_iYdpzz_Mn,-316.40557777777775
ID_iYdpzz_Zn,-60.75066222222214
ID_iYdpzz_Cu,-4.904773333333329
ID_iYdpzz_B,-0.9800444444444433
ID_uYTDGb_N,-6561.927555555555
ID_uYTDGb_P,-7.550600888889008
ID_uYTDGb_K,-1288.5918222222222
ID_uYTDGb_Ca,-6011.0808
ID_uYTDGb_Mg,-690.1943555555555
ID_uYTDGb_S,-12.87130000000002
ID_uYTDGb_Fe,-399.37393111111106
ID_uYTDGb_Mn,-319.0741022222222
ID_uYTDGb_Zn,-16.11402088888888
ID_uYTDGb_Cu,-4.716002222222214
ID_uYTDGb_B,-1.2497839999999991
ID_FHjBIb_N,-5591.533777777778
ID_FHjBIb_P,-57.772220444444415
ID_FHjBIb_K,-2240.865422222222
ID_FHjBIb_Ca,-7670.207066666666
ID_FHjBIb_Mg,-805.5497777777776
ID_FHjBIb_S,-12.571021333333338
ID_FHjBIb_Fe,-352.8794533333333
ID_FHjBIb_Mn,-425.3121822222221
ID_FHjBIb_Zn,-22.109800888888888
ID_FHjBIb_Cu,-4.864057333333328
ID_FHjBIb_B,-2.297821333333333
ID_cThAnU_N,-6220.616
ID_cThAnU_P,-98.93179999999981
ID_cThAnU_K,-1461.5146666666665
ID_cThAnU_Ca,-7232.705066666666
ID_cThAnU_Mg,-953.8965333333334
ID_cThAnU_S,-11.28842666666667
ID_cThAnU_Fe,-495.9793199999999
ID_cThAnU_Mn,-324.3890399999998
ID_cThAnU_Zn,-12.553591999999995
ID_cThAnU_Cu,-4.594687999999995
ID_cThAnU_B,-1.4413680000000015
ID_U4ODtn_N,-5316.617333333333
ID_U4ODtn_P,-56.81870133333338
ID_U4ODtn_K,-1671.0641777777776
ID_U4ODtn_Ca,-7292.174355555556
ID_U4ODtn_Mg,-868.6088
ID_U4ODtn_S,-12.13363600000001
ID_U4ODtn_Fe,-472.89836044444445
ID_U4ODtn_Mn,-322.78251111111086
ID_U4ODtn_Zn,-19.24236311111113
ID_U4ODtn_Cu,-4.789376888888881
ID_U4ODtn_B,-1.7584848888888869
ID_rQN0i2_N,-6230.877777777778
ID_rQN0i2_P,-65.66061999999988
ID_rQN0i2_K,-1045.4986666666666
ID_rQN0i2_Ca,-5506.533111111111
ID_rQN0i2_Mg,-1031.978222222222
ID_rQN0i2_S,-13.032637777777808
ID_rQN0i2_Fe,-424.7899044444445
ID_rQN0i2_Mn,-294.2683333333333
ID_rQN0i2_Zn,-16.476684444444448
ID_rQN0i2_Cu,-5.284784444444441
ID_rQN0i2_B,-0.938388888888891
ID_9S9S6r_N,-6085.790222222222
ID_9S9S6r_P,-107.62113599999978
ID_9S9S6r_K,-1438.1308444444446
ID_9S9S6r_Ca,-7765.217422222223
ID_9S9S6r_Mg,-962.8632888888887
ID_9S9S6r_S,-11.6026488888889
ID_9S9S6r_Fe,-494.03728533333333
ID_9S9S6r_Mn,-341.3478577777777
ID_9S9S6r_Zn,-15.819687111111106
ID_9S9S6r_Cu,-4.996851555555552
ID_9S9S6r_B,-1.1904319999999997
ID_tu0Jlq_N,-5622.4511111111115
ID_tu0Jlq_P,-68.62567777777768
ID_tu0Jlq_K,-2490.6193333333335
ID_tu0Jlq_Ca,-7729.769333333334
ID_tu0Jlq_Mg,-841.0577777777777
ID_tu0Jlq_S,-13.448682222222239
ID_tu0Jlq_Fe,-405.91610444444444
ID_tu0Jlq_Mn,-417.9853333333333
ID_tu0Jlq_Zn,-24.846691111111113
ID_tu0Jlq_Cu,-4.786706666666663
ID_tu0Jlq_B,-2.3081666666666663
ID_Ha1GhP_N,-5341.493333333334
ID_Ha1GhP_P,-110.96417999999989
ID_Ha1GhP_K,-2199.2144444444443
ID_Ha1GhP_Ca,-9436.54311111111
ID_Ha1GhP_Mg,-859.2073333333333
ID_Ha1GhP_S,-13.419855555555571
ID_Ha1GhP_Fe,-406.19154222222227
ID_Ha1GhP_Mn,-421.5789555555556
ID_Ha1GhP_Zn,-67.33592000000002
ID_Ha1GhP_Cu,-4.822944444444437
ID_Ha1GhP_B,-2.2188244444444467
ID_ioVfOe_N,-6031.38
ID_ioVfOe_P,-22.119665777777826
ID_ioVfOe_K,-1218.9938666666667
ID_ioVfOe_Ca,-6843.579422222222
ID_ioVfOe_Mg,-800.0805777777778
ID_ioVfOe_S,-12.142876888888892
ID_ioVfOe_Fe,-389.25967777777777
ID_ioVfOe_Mn,-357.8009599999999
ID_ioVfOe_Zn,-18.272421333333345
ID_ioVfOe_Cu,-4.471018222222216
ID_ioVfOe_B,-1.677677333333341
ID_PEyH4c_N,-6514.120000000002
ID_PEyH4c_P,12.897302666666608
ID_PEyH4c_K,-377.4565333333334
ID_PEyH4c_Ca,-3690.2545333333337
ID_PEyH4c_Mg,-620.6349333333334
ID_PEyH4c_S,-14.24178133333335
ID_PEyH4c_Fe,-372.5225013333334
ID_PEyH4c_Mn,-302.4765733333332
ID_PEyH4c_Zn,-11.432451999999987
ID_PEyH4c_Cu,-4.291651999999995
ID_PEyH4c_B,-0.5858026666666661
ID_MQQwWo_N,-6402.815555555555
ID_MQQwWo_P,-3.0111755555556172
ID_MQQwWo_K,-1056.4211111111113
ID_MQQwWo_Ca,-7144.419333333333
ID_MQQwWo_Mg,-873.3446666666667
ID_MQQwWo_S,-11.536257777777806
ID_MQQwWo_Fe,-459.5674888888889
ID_MQQwWo_Mn,-330.94004444444437
ID_MQQwWo_Zn,-13.375466666666657
ID_MQQwWo_Cu,-4.661944444444437
ID_MQQwWo_B,-1.6912044444444516
ID_dSKNQ1_N,-4190.161777777777
ID_dSKNQ1_P,-15.321852444444474
ID_dSKNQ1_K,-379.43359999999996
ID_dSKNQ1_Ca,-3220.380088888889
ID_dSKNQ1_Mg,-598.4586666666667
ID_dSKNQ1_S,-14.41119288888893
ID_dSKNQ1_Fe,-361.27160888888847
ID_dSKNQ1_Mn,-302.09578666666664
ID_dSKNQ1_Zn,-47.56369066666675
ID_dSKNQ1_Cu,-5.220572444444438
ID_dSKNQ1_B,-0.5866631111111107
ID_oIYLpQ_N,-5100.360444444444
ID_oIYLpQ_P,-152.61060933333331
ID_oIYLpQ_K,-2598.9900444444447
ID_oIYLpQ_Ca,-8752.787244444444
ID_oIYLpQ_Mg,-951.5909777777778
ID_oIYLpQ_S,-12.244225333333347
ID_oIYLpQ_Fe,-358.3345911111111
ID_oIYLpQ_Mn,-347.59379555555546
ID_oIYLpQ_Zn,-37.08948266666662
ID_oIYLpQ_Cu,-4.886406222222218
ID_oIYLpQ_B,-2.4760599999999995
ID_HiS1Nx_N,-4738.961333333333
ID_HiS1Nx_P,-91.32588799999994
ID_HiS1Nx_K,-2064.766222222222
ID_HiS1Nx_Ca,-14956.442044444444
ID_HiS1Nx_Mg,-1028.4711555555555
ID_HiS1Nx_S,-33.480239999999995
ID_HiS1Nx_Fe,-272.41993777777753
ID_HiS1Nx_Mn,-526.7083377777776
ID_HiS1Nx_Zn,-65.45012222222225
ID_HiS1Nx_Cu,-5.991546222222218
ID_HiS1Nx_B,-3.415717777777771
ID_olajjF_N,-5606.325333333334
ID_olajjF_P,22.605454222222185
ID_olajjF_K,-422.6112000000001
ID_olajjF_Ca,-3956.18488888889
ID_olajjF_Mg,-779.474488888889
ID_olajjF_S,-16.53242311111115
ID_olajjF_Fe,-313.33212444444405
ID_olajjF_Mn,-339.7868088888889
ID_olajjF_Zn,-7.570616888888884
ID_olajjF_Cu,-6.1994311111111005
ID_olajjF_B,-0.6851839999999995
ID_EZZk8R_N,-8769.422222222223
ID_EZZk8R_P,17.749688888888883
ID_EZZk8R_K,-468.93066666666675
ID_EZZk8R_Ca,-3628.4475555555564
ID_EZZk8R_Mg,-534.524888888889
ID_EZZk8R_S,-18.954342222222238
ID_EZZk8R_Fe,-412.3604888888888
ID_EZZk8R_Mn,-288.3622222222222
ID_EZZk8R_Zn,-10.949848888888885
ID_EZZk8R_Cu,-4.776204444444428
ID_EZZk8R_B,-0.5005066666666662
ID_u3KzDS_N,-8683.11288888889
ID_u3KzDS_P,17.79888888888888
ID_u3KzDS_K,-450.77920000000006
ID_u3KzDS_Ca,-3457.3281777777784
ID_u3KzDS_Mg,-511.59315555555565
ID_u3KzDS_S,-14.401019555555571
ID_u3KzDS_Fe,-407.6514488888889
ID_u3KzDS_Mn,-336.9890488888889
ID_u3KzDS_Zn,-12.730431999999999
ID_u3KzDS_Cu,-4.4617386666666565
ID_u3KzDS_B,-0.4863697777777774
ID_655ct9_N,-8332.495555555555
ID_655ct9_P,17.810641333333336
ID_655ct9_K,-440.1523111111112
ID_655ct9_Ca,-3188.2512000000006
ID_655ct9_Mg,-491.0647555555556
ID_655ct9_S,-13.135936888888914
ID_655ct9_Fe,-376.08340888888887
ID_655ct9_Mn,-319.72720444444445
ID_655ct9_Zn,-14.573132888888905
ID_655ct9_Cu,-4.231197333333322
ID_655ct9_B,-0.5217946666666662
ID_80fudi_N,-9307.959555555555
ID_80fudi_P,-10.960455111111159
ID_80fudi_K,-461.661288888889
ID_80fudi_Ca,-2921.2093777777777
ID_80fudi_Mg,-413.2632000000001
ID_80fudi_S,-19.2841626666667
ID_80fudi_Fe,-406.7723155555556
ID_80fudi_Mn,-257.90141777777785
ID_80fudi_Zn,-13.065375555555537
ID_80fudi_Cu,-4.8398208888888785
ID_80fudi_B,-0.519064
ID_BVkFk8_N,-9715.275555555558
ID_BVkFk8_P,3.157137777777912
ID_BVkFk8_K,-442.8533333333334
ID_BVkFk8_Ca,-2810.355555555556
ID_BVkFk8_Mg,-438.908
ID_BVkFk8_S,-19.87873333333337
ID_BVkFk8_Fe,-401.65675555555566
ID_BVkFk8_Mn,-255.48053333333334
ID_BVkFk8_Zn,-49.768457777777805
ID_BVkFk8_Cu,-5.148248888888877
ID_BVkFk8_B,-0.5548711111111109
ID_irwhmG_N,-9787.511111111111
ID_irwhmG_P,-7.988388444444475
ID_irwhmG_K,-451.93848888888897
ID_irwhmG_Ca,-2989.050977777778
ID_irwhmG_Mg,-461.6204444444445
ID_irwhmG_S,-19.568676888888913
ID_irwhmG_Fe,-404.5487155555557
ID_irwhmG_Mn,-255.01364444444445
ID_irwhmG_Zn,-12.005653333333319
ID_irwhmG_Cu,-5.114936888888879
ID_irwhmG_B,-0.5479368888888897
ID_MOBzRe_N,-5577.68888888889
ID_MOBzRe_P,-103.15086266666651
ID_MOBzRe_K,-1508.6620000000003
ID_MOBzRe_Ca,-9576.138977777779
ID_MOBzRe_Mg,-940.6245777777779
ID_MOBzRe_S,-15.160232444444457
ID_MOBzRe_Fe,-431.1573111111112
ID_MOBzRe_Mn,-298.32685333333325
ID_MOBzRe_Zn,-18.17849288888892
ID_MOBzRe_Cu,-4.926439555555552
ID_MOBzRe_B,-1.6075137777777773
ID_sgNveP_N,-8392.82
ID_sgNveP_P,-15.294493333333463
ID_sgNveP_K,-420.9526666666667
ID_sgNveP_Ca,-3013.0453333333335
ID_sgNveP_Mg,-474.9813333333334
ID_sgNveP_S,-17.92117333333337
ID_sgNveP_Fe,-390.40340000000015
ID_sgNveP_Mn,-244.04466666666667
ID_sgNveP_Zn,-13.73458666666667
ID_sgNveP_Cu,-4.62719999999999
ID_sgNveP_B,-0.6296133333333328
ID_WvvfRt_N,-9136.784000000001
ID_WvvfRt_P,-14.4760640000001
ID_WvvfRt_K,-481.7456000000001
ID_WvvfRt_Ca,-3188.7984
ID_WvvfRt_Mg,-457.72479999999996
ID_WvvfRt_S,-19.23475200000002
ID_WvvfRt_Fe,-396.05728000000005
ID_WvvfRt_Mn,-242.26687999999996
ID_WvvfRt_Zn,-11.81326399999999
ID_WvvfRt_Cu,-4.827183999999991
ID_WvvfRt_B,-0.604528
ID_KBdGuu_N,-8820.464000000004
ID_KBdGuu_P,-15.779648000000137
ID_KBdGuu_K,-425.4368000000002
ID_KBdGuu_Ca,-3332.3904
ID_KBdGuu_Mg,-490.99840000000006
ID_KBdGuu_S,-18.15336000000001
ID_KBdGuu_Fe,-390.6726400000001
ID_KBdGuu_Mn,-249.28352
ID_KBdGuu_Zn,-23.456240000000005
ID_KBdGuu_Cu,-5.126847999999996
ID_KBdGuu_B,-0.5425120000000004
ID_PIAqGH_N,-9216.738666666668
ID_PIAqGH_P,-27.177475111111377
ID_PIAqGH_K,-417.8675111111112
ID_PIAqGH_Ca,-3462.0915999999997
ID_PIAqGH_Mg,-507.70079999999996
ID_PIAqGH_S,-20.18033644444447
ID_PIAqGH_Fe,-408.99688444444445
ID_PIAqGH_Mn,-265.92624
ID_PIAqGH_Zn,-11.147169333333325
ID_PIAqGH_Cu,-5.0067119999999905
ID_PIAqGH_B,-0.5520062222222221
ID_JuksBz_N,-9178.61288888889
ID_JuksBz_P,-16.14464044444459
ID_JuksBz_K,-446.8808888888889
ID_JuksBz_Ca,-3038.474
ID_JuksBz_Mg,-457.2410666666667
ID_JuksBz_S,-19.591639555555577
ID_JuksBz_Fe,-401.5902133333334
ID_JuksBz_Mn,-243.14427111111104
ID_JuksBz_Zn,-11.317015555555539
ID_JuksBz_Cu,-5.122736444444434
ID_JuksBz_B,-0.5441097777777772
ID_C2Qa9K_N,-8955.008
ID_C2Qa9K_P,0.8559040000001445
ID_C2Qa9K_K,-455.96000000000004
ID_C2Qa9K_Ca,-3331.3776
ID_C2Qa9K_Mg,-483.8704000000001
ID_C2Qa9K_S,-17.993472000000025
ID_C2Qa9K_Fe,-397.27312000000006
ID_C2Qa9K_Mn,-250.72016
ID_C2Qa9K_Zn,-11.44351999999999
ID_C2Qa9K_Cu,-4.500879999999993
ID_C2Qa9K_B,-0.5304640000000004
ID_yGlY0N_N,-7685.024000000001
ID_yGlY0N_P,5.8905760000000456
ID_yGlY0N_K,-1353.9968000000001
ID_yGlY0N_Ca,-6354.955200000001
ID_yGlY0N_Mg,-785.3392000000001
ID_yGlY0N_S,-14.695200000000028
ID_yGlY0N_Fe,-426.2080000000002
ID_yGlY0N_Mn,-319.07791999999984
ID_yGlY0N_Zn,-27.437983999999997
ID_yGlY0N_Cu,-4.811583999999995
ID_yGlY0N_B,-0.9807519999999995
ID_3pGQKU_N,-7684.6755555555565
ID_3pGQKU_P,7.647582222222262
ID_3pGQKU_K,-1171.7573333333335
ID_3pGQKU_Ca,-6099.2333333333345
ID_3pGQKU_Mg,-1003.2422222222224
ID_3pGQKU_S,-13.20471555555557
ID_3pGQKU_Fe,-388.0783555555555
ID_3pGQKU_Mn,-333.97653333333324
ID_3pGQKU_Zn,-17.385386666666697
ID_3pGQKU_Cu,-5.04592444444444
ID_3pGQKU_B,-0.6750400000000011
ID_zSMCyn_N,-8031.933333333334
ID_zSMCyn_P,11.111653333333361
ID_zSMCyn_K,-490.92088888888895
ID_zSMCyn_Ca,-3895.6888888888893
ID_zSMCyn_Mg,-715.0813333333335
ID_zSMCyn_S,-14.26863555555558
ID_zSMCyn_Fe,-405.82013333333333
ID_zSMCyn_Mn,-332.03857777777773
ID_zSMCyn_Zn,-16.36356000000001
ID_zSMCyn_Cu,-4.953035555555552
ID_zSMCyn_B,-0.613
ID_9DQtLH_N,-7973.168888888889
ID_9DQtLH_P,5.731528888888924
ID_9DQtLH_K,-1391.2097777777778
ID_9DQtLH_Ca,-6019.725333333334
ID_9DQtLH_Mg,-687.508
ID_9DQtLH_S,-13.254728888888899
ID_9DQtLH_Fe,-432.03777777777776
ID_9DQtLH_Mn,-306.00671111111114
ID_9DQtLH_Zn,-16.088951111111125
ID_9DQtLH_Cu,-4.877697777777768
ID_9DQtLH_B,-0.9759022222222197
ID_aOFckt_N,-8823.488000000001
ID_aOFckt_P,21.780015999999986
ID_aOFckt_K,-420.248
ID_aOFckt_Ca,-3455.9040000000005
ID_aOFckt_Mg,-513.904
ID_aOFckt_S,-19.48032000000002
ID_aOFckt_Fe,-376.4694400000001
ID_aOFckt_Mn,-264.55376
ID_aOFckt_Zn,-11.928511999999996
ID_aOFckt_Cu,-4.716591999999992
ID_aOFckt_B,-0.5213439999999995
ID_Shbe5v_N,-8251.849333333334
ID_Shbe5v_P,-16.131534222222356
ID_Shbe5v_K,-460.1020000000001
ID_Shbe5v_Ca,-3423.779511111112
ID_Shbe5v_Mg,-521.126888888889
ID_Shbe5v_S,-18.723932444444458
ID_Shbe5v_Fe,-395.6730444444445
ID_Shbe5v_Mn,-279.6071111111111
ID_Shbe5v_Zn,-10.377087555555528
ID_Shbe5v_Cu,-4.643913777777771
ID_Shbe5v_B,-0.6357111111111108
ID_3cIFxY_N,-9033.949333333334
ID_3cIFxY_P,-11.461351111111178
ID_3cIFxY_K,-432.6178666666667
ID_3cIFxY_Ca,-3165.7104000000004
ID_3cIFxY_Mg,-485.4983111111111
ID_3cIFxY_S,-18.464776888888906
ID_3cIFxY_Fe,-389.72378666666674
ID_3cIFxY_Mn,-248.5049599999999
ID_3cIFxY_Zn,-14.329759999999998
ID_3cIFxY_Cu,-4.836271999999993
ID_3cIFxY_B,-0.5070515555555555
ID_UKA2xy_N,-5154.177333333334
ID_UKA2xy_P,21.971151999999957
ID_UKA2xy_K,-463.2278666666667
ID_UKA2xy_Ca,-4805.822533333334
ID_UKA2xy_Mg,-698.6759999999999
ID_UKA2xy_S,-17.862267999999997
ID_UKA2xy_Fe,-516.3778266666665
ID_UKA2xy_Mn,-380.53318666666644
ID_UKA2xy_Zn,-6.754882666666662
ID_UKA2xy_Cu,-5.046633333333332
ID_UKA2xy_B,-0.5651213333333326
ID_5W5j1R_N,-9177.44
ID_5W5j1R_P,20.363391999999994
ID_5W5j1R_K,-447.7088000000001
ID_5W5j1R_Ca,-3074.9280000000003
ID_5W5j1R_Mg,-470.8864000000001
ID_5W5j1R_S,-18.79958400000004
ID_5W5j1R_Fe,-384.81088
ID_5W5j1R_Mn,-260.95375999999993
ID_5W5j1R_Zn,-21.612224
ID_5W5j1R_Cu,-5.0126079999999895
ID_5W5j1R_B,-0.48620800000000003
ID_YUigjY_N,-9104.663111111111
ID_YUigjY_P,-15.690979555555693
ID_YUigjY_K,-414.039688888889
ID_YUigjY_Ca,-3071.5117333333337
ID_YUigjY_Mg,-461.98204444444457
ID_YUigjY_S,-19.16111066666669
ID_YUigjY_Fe,-399.54406666666665
ID_YUigjY_Mn,-253.71263555555552
ID_YUigjY_Zn,-42.98298355555556
ID_YUigjY_Cu,-5.0226937777777705
ID_YUigjY_B,-0.5345128888888887
ID_qFtixW_N,-9250.635555555556
ID_qFtixW_P,2.2579733333334744
ID_qFtixW_K,-467.8844444444444
ID_qFtixW_Ca,-3215.370666666667
ID_qFtixW_Mg,-476.8751111111112
ID_qFtixW_S,-18.78812000000004
ID_qFtixW_Fe,-408.7495555555556
ID_qFtixW_Mn,-260.1919555555556
ID_qFtixW_Zn,-21.229031111111127
ID_qFtixW_Cu,-4.966626666666656
ID_qFtixW_B,-0.5331155555555555
ID_OWyTVa_N,-9061.232000000002
ID_OWyTVa_P,4.282928444444487
ID_OWyTVa_K,-452.07413333333335
ID_OWyTVa_Ca,-3535.0344000000005
ID_OWyTVa_Mg,-535.3722666666666
ID_OWyTVa_S,-19.233683555555572
ID_OWyTVa_Fe,-412.52315555555555
ID_OWyTVa_Mn,-263.4817333333333
ID_OWyTVa_Zn,-44.571704444444556
ID_OWyTVa_Cu,-5.122542666666665
ID_OWyTVa_B,-0.5325315555555553
ID_SOZliJ_N,-8576.192000000001
ID_SOZliJ_P,21.782511999999986
ID_SOZliJ_K,-414.63200000000006
ID_SOZliJ_Ca,-3728.9472000000005
ID_SOZliJ_Mg,-545.3728000000001
ID_SOZliJ_S,-16.531104000000024
ID_SOZliJ_Fe,-361.16560000000015
ID_SOZliJ_Mn,-269.6888
ID_SOZliJ_Zn,-10.019119999999983
ID_SOZliJ_Cu,-4.740159999999988
ID_SOZliJ_B,-0.550096
ID_AfHBTB_N,-8260.293333333333
ID_AfHBTB_P,17.516293333333323
ID_AfHBTB_K,-430.82666666666665
ID_AfHBTB_Ca,-3546.9840000000004
ID_AfHBTB_Mg,-534.5444444444446
ID_AfHBTB_S,-19.261657777777806
ID_AfHBTB_Fe,-445.59711111111113
ID_AfHBTB_Mn,-287.6694666666667
ID_AfHBTB_Zn,-11.077399999999976
ID_AfHBTB_Cu,-4.829933333333319
ID_AfHBTB_B,-0.5654799999999994
ID_1nBd0N_N,-8730.59111111111
ID_1nBd0N_P,21.55086977777776
ID_1nBd0N_K,-426.64666666666665
ID_1nBd0N_Ca,-2974.384266666667
ID_1nBd0N_Mg,-468.6921333333334
ID_1nBd0N_S,-19.269489777777807
ID_1nBd0N_Fe,-371.6398933333335
ID_1nBd0N_Mn,-260.20159111111116
ID_1nBd0N_Zn,-8.843515999999973
ID_1nBd0N_Cu,-4.587512888888869
ID_1nBd0N_B,-0.46608044444444446
ID_dRmt85_N,-8201.731555555556
ID_dRmt85_P,20.03285066666666
ID_dRmt85_K,-455.7871111111112
ID_dRmt85_Ca,-3425.127733333334
ID_dRmt85_Mg,-503.85280000000006
ID_dRmt85_S,-15.560329777777799
ID_dRmt85_Fe,-385.9360533333333
ID_dRmt85_Mn,-305.5621688888889
ID_dRmt85_Zn,-12.030502222222212
ID_dRmt85_Cu,-4.367799111111099
ID_dRmt85_B,-0.4895733333333328
ID_fj587h_N,-9118.821333333333
ID_fj587h_P,19.081729333333325
ID_fj587h_K,-454.4708
ID_fj587h_Ca,-3503.3404000000005
ID_fj587h_Mg,-539.9502666666667
ID_fj587h_S,-15.483057333333349
ID_fj587h_Fe,-422.26836000000003
ID_fj587h_Mn,-329.65825333333333
ID_fj587h_Zn,-12.31956399999999
ID_fj587h_Cu,-4.953014666666661
ID_fj587h_B,-0.5130359999999994
ID_E1RXfK_N,-9327.8
ID_E1RXfK_P,19.368634666666654
ID_E1RXfK_K,-461.85626666666656
ID_E1RXfK_Ca,-3616.9594666666667
ID_E1RXfK_Mg,-553.26
ID_E1RXfK_S,-16.786165333333358
ID_E1RXfK_Fe,-421.0815733333332
ID_E1RXfK_Mn,-367.01591999999994
ID_E1RXfK_Zn,-13.82557866666667
ID_E1RXfK_Cu,-5.148018666666657
ID_E1RXfK_B,-0.6390106666666654
ID_7IZBLA_N,-8351.872000000001
ID_7IZBLA_P,17.178517333333343
ID_7IZBLA_K,-891.7745777777778
ID_7IZBLA_Ca,-4644.089244444444
ID_7IZBLA_Mg,-701.7884444444446
ID_7IZBLA_S,-9.240728888888889
ID_7IZBLA_Fe,-351.5469155555555
ID_7IZBLA_Mn,-262.9626666666667
ID_7IZBLA_Zn,-13.69551288888888
ID_7IZBLA_Cu,-4.430126222222211
ID_7IZBLA_B,-0.5963235555555558
ID_g2xF55_N,-8946.204444444445
ID_g2xF55_P,16.43848888888889
ID_g2xF55_K,-477.90177777777797
ID_g2xF55_Ca,-3352.7288888888893
ID_g2xF55_Mg,-524.9720000000001
ID_g2xF55_S,-14.796146666666687
ID_g2xF55_Fe,-401.30377777777784
ID_g2xF55_Mn,-349.1848888888888
ID_g2xF55_Zn,-49.98156444444442
ID_g2xF55_Cu,-4.701844444444432
ID_g2xF55_B,-0.5937866666666658
ID_njXFjh_N,-8261.461333333335
ID_njXFjh_P,16.31000177777779
ID_njXFjh_K,-447.9395555555556
ID_njXFjh_Ca,-3309.0296888888897
ID_njXFjh_Mg,-484.1326222222223
ID_njXFjh_S,-12.516312888888915
ID_njXFjh_Fe,-423.46037333333345
ID_njXFjh_Mn,-313.9420799999999
ID_njXFjh_Zn,-12.45375288888888
ID_njXFjh_Cu,-4.327189333333323
ID_njXFjh_B,-0.4216959999999998
ID_9AXeme_N,-8579.024000000001
ID_9AXeme_P,22.14131199999998
ID_9AXeme_K,-471.0656
ID_9AXeme_Ca,-3489.0480000000007
ID_9AXeme_Mg,-522.1984000000001
ID_9AXeme_S,-13.285920000000033
ID_9AXeme_Fe,-383.37663999999995
ID_9AXeme_Mn,-339.51727999999997
ID_9AXeme_Zn,-14.642528000000008
ID_9AXeme_Cu,-4.363551999999986
ID_9AXeme_B,-0.6497919999999991
ID_I1ILOD_N,-7956.860000000001
ID_I1ILOD_P,-57.50995333333333
ID_I1ILOD_K,-1081.0806666666667
ID_I1ILOD_Ca,-5898.398666666668
ID_I1ILOD_Mg,-692.5459999999999
ID_I1ILOD_S,-14.22265333333334
ID_I1ILOD_Fe,-331.6738666666667
ID_I1ILOD_Mn,-350.3116666666666
ID_I1ILOD_Zn,-17.888573333333355
ID_I1ILOD_Cu,-4.230953333333321
ID_I1ILOD_B,-1.361486666666669
ID_JIM557_N,-9752.728000000003
ID_JIM557_P,-9.90053911111118
ID_JIM557_K,-448.9736888888889
ID_JIM557_Ca,-2892.617466666667
ID_JIM557_Mg,-443.88977777777774
ID_JIM557_S,-19.391757777777805
ID_JIM557_Fe,-393.35272000000015
ID_JIM557_Mn,-258.8557733333334
ID_JIM557_Zn,-25.156818222222253
ID_JIM557_Cu,-4.977257777777765
ID_JIM557_B,-0.6222022222222217
ID_rrwXrR_N,-9454.673333333336
ID_rrwXrR_P,-0.4373666666665983
ID_rrwXrR_K,-439.3813333333334
ID_rrwXrR_Ca,-2751.492666666667
ID_rrwXrR_Mg,-378.8153333333334
ID_rrwXrR_S,-17.91814000000003
ID_rrwXrR_Fe,-399.3162666666667
ID_rrwXrR_Mn,-248.53959999999998
ID_rrwXrR_Zn,-11.368679999999994
ID_rrwXrR_Cu,-4.877473333333319
ID_rrwXrR_B,-0.5235399999999998
ID_wfp8Dp_N,-8271.491555555556
ID_wfp8Dp_P,-26.81057066666682
ID_wfp8Dp_K,-412.6257777777778
ID_wfp8Dp_Ca,-2703.0008888888888
ID_wfp8Dp_Mg,-368.66951111111115
ID_wfp8Dp_S,-17.48820622222225
ID_wfp8Dp_Fe,-424.3914275555556
ID_wfp8Dp_Mn,-253.97521777777771
ID_wfp8Dp_Zn,-11.827118222222206
ID_wfp8Dp_Cu,-4.819039999999987
ID_wfp8Dp_B,-0.5278684444444446
ID_6PhYz5_N,-8748.318222222224
ID_6PhYz5_P,-15.747870222222403
ID_6PhYz5_K,-427.74551111111106
ID_6PhYz5_Ca,-2862.617111111111
ID_6PhYz5_Mg,-468.65715555555556
ID_6PhYz5_S,-16.55674000000002
ID_6PhYz5_Fe,-394.3730488888889
ID_6PhYz5_Mn,-241.7073244444444
ID_6PhYz5_Zn,-13.889614666666663
ID_6PhYz5_Cu,-4.50422088888888
ID_6PhYz5_B,-0.439858222222222
ID_LTsmRt_N,-8518.826666666668
ID_LTsmRt_P,19.728551111111113
ID_LTsmRt_K,-506.1703111111111
ID_LTsmRt_Ca,-3357.609244444445
ID_LTsmRt_Mg,-596.924088888889
ID_LTsmRt_S,-11.61853866666668
ID_LTsmRt_Fe,-356.1534222222223
ID_LTsmRt_Mn,-250.82286222222214
ID_LTsmRt_Zn,-12.724337777777766
ID_LTsmRt_Cu,-4.592458666666659
ID_LTsmRt_B,-0.47739377777777786
ID_DWASl0_N,-7491.823555555556
ID_DWASl0_P,21.000933333333332
ID_DWASl0_K,-472.80448888888884
ID_DWASl0_Ca,-3274.058222222222
ID_DWASl0_Mg,-559.8121333333333
ID_DWASl0_S,-10.49524844444445
ID_DWASl0_Fe,-342.6050044444444
ID_DWASl0_Mn,-232.4051733333333
ID_DWASl0_Zn,-13.757559555555558
ID_DWASl0_Cu,-4.275321333333323
ID_DWASl0_B,-0.4416444444444449
ID_55TLuZ_N,-8869.606222222223
ID_55TLuZ_P,-7.593873777777816
ID_55TLuZ_K,-439.89595555555564
ID_55TLuZ_Ca,-2760.160311111111
ID_55TLuZ_Mg,-382.8735555555556
ID_55TLuZ_S,-17.517465333333355
ID_55TLuZ_Fe,-386.53584888888895
ID_55TLuZ_Mn,-217.54937333333328
ID_55TLuZ_Zn,-13.269748000000005
ID_55TLuZ_Cu,-4.899003555555544
ID_55TLuZ_B,-0.4856302222222217
ID_RzHGsD_N,-8983.032
ID_RzHGsD_P,-20.65840266666683
ID_RzHGsD_K,-418.2562666666667
ID_RzHGsD_Ca,-2502.2002666666667
ID_RzHGsD_Mg,-361.35333333333335
ID_RzHGsD_S,-16.903626666666685
ID_RzHGsD_Fe,-375.6421066666667
ID_RzHGsD_Mn,-228.75682666666657
ID_RzHGsD_Zn,-12.694397333333326
ID_RzHGsD_Cu,-4.758151999999991
ID_RzHGsD_B,-0.5670880000000006
ID_FW0Mny_N,-7970.510222222223
ID_FW0Mny_P,-56.00992266666664
ID_FW0Mny_K,-1368.4099999999999
ID_FW0Mny_Ca,-7137.891688888889
ID_FW0Mny_Mg,-906.3708888888889
ID_FW0Mny_S,-15.61569333333334
ID_FW0Mny_Fe,-438.42246222222224
ID_FW0Mny_Mn,-317.7979555555556
ID_FW0Mny_Zn,-21.382231555555578
ID_FW0Mny_Cu,-4.937883999999991
ID_FW0Mny_B,-1.5379591111111144
ID_qNbwgo_N,-8203.253333333334
ID_qNbwgo_P,5.1539493333333795
ID_qNbwgo_K,-1237.5325333333335
ID_qNbwgo_Ca,-6331.907466666666
ID_qNbwgo_Mg,-935.3930666666665
ID_qNbwgo_S,-16.374954666666696
ID_qNbwgo_Fe,-468.39055999999994
ID_qNbwgo_Mn,-341.5959466666665
ID_qNbwgo_Zn,-17.003138666666686
ID_qNbwgo_Cu,-5.08843466666666
ID_qNbwgo_B,-0.9178293333333328
ID_R004zf_N,-8413.809777777778
ID_R004zf_P,3.8727111111112436
ID_R004zf_K,-434.4519111111112
ID_R004zf_Ca,-2778.4401777777784
ID_R004zf_Mg,-402.2407111111112
ID_R004zf_S,-17.73392355555559
ID_R004zf_Fe,-378.2217600000001
ID_R004zf_Mn,-224.8339555555555
ID_R004zf_Zn,-11.07448177777776
ID_R004zf_Cu,-4.665212444444435
ID_R004zf_B,-0.45881244444444397
ID_aMUVYa_N,-8145.528
ID_aMUVYa_P,3.0595182222223585
ID_aMUVYa_K,-445.73831111111116
ID_aMUVYa_Ca,-3437.018577777779
ID_aMUVYa_Mg,-496.3432888888889
ID_aMUVYa_S,-17.07170133333335
ID_aMUVYa_Fe,-376.5265511111112
ID_aMUVYa_Mn,-221.51830222222222
ID_aMUVYa_Zn,-45.7471706666667
ID_aMUVYa_Cu,-4.893747555555545
ID_aMUVYa_B,-0.5144008888888889
ID_mTBjWs_N,-9114.07911111111
ID_mTBjWs_P,-15.487156444444565
ID_mTBjWs_K,-439.19657777777786
ID_mTBjWs_Ca,-3126.776044444445
ID_mTBjWs_Mg,-483.5009333333335
ID_mTBjWs_S,-18.82042266666669
ID_mTBjWs_Fe,-396.02876000000003
ID_mTBjWs_Mn,-201.02726222222222
ID_mTBjWs_Zn,-10.934819111111102
ID_mTBjWs_Cu,-4.975803999999992
ID_mTBjWs_B,-0.4984657777777776
ID_JPEDqR_N,-9017.220000000001
ID_JPEDqR_P,-17.64262000000015
ID_JPEDqR_K,-433.2493333333334
ID_JPEDqR_Ca,-2678.1560000000004
ID_JPEDqR_Mg,-386.07200000000006
ID_JPEDqR_S,-18.104386666666688
ID_JPEDqR_Fe,-390.4346666666667
ID_JPEDqR_Mn,-244.40073333333325
ID_JPEDqR_Zn,-13.195353333333319
ID_JPEDqR_Cu,-4.919333333333324
ID_JPEDqR_B,-0.49824666666666667
ID_Rt6DJT_N,-9292.016
ID_Rt6DJT_P,-19.334864000000188
ID_Rt6DJT_K,-464.06719999999996
ID_Rt6DJT_Ca,-3065.088
ID_Rt6DJT_Mg,-463.23040000000003
ID_Rt6DJT_S,-19.39934400000002
ID_Rt6DJT_Fe,-393.6774400000001
ID_Rt6DJT_Mn,-247.9136
ID_Rt6DJT_Zn,-12.783872
ID_Rt6DJT_Cu,-5.0340159999999905
ID_Rt6DJT_B,-0.703264
ID_HrEcEL_N,-7695.713333333333
ID_HrEcEL_P,16.041473333333347
ID_HrEcEL_K,-460.69399999999996
ID_HrEcEL_Ca,-3773.768
ID_HrEcEL_Mg,-549.2886666666667
ID_HrEcEL_S,-13.001526666666702
ID_HrEcEL_Fe,-405.0525333333334
ID_HrEcEL_Mn,-314.29713333333325
ID_HrEcEL_Zn,-14.63852
ID_HrEcEL_Cu,-4.4949933333333245
ID_HrEcEL_B,-0.6082399999999996
ID_TKCQB0_N,-8259.392000000002
ID_TKCQB0_P,19.550175999999993
ID_TKCQB0_K,-459.20000000000005
ID_TKCQB0_Ca,-3550.4880000000007
ID_TKCQB0_Mg,-521.5168000000001
ID_TKCQB0_S,-16.415136000000007
ID_TKCQB0_Fe,-397.50832
ID_TKCQB0_Mn,-268.3832
ID_TKCQB0_Zn,-49.13374399999997
ID_TKCQB0_Cu,-4.76017599999999
ID_TKCQB0_B,-0.6275199999999996
ID_C26Jp7_N,-7879.448888888892
ID_C26Jp7_P,20.028106666666645
ID_C26Jp7_K,-482.80533333333346
ID_C26Jp7_Ca,-3811.25288888889
ID_C26Jp7_Mg,-578.7497777777779
ID_C26Jp7_S,-14.346857777777803
ID_C26Jp7_Fe,-414.2681333333333
ID_C26Jp7_Mn,-349.08271111111105
ID_C26Jp7_Zn,-45.38048444444448
ID_C26Jp7_Cu,-4.739537777777769
ID_C26Jp7_B,-0.5375644444444442
ID_ecHe5B_N,-7452.959555555556
ID_ecHe5B_P,18.050455555555555
ID_ecHe5B_K,-423.9209777777778
ID_ecHe5B_Ca,-3658.115555555556
ID_ecHe5B_Mg,-522.5507555555556
ID_ecHe5B_S,-12.083068444444468
ID_ecHe5B_Fe,-373.88037333333335
ID_ecHe5B_Mn,-312.24886666666646
ID_ecHe5B_Zn,-13.609104000000015
ID_ecHe5B_Cu,-4.606702222222215
ID_ecHe5B_B,-0.4281422222222218
ID_wspcXW_N,-7870.163555555555
ID_wspcXW_P,21.51807555555554
ID_wspcXW_K,-444.55111111111114
ID_wspcXW_Ca,-3279.6486222222225
ID_wspcXW_Mg,-498.3879111111112
ID_wspcXW_S,-11.823712000000004
ID_wspcXW_Fe,-362.43656000000016
ID_wspcXW_Mn,-271.5743288888889
ID_wspcXW_Zn,-14.967832888888887
ID_wspcXW_Cu,-4.494292444444431
ID_wspcXW_B,-0.5095955555555556
ID_2Bs2cg_N,-8048.42
ID_2Bs2cg_P,20.27390666666665
ID_2Bs2cg_K,-421.48
ID_2Bs2cg_Ca,-3609.632
ID_2Bs2cg_Mg,-531.7793333333333
ID_2Bs2cg_S,-13.87545333333335
ID_2Bs2cg_Fe,-389.9526
ID_2Bs2cg_Mn,-311.7463333333334
ID_2Bs2cg_Zn,-12.2567
ID_2Bs2cg_Cu,-4.559719999999992
ID_2Bs2cg_B,-0.4881199999999996
ID_pZhaxY_N,-7862.400000000001
ID_pZhaxY_P,19.32844533333332
ID_pZhaxY_K,-529.5166666666668
ID_pZhaxY_Ca,-3814.2489333333333
ID_pZhaxY_Mg,-680.6292000000001
ID_pZhaxY_S,-12.804652000000008
ID_pZhaxY_Fe,-376.5556
ID_pZhaxY_Mn,-328.0435733333333
ID_pZhaxY_Zn,-28.80873733333341
ID_pZhaxY_Cu,-4.509606666666657
ID_pZhaxY_B,-0.6356786666666665
ID_MkTPd6_N,-8312.571555555556
ID_MkTPd6_P,19.768243555555543
ID_MkTPd6_K,-469.3445777777778
ID_MkTPd6_Ca,-3137.9401333333335
ID_MkTPd6_Mg,-490.35284444444454
ID_MkTPd6_S,-18.890212444444487
ID_MkTPd6_Fe,-430.6186088888889
ID_MkTPd6_Mn,-313.66145777777774
ID_MkTPd6_Zn,-12.243806222222215
ID_MkTPd6_Cu,-4.6191079999999864
ID_MkTPd6_B,-0.4528404444444442
ID_kBe7Rq_N,-8575.915555555557
ID_kBe7Rq_P,-13.209149333333414
ID_kBe7Rq_K,-466.6026222222223
ID_kBe7Rq_Ca,-3460.202266666667
ID_kBe7Rq_Mg,-545.6424888888889
ID_kBe7Rq_S,-19.20059600000002
ID_kBe7Rq_Fe,-403.617128888889
ID_kBe7Rq_Mn,-279.8675822222222
ID_kBe7Rq_Zn,-14.667045777777778
ID_kBe7Rq_Cu,-4.738039111111102
ID_kBe7Rq_B,-0.6518986666666674
ID_zOJB8q_N,-9111.416000000001
ID_zOJB8q_P,-23.934544888889143
ID_zOJB8q_K,-430.7221777777779
ID_zOJB8q_Ca,-3376.204933333334
ID_zOJB8q_Mg,-487.03431111111115
ID_zOJB8q_S,-18.210427555555572
ID_zOJB8q_Fe,-398.9610355555556
ID_zOJB8q_Mn,-236.60595111111112
ID_zOJB8q_Zn,-10.234420888888875
ID_zOJB8q_Cu,-5.008427111111103
ID_zOJB8q_B,-0.4809653333333333
ID_dzvfGR_N,-8919.152
ID_dzvfGR_P,-15.503408000000128
ID_dzvfGR_K,-447.44000000000005
ID_dzvfGR_Ca,-3489.115200000001
ID_dzvfGR_Mg,-509.3248000000001
ID_dzvfGR_S,-18.63019200000002
ID_dzvfGR_Fe,-402.3212800000001
ID_dzvfGR_Mn,-251.39359999999996
ID_dzvfGR_Zn,-13.782559999999995
ID_dzvfGR_Cu,-4.599855999999992
ID_dzvfGR_B,-0.6273759999999998
ID_GKvisg_N,-8329.586666666668
ID_GKvisg_P,-20.05864666666684
ID_GKvisg_K,-502.74840000000006
ID_GKvisg_Ca,-4106.050666666667
ID_GKvisg_Mg,-678.0934666666667
ID_GKvisg_S,-13.656786666666676
ID_GKvisg_Fe,-400.93662666666677
ID_GKvisg_Mn,-254.00805333333338
ID_GKvisg_Zn,-12.717338666666675
ID_GKvisg_Cu,-5.03012266666666
ID_GKvisg_B,-0.6178200000000003
ID_SHKqj8_N,-9637.493333333334
ID_SHKqj8_P,-19.30491111111128
ID_SHKqj8_K,-444.6915555555556
ID_SHKqj8_Ca,-3519.063555555556
ID_SHKqj8_Mg,-501.66666666666674
ID_SHKqj8_S,-19.917355555555577
ID_SHKqj8_Fe,-394.59328888888894
ID_SHKqj8_Mn,-250.88595555555557
ID_SHKqj8_Zn,-10.250737777777763
ID_SHKqj8_Cu,-5.286897777777774
ID_SHKqj8_B,-0.5682666666666664
ID_N5vtlj_N,-7960.287111111113
ID_N5vtlj_P,-28.930669333333412
ID_N5vtlj_K,-910.692
ID_N5vtlj_Ca,-5843.633155555556
ID_N5vtlj_Mg,-659.9460444444445
ID_N5vtlj_S,-11.77744888888894
ID_N5vtlj_Fe,-388.84233777777786
ID_N5vtlj_Mn,-275.16231111111114
ID_N5vtlj_Zn,-16.124599111111102
ID_N5vtlj_Cu,-4.517423999999986
ID_N5vtlj_B,-0.9224302222222195
ID_V1km3Z_N,-9015.96888888889
ID_V1km3Z_P,-19.522417777777846
ID_V1km3Z_K,-426.35822222222237
ID_V1km3Z_Ca,-3544.001777777778
ID_V1km3Z_Mg,-539.3355555555556
ID_V1km3Z_S,-19.130000000000024
ID_V1km3Z_Fe,-397.7358666666668
ID_V1km3Z_Mn,-267.62306666666666
ID_V1km3Z_Zn,-16.60790666666667
ID_V1km3Z_Cu,-4.861857777777765
ID_V1km3Z_B,-0.5688533333333329
ID_NoKQUL_N,-8928.106666666667
ID_NoKQUL_P,-20.140919555555755
ID_NoKQUL_K,-446.89542222222235
ID_NoKQUL_Ca,-3706.363022222223
ID_NoKQUL_Mg,-558.6449777777779
ID_NoKQUL_S,-18.186605333333347
ID_NoKQUL_Fe,-407.80176000000006
ID_NoKQUL_Mn,-263.76610222222223
ID_NoKQUL_Zn,-11.708640444444429
ID_NoKQUL_Cu,-4.768607555555548
ID_NoKQUL_B,-0.5391684444444437
ID_TjDVzJ_N,-8575.424
ID_TjDVzJ_P,18.184479999999994
ID_TjDVzJ_K,-452.096
ID_TjDVzJ_Ca,-3313.9680000000003
ID_TjDVzJ_Mg,-526.7872000000001
ID_TjDVzJ_S,-18.17846400000002
ID_TjDVzJ_Fe,-397.57024
ID_TjDVzJ_Mn,-270.07856
ID_TjDVzJ_Zn,-10.620223999999972
ID_TjDVzJ_Cu,-4.571007999999987
ID_TjDVzJ_B,-0.5423199999999995
ID_fH5pbW_N,-8924.570222222223
ID_fH5pbW_P,-23.91503244444464
ID_fH5pbW_K,-437.8653777777779
ID_fH5pbW_Ca,-3598.8163555555566
ID_fH5pbW_Mg,-558.2768
ID_fH5pbW_S,-17.66495555555558
ID_fH5pbW_Fe,-388.1076400000001
ID_fH5pbW_Mn,-257.75220888888896
ID_fH5pbW_Zn,-7.904734222222201
ID_fH5pbW_Cu,-4.960544444444432
ID_fH5pbW_B,-0.5095688888888887
ID_A9wu9x_N,-7661.68488888889
ID_A9wu9x_P,19.97112177777777
ID_A9wu9x_K,-514.2392444444445
ID_A9wu9x_Ca,-4738.419555555555
ID_A9wu9x_Mg,-839.9393333333334
ID_A9wu9x_S,-10.367327555555548
ID_A9wu9x_Fe,-379.65157777777773
ID_A9wu9x_Mn,-266.88552444444434
ID_A9wu9x_Zn,-11.141257777777748
ID_A9wu9x_Cu,-4.53001822222221
ID_A9wu9x_B,-0.5490648888888893
ID_yfDufo_N,-9211.700444444446
ID_yfDufo_P,-20.48753955555575
ID_yfDufo_K,-433.1129777777779
ID_yfDufo_Ca,-3630.3536888888893
ID_yfDufo_Mg,-559.8028
ID_yfDufo_S,-18.54194533333336
ID_yfDufo_Fe,-397.5853111111112
ID_yfDufo_Mn,-260.7862844444445
ID_yfDufo_Zn,-9.920362222222227
ID_yfDufo_Cu,-4.877074666666657
ID_yfDufo_B,-0.5007035555555555
ID_0a3DC3_N,-8207.253333333334
ID_0a3DC3_P,20.189419555555546
ID_0a3DC3_K,-474.7606666666667
ID_0a3DC3_Ca,-3589.0112000000004
ID_0a3DC3_Mg,-576.6808444444445
ID_0a3DC3_S,-17.356994222222234
ID_0a3DC3_Fe,-389.2378488888889
ID_0a3DC3_Mn,-277.0040311111111
ID_0a3DC3_Zn,-10.47408222222219
ID_0a3DC3_Cu,-4.681843555555539
ID_0a3DC3_B,-0.4959559999999997
ID_cOF5Gu_N,-8909.6
ID_cOF5Gu_P,-8.095087999999997
ID_cOF5Gu_K,-451.3040000000001
ID_cOF5Gu_Ca,-3274.2624000000005
ID_cOF5Gu_Mg,-498.57280000000003
ID_cOF5Gu_S,-18.216672000000035
ID_cOF5Gu_Fe,-403.45168000000007
ID_cOF5Gu_Mn,-258.7947200000001
ID_cOF5Gu_Zn,-12.28668799999998
ID_cOF5Gu_Cu,-4.709871999999987
ID_cOF5Gu_B,-0.41838400000000014
ID_eM7u3V_N,-8394.453333333333
ID_eM7u3V_P,24.86170666666665
ID_eM7u3V_K,-466.26133333333337
ID_eM7u3V_Ca,-3518.529333333334
ID_eM7u3V_Mg,-517.9286666666668
ID_eM7u3V_S,-12.348940000000034
ID_eM7u3V_Fe,-388.52320000000003
ID_eM7u3V_Mn,-337.133
ID_eM7u3V_Zn,-13.280286666666669
ID_eM7u3V_Cu,-4.230953333333321
ID_eM7u3V_B,-0.5601733333333325
ID_Itp3KF_N,-8089.253333333334
ID_Itp3KF_P,-43.31550666666675
ID_Itp3KF_K,-1076.828
ID_Itp3KF_Ca,-5874.346933333334
ID_Itp3KF_Mg,-761.4087999999999
ID_Itp3KF_S,-12.880576000000037
ID_Itp3KF_Fe,-395.5253066666666
ID_Itp3KF_Mn,-415.11023999999986
ID_Itp3KF_Zn,-19.780736000000008
ID_Itp3KF_Cu,-4.760114666666661
ID_Itp3KF_B,-1.0739839999999994
ID_bd7jsc_N,-8928.838666666668
ID_bd7jsc_P,19.250005333333306
ID_bd7jsc_K,-1137.4661333333333
ID_bd7jsc_Ca,-5824.833866666668
ID_bd7jsc_Mg,-971.4590666666669
ID_bd7jsc_S,-13.134741333333352
ID_bd7jsc_Fe,-421.3512533333334
ID_bd7jsc_Mn,-360.9000666666667
ID_bd7jsc_Zn,-10.326102666666646
ID_bd7jsc_Cu,-4.661553333333325
ID_bd7jsc_B,-0.6857520000000011
ID_4Urdo7_N,-8780.444
ID_4Urdo7_P,-65.4720906666667
ID_4Urdo7_K,-1220.8420444444446
ID_4Urdo7_Ca,-6887.905555555555
ID_4Urdo7_Mg,-719.4337333333333
ID_4Urdo7_S,-12.361444000000056
ID_4Urdo7_Fe,-460.38062222222214
ID_4Urdo7_Mn,-417.1314844444445
ID_4Urdo7_Zn,-19.24974577777779
ID_4Urdo7_Cu,-4.9853439999999924
ID_4Urdo7_B,-1.381316
ID_1IzwUS_N,-8968.155555555557
ID_1IzwUS_P,2.8412177777778496
ID_1IzwUS_K,-1155.853777777778
ID_1IzwUS_Ca,-6213.051555555557
ID_1IzwUS_Mg,-808.1560000000002
ID_1IzwUS_S,-13.690622222222256
ID_1IzwUS_Fe,-419.0807555555557
ID_1IzwUS_Mn,-367.92693333333335
ID_1IzwUS_Zn,-18.86828444444446
ID_1IzwUS_Cu,-4.721106666666663
ID_1IzwUS_B,-0.9880266666666652
ID_7lCq77_N,-7367.608
ID_7lCq77_P,18.565263999999985
ID_7lCq77_K,-671.6821333333332
ID_7lCq77_Ca,-5660.538666666667
ID_7lCq77_Mg,-996.2792
ID_7lCq77_S,-14.523037333333363
ID_7lCq77_Fe,-337.72274666666664
ID_7lCq77_Mn,-391.25738666666666
ID_7lCq77_Zn,-28.739818666666675
ID_7lCq77_Cu,-4.524869333333326
ID_7lCq77_B,-0.7519973333333325
ID_TJorCa_N,-8236.135555555555
ID_TJorCa_P,-30.907550222222298
ID_TJorCa_K,-999.2565777777777
ID_TJorCa_Ca,-6954.5705333333335
ID_TJorCa_Mg,-894.6942222222223
ID_TJorCa_S,-13.277798666666726
ID_TJorCa_Fe,-421.45639111111103
ID_TJorCa_Mn,-437.9531155555556
ID_TJorCa_Zn,-16.530513777777763
ID_TJorCa_Cu,-4.998803555555553
ID_TJorCa_B,-1.3998480000000018
ID_5wBO93_N,-6818.80711111111
ID_5wBO93_P,-144.969424
ID_5wBO93_K,-1714.4944
ID_5wBO93_Ca,-7949.569777777777
ID_5wBO93_Mg,-900.5377777777776
ID_5wBO93_S,-15.600318222222253
ID_5wBO93_Fe,-393.8784
ID_5wBO93_Mn,-412.124871111111
ID_5wBO93_Zn,-21.143056
ID_5wBO93_Cu,-4.952359111111106
ID_5wBO93_B,-1.7457884444444476
ID_gEAKDf_N,-9941.386666666669
ID_gEAKDf_P,0.5100266666667537
ID_gEAKDf_K,-958.8266666666668
ID_gEAKDf_Ca,-6976.0266666666685
ID_gEAKDf_Mg,-887.7813333333332
ID_gEAKDf_S,-16.792853333333365
ID_gEAKDf_Fe,-428.84479999999996
ID_gEAKDf_Mn,-421.5621333333334
ID_gEAKDf_Zn,-17.594133333333343
ID_gEAKDf_Cu,-5.042506666666658
ID_gEAKDf_B,-1.004639999999999
ID_1Cy9Rw_N,-7094.008000000001
ID_1Cy9Rw_P,-64.5429653333333
ID_1Cy9Rw_K,-1565.1381333333334
ID_1Cy9Rw_Ca,-5852.180266666667
ID_1Cy9Rw_Mg,-732.5794666666666
ID_1Cy9Rw_S,-12.061397333333417
ID_1Cy9Rw_Fe,-375.9499359999999
ID_1Cy9Rw_Mn,-428.80037333333337
ID_1Cy9Rw_Zn,-18.44293333333335
ID_1Cy9Rw_Cu,-4.676615999999997
ID_1Cy9Rw_B,-1.4510453333333322
ID_UyMrVK_N,-9114.321333333331
ID_UyMrVK_P,13.119911555555586
ID_UyMrVK_K,-664.4702222222222
ID_UyMrVK_Ca,-5701.747066666667
ID_UyMrVK_Mg,-912.3824888888887
ID_UyMrVK_S,-13.626190222222228
ID_UyMrVK_Fe,-353.3550577777778
ID_UyMrVK_Mn,-360.59833777777766
ID_UyMrVK_Zn,-10.412995111111085
ID_UyMrVK_Cu,-4.944663999999996
ID_UyMrVK_B,-0.8355511111111126
ID_CW3jG5_N,-7314.565333333334
ID_CW3jG5_P,-187.36515555555562
ID_CW3jG5_K,-2584.4944
ID_CW3jG5_Ca,-8085.454755555556
ID_CW3jG5_Mg,-945.2570666666667
ID_CW3jG5_S,-15.93841955555557
ID_CW3jG5_Fe,-391.2383431111111
ID_CW3jG5_Mn,-427.52503111111105
ID_CW3jG5_Zn,-21.548540444444434
ID_CW3jG5_Cu,-4.931736888888881
ID_CW3jG5_B,-2.412040888888889
ID_i3tddD_N,-6139.797777777778
ID_i3tddD_P,-12.158684444444454
ID_i3tddD_K,-1149.2388888888888
ID_i3tddD_Ca,-6109.051333333334
ID_i3tddD_Mg,-795.7426666666667
ID_i3tddD_S,-9.977880000000013
ID_i3tddD_Fe,-443.06575555555554
ID_i3tddD_Mn,-419.8534444444445
ID_i3tddD_Zn,-12.343942222222209
ID_i3tddD_Cu,-4.5119844444444395
ID_i3tddD_B,-1.4020688888888924
ID_6Q0TPo_N,-7269.314666666665
ID_6Q0TPo_P,14.847901333333333
ID_6Q0TPo_K,-1013.9354666666666
ID_6Q0TPo_Ca,-6297.611199999999
ID_6Q0TPo_Mg,-1103.4898666666666
ID_6Q0TPo_S,-14.38902400000002
ID_6Q0TPo_Fe,-381.6396
ID_6Q0TPo_Mn,-365.5952266666666
ID_6Q0TPo_Zn,-12.430775999999984
ID_6Q0TPo_Cu,-4.922247999999992
ID_6Q0TPo_B,-0.7213439999999999
ID_5RG1eh_N,-7092.133333333333
ID_5RG1eh_P,-117.1020319999999
ID_5RG1eh_K,-1267.1826666666666
ID_5RG1eh_Ca,-7780.122933333332
ID_5RG1eh_Mg,-902.5357333333332
ID_5RG1eh_S,-12.309157333333374
ID_5RG1eh_Fe,-415.4448053333332
ID_5RG1eh_Mn,-405.9770666666666
ID_5RG1eh_Zn,-16.799205333333347
ID_5RG1eh_Cu,-5.029711999999993
ID_5RG1eh_B,-1.515949333333332
ID_vVlPHM_N,-8835.623999999998
ID_vVlPHM_P,23.540983999999984
ID_vVlPHM_K,-469.2434666666667
ID_vVlPHM_Ca,-3868.489066666667
ID_vVlPHM_Mg,-598.5864
ID_vVlPHM_S,-14.026858666666676
ID_vVlPHM_Fe,-405.06888
ID_vVlPHM_Mn,-314.22277333333324
ID_vVlPHM_Zn,-12.679650666666655
ID_vVlPHM_Cu,-4.5131653333333235
ID_vVlPHM_B,-0.5419333333333322
ID_zRMLSq_N,-8700.0
ID_zRMLSq_P,19.54547555555554
ID_zRMLSq_K,-606.024888888889
ID_zRMLSq_Ca,-5175.702666666668
ID_zRMLSq_Mg,-868.0253333333335
ID_zRMLSq_S,-10.91094666666665
ID_zRMLSq_Fe,-408.1487111111112
ID_zRMLSq_Mn,-344.48471111111115
ID_zRMLSq_Zn,-27.32229777777777
ID_zRMLSq_Cu,-4.9159288888888835
ID_zRMLSq_B,-0.6294755555555561
ID_YdDuCE_N,-8849.453333333333
ID_YdDuCE_P,15.914757777777776
ID_YdDuCE_K,-591.7444444444445
ID_YdDuCE_Ca,-5365.8497777777775
ID_YdDuCE_Mg,-920.8371111111112
ID_YdDuCE_S,-13.986984444444431
ID_YdDuCE_Fe,-415.56031111111116
ID_YdDuCE_Mn,-365.88777777777784
ID_YdDuCE_Zn,-9.177097777777748
ID_YdDuCE_Cu,-4.983279999999995
ID_YdDuCE_B,-0.6870244444444441
ID_xM0CLE_N,-8846.948888888886
ID_xM0CLE_P,-33.15865555555588
ID_xM0CLE_K,-494.2704444444445
ID_xM0CLE_Ca,-4079.960666666666
ID_xM0CLE_Mg,-671.7420000000001
ID_xM0CLE_S,-15.812877777777768
ID_xM0CLE_Fe,-419.42993333333334
ID_xM0CLE_Mn,-338.3291777777778
ID_xM0CLE_Zn,-14.573613333333336
ID_xM0CLE_Cu,-4.840373333333322
ID_xM0CLE_B,-0.7171799999999995
ID_52DtIH_N,-9328.428444444444
ID_52DtIH_P,-26.158666666666875
ID_52DtIH_K,-1244.0190222222222
ID_52DtIH_Ca,-6067.735288888889
ID_52DtIH_Mg,-707.5034666666668
ID_52DtIH_S,-16.36968177777779
ID_52DtIH_Fe,-412.3528177777777
ID_52DtIH_Mn,-347.25148444444443
ID_52DtIH_Zn,-45.58786488888891
ID_52DtIH_Cu,-5.283912888888876
ID_52DtIH_B,-0.7752035555555551
ID_dwrkkG_N,-9143.778666666667
ID_dwrkkG_P,-33.5176373333335
ID_dwrkkG_K,-1089.0386666666666
ID_dwrkkG_Ca,-6087.765066666667
ID_dwrkkG_Mg,-689.8421333333333
ID_dwrkkG_S,-14.444656000000037
ID_dwrkkG_Fe,-415.1246933333333
ID_dwrkkG_Mn,-345.0924533333333
ID_dwrkkG_Zn,-73.91994399999989
ID_dwrkkG_Cu,-4.776631999999995
ID_dwrkkG_B,-1.346114666666668
ID_lfBzcX_N,-9427.264444444443
ID_lfBzcX_P,19.08063111111108
ID_lfBzcX_K,-487.40622222222225
ID_lfBzcX_Ca,-3611.42
ID_lfBzcX_Mg,-553.3686666666666
ID_lfBzcX_S,-16.797942222222236
ID_lfBzcX_Fe,-392.5587777777777
ID_lfBzcX_Mn,-389.0983555555555
ID_lfBzcX_Zn,-10.077113333333301
ID_lfBzcX_Cu,-5.08790444444444
ID_lfBzcX_B,-0.5803555555555555
ID_LDyh5k_N,-7251.779999999999
ID_LDyh5k_P,-148.83816711111106
ID_LDyh5k_K,-2460.557511111111
ID_LDyh5k_Ca,-8657.927511111111
ID_LDyh5k_Mg,-761.3592444444444
ID_LDyh5k_S,-13.033367111111158
ID_LDyh5k_Fe,-476.0062622222222
ID_LDyh5k_Mn,-411.95256888888883
ID_LDyh5k_Zn,-19.85627955555561
ID_LDyh5k_Cu,-4.826591555555551
ID_LDyh5k_B,-2.2710026666666656
ID_ODCqut_N,-7763.770666666667
ID_ODCqut_P,-143.13892266666673
ID_ODCqut_K,-2696.4234666666666
ID_ODCqut_Ca,-23506.438133333333
ID_ODCqut_Mg,-765.9738666666667
ID_ODCqut_S,-34.23226933333335
ID_ODCqut_Fe,-244.7955199999998
ID_ODCqut_Mn,-394.0607733333332
ID_ODCqut_Zn,-21.80076533333333
ID_ODCqut_Cu,-4.879130666666662
ID_ODCqut_B,-3.4248666666666585
ID_D4YeSE_N,-6490.884000000002
ID_D4YeSE_P,-7.99230533333332
ID_D4YeSE_K,-1223.8685333333333
ID_D4YeSE_Ca,-5601.526533333335
ID_D4YeSE_Mg,-775.9017333333335
ID_D4YeSE_S,-12.539978666666684
ID_D4YeSE_Fe,-329.47186666666664
ID_D4YeSE_Mn,-386.5529066666667
ID_D4YeSE_Zn,-16.872043999999992
ID_D4YeSE_Cu,-4.638563999999996
ID_D4YeSE_B,-1.2299480000000003
ID_uvydD4_N,-5302.808888888889
ID_uvydD4_P,-28.737973333333343
ID_uvydD4_K,-1193.649777777778
ID_uvydD4_Ca,-5586.442666666667
ID_uvydD4_Mg,-791.4555555555557
ID_uvydD4_S,-10.013248888888928
ID_uvydD4_Fe,-359.48128888888886
ID_uvydD4_Mn,-356.79102222222224
ID_uvydD4_Zn,-18.06156888888889
ID_uvydD4_Cu,-4.475782222222213
ID_uvydD4_B,-1.3924844444444453
ID_Xzlywr_N,-7676.808000000001
ID_Xzlywr_P,6.055509333333369
ID_Xzlywr_K,-1019.5150666666666
ID_Xzlywr_Ca,-6706.593200000002
ID_Xzlywr_Mg,-843.2269333333334
ID_Xzlywr_S,-11.931353333333348
ID_Xzlywr_Fe,-344.1968799999999
ID_Xzlywr_Mn,-406.24874666666665
ID_Xzlywr_Zn,-14.353774666666652
ID_Xzlywr_Cu,-4.584247999999995
ID_Xzlywr_B,-1.0110559999999975
ID_cZemDp_N,-5587.8173333333325
ID_cZemDp_P,-53.34267066666672
ID_cZemDp_K,-1661.783111111111
ID_cZemDp_Ca,-6798.8967111111115
ID_cZemDp_Mg,-742.9879555555555
ID_cZemDp_S,-12.463897333333364
ID_cZemDp_Fe,-358.380243111111
ID_cZemDp_Mn,-388.31447555555553
ID_cZemDp_Zn,-20.142496000000015
ID_cZemDp_Cu,-4.989914222222214
ID_cZemDp_B,-1.470962666666668
ID_tCWVOq_N,-5742.303111111112
ID_tCWVOq_P,15.443995555555585
ID_tCWVOq_K,-870.5033333333336
ID_tCWVOq_Ca,-6462.0961777777775
ID_tCWVOq_Mg,-1116.7928000000002
ID_tCWVOq_S,-9.7178866666667
ID_tCWVOq_Fe,-313.29585333333324
ID_tCWVOq_Mn,-386.5713155555555
ID_tCWVOq_Zn,-11.344192888888868
ID_tCWVOq_Cu,-3.19924977777778
ID_tCWVOq_B,-0.8468391111111124
ID_iPAnWv_N,-5609.684444444445
ID_iPAnWv_P,11.63608444444452
ID_iPAnWv_K,-664.9360000000001
ID_iPAnWv_Ca,-6348.014222222223
ID_iPAnWv_Mg,-1099.2111111111112
ID_iPAnWv_S,-8.918137777777815
ID_iPAnWv_Fe,-310.81728888888875
ID_iPAnWv_Mn,-331.7408444444444
ID_iPAnWv_Zn,-34.60693777777779
ID_iPAnWv_Cu,-3.3682533333333304
ID_iPAnWv_B,-0.801173333333333
ID_CM023b_N,-5732.004444444445
ID_CM023b_P,-13.576551111111087
ID_CM023b_K,-941.1973333333334
ID_CM023b_Ca,-6232.431111111112
ID_CM023b_Mg,-1113.4426666666668
ID_CM023b_S,-8.900440000000014
ID_CM023b_Fe,-281.3309333333335
ID_CM023b_Mn,-335.73751111111096
ID_CM023b_Zn,-10.706284444444458
ID_CM023b_Cu,-3.463977777777777
ID_CM023b_B,-1.0522666666666656
ID_Ml7ZwE_N,-5528.588000000001
ID_Ml7ZwE_P,10.585000000000086
ID_Ml7ZwE_K,-769.8785333333334
ID_Ml7ZwE_Ca,-4817.190666666667
ID_Ml7ZwE_Mg,-1066.4306666666669
ID_Ml7ZwE_S,-10.424664000000032
ID_Ml7ZwE_Fe,-310.6586
ID_Ml7ZwE_Mn,-336.0128799999999
ID_Ml7ZwE_Zn,-10.990030666666653
ID_Ml7ZwE_Cu,-4.983453333333334
ID_Ml7ZwE_B,-0.6491466666666662
ID_wGp09f_N,-5434.535555555556
ID_wGp09f_P,15.740184888888919
ID_wGp09f_K,-1043.600177777778
ID_wGp09f_Ca,-4546.5592444444455
ID_wGp09f_Mg,-1010.5299111111113
ID_wGp09f_S,-8.781649333333323
ID_wGp09f_Fe,-468.32970222222224
ID_wGp09f_Mn,-360.7639911111111
ID_wGp09f_Zn,-13.000024000000014
ID_wGp09f_Cu,-2.4294675555555605
ID_wGp09f_B,-0.6240431111111124
ID_hPIK8S_N,-4692.235555555556
ID_hPIK8S_P,1.544586666666575
ID_hPIK8S_K,-1122.589777777778
ID_hPIK8S_Ca,-6273.14088888889
ID_hPIK8S_Mg,-1043.5315555555558
ID_hPIK8S_S,-8.757782222222247
ID_hPIK8S_Fe,-438.09217777777775
ID_hPIK8S_Mn,-368.6382666666666
ID_hPIK8S_Zn,-14.534382222222249
ID_hPIK8S_Cu,-2.45784444444445
ID_hPIK8S_B,-0.9933066666666662
ID_aXiIJD_N,-5304.946666666668
ID_aXiIJD_P,15.725118666666692
ID_aXiIJD_K,-405.766088888889
ID_aXiIJD_Ca,-4497.935555555556
ID_aXiIJD_Mg,-626.5059555555557
ID_aXiIJD_S,-9.939277777777775
ID_aXiIJD_Fe,-452.639031111111
ID_aXiIJD_Mn,-362.6305555555555
ID_aXiIJD_Zn,-11.815218222222219
ID_aXiIJD_Cu,-2.6805066666666693
ID_aXiIJD_B,-0.6675462222222224
ID_7r10jg_N,-6051.413333333334
ID_7r10jg_P,-98.21061333333336
ID_7r10jg_K,-2204.300666666667
ID_7r10jg_Ca,-7268.8166666666675
ID_7r10jg_Mg,-1111.2066666666667
ID_7r10jg_S,-9.133606666666662
ID_7r10jg_Fe,-314.2634666666666
ID_7r10jg_Mn,-411.77399999999994
ID_7r10jg_Zn,-22.012180000000022
ID_7r10jg_Cu,-2.243700000000001
ID_7r10jg_B,-1.9298399999999982
ID_uGf6mX_N,-6061.440444444445
ID_uGf6mX_P,-46.493759111111075
ID_uGf6mX_K,-1842.308977777778
ID_uGf6mX_Ca,-7350.717555555558
ID_uGf6mX_Mg,-1040.4525777777778
ID_uGf6mX_S,-10.693320888888866
ID_uGf6mX_Fe,-383.3604355555555
ID_uGf6mX_Mn,-362.11695111111095
ID_uGf6mX_Zn,-20.119794222222243
ID_uGf6mX_Cu,-2.83518577777778
ID_uGf6mX_B,-1.4964666666666662
ID_8NgvNf_N,-5304.272000000001
ID_8NgvNf_P,-41.546527999999924
ID_8NgvNf_K,-1204.6016000000002
ID_8NgvNf_Ca,-7253.592000000001
ID_8NgvNf_Mg,-1100.2576000000001
ID_8NgvNf_S,-10.038479999999982
ID_8NgvNf_Fe,-407.05839999999995
ID_8NgvNf_Mn,-376.6726399999998
ID_8NgvNf_Zn,-13.951664
ID_8NgvNf_Cu,-2.872672000000002
ID_8NgvNf_B,-1.3634560000000036
ID_TzXOG6_N,-5558.456444444445
ID_TzXOG6_P,10.495056444444526
ID_TzXOG6_K,-901.7839111111113
ID_TzXOG6_Ca,-4643.472355555556
ID_TzXOG6_Mg,-927.2539111111114
ID_TzXOG6_S,-9.618817777777792
ID_TzXOG6_Fe,-380.28628444444433
ID_TzXOG6_Mn,-367.269111111111
ID_TzXOG6_Zn,-32.105350222222235
ID_TzXOG6_Cu,-3.2690582222222204
ID_TzXOG6_B,-0.6653177777777783
ID_LVeUEL_N,-5665.666666666667
ID_LVeUEL_P,17.064826666666683
ID_LVeUEL_K,-432.8200000000001
ID_LVeUEL_Ca,-5924.928666666667
ID_LVeUEL_Mg,-731.9186666666668
ID_LVeUEL_S,-8.849313333333342
ID_LVeUEL_Fe,-425.2559333333333
ID_LVeUEL_Mn,-346.9978666666666
ID_LVeUEL_Zn,-12.07862
ID_LVeUEL_Cu,-2.41692666666667
ID_LVeUEL_B,-0.5273200000000003
ID_45IKGn_N,-6227.776000000001
ID_45IKGn_P,17.026400000000024
ID_45IKGn_K,-556.7189333333333
ID_45IKGn_Ca,-6112.074666666667
ID_45IKGn_Mg,-731.1626666666668
ID_45IKGn_S,-6.028654222222219
ID_45IKGn_Fe,-387.70748444444433
ID_45IKGn_Mn,-305.40853333333325
ID_45IKGn_Zn,-14.82324266666667
ID_45IKGn_Cu,-2.477283555555558
ID_45IKGn_B,-0.6285404444444449
ID_CIZqwn_N,-6062.240000000001
ID_CIZqwn_P,-20.86419199999996
ID_CIZqwn_K,-1352.7824
ID_CIZqwn_Ca,-6884.908800000001
ID_CIZqwn_Mg,-915.9136000000001
ID_CIZqwn_S,-14.136287999999997
ID_CIZqwn_Fe,-425.30872
ID_CIZqwn_Mn,-312.12656
ID_CIZqwn_Zn,-18.799136000000033
ID_CIZqwn_Cu,-2.4495520000000033
ID_CIZqwn_B,-1.4663680000000001
ID_Y5vANp_N,-6903.267555555556
ID_Y5vANp_P,16.49562888888893
ID_Y5vANp_K,-403.8505333333334
ID_Y5vANp_Ca,-3858.396666666667
ID_Y5vANp_Mg,-511.9302666666666
ID_Y5vANp_S,-10.21453644444447
ID_Y5vANp_Fe,-375.3399777777777
ID_Y5vANp_Mn,-310.1655999999999
ID_Y5vANp_Zn,-13.673828444444448
ID_Y5vANp_Cu,-2.319700444444449
ID_Y5vANp_B,-0.6585786666666673
ID_gMeeZZ_N,-7498.272000000001
ID_gMeeZZ_P,18.193688000000012
ID_gMeeZZ_K,-397.22240000000005
ID_gMeeZZ_Ca,-3670.5492
ID_gMeeZZ_Mg,-489.93039999999996
ID_gMeeZZ_S,-10.159368000000029
ID_gMeeZZ_Fe,-373.8771599999999
ID_gMeeZZ_Mn,-282.65815999999995
ID_gMeeZZ_Zn,-13.174880000000007
ID_gMeeZZ_Cu,-2.326260000000004
ID_gMeeZZ_B,-0.5730480000000001
ID_v0w7T9_N,-7352.747555555557
ID_v0w7T9_P,18.22300622222224
ID_v0w7T9_K,-394.91048888888895
ID_v0w7T9_Ca,-3739.304977777778
ID_v0w7T9_Mg,-496.67386666666675
ID_v0w7T9_S,-9.961887111111135
ID_v0w7T9_Fe,-368.1347199999999
ID_v0w7T9_Mn,-281.0751644444444
ID_v0w7T9_Zn,-12.468575999999997
ID_v0w7T9_Cu,-2.0675893333333364
ID_v0w7T9_B,-0.517538666666667
ID_9kfwg1_N,-5510.546666666668
ID_9kfwg1_P,15.392666666666717
ID_9kfwg1_K,-1071.976
ID_9kfwg1_Ca,-4052.918666666667
ID_9kfwg1_Mg,-787.2466666666667
ID_9kfwg1_S,-8.665866666666663
ID_9kfwg1_Fe,-495.7095333333333
ID_9kfwg1_Mn,-350.195
ID_9kfwg1_Zn,-13.83202666666665
ID_9kfwg1_Cu,-2.4666733333333366
ID_9kfwg1_B,-0.5968533333333338
ID_tKbCDw_N,-5683.166666666667
ID_tKbCDw_P,15.096846666666718
ID_tKbCDw_K,-1109.1973333333333
ID_tKbCDw_Ca,-5047.707333333334
ID_tKbCDw_Mg,-857.648
ID_tKbCDw_S,-10.242920000000016
ID_tKbCDw_Fe,-479.9161333333333
ID_tKbCDw_Mn,-360.8676666666667
ID_tKbCDw_Zn,-17.39764000000002
ID_tKbCDw_Cu,-2.388366666666671
ID_tKbCDw_B,-0.85786
ID_YpyQIx_N,-4438.736000000001
ID_YpyQIx_P,16.64344000000002
ID_YpyQIx_K,-844.3040000000001
ID_YpyQIx_Ca,-6160.334400000001
ID_YpyQIx_Mg,-1132.5856
ID_YpyQIx_S,-8.01196800000002
ID_YpyQIx_Fe,-267.9577600000001
ID_YpyQIx_Mn,-349.0059199999999
ID_YpyQIx_Zn,-9.875216000000002
ID_YpyQIx_Cu,-4.837984000000005
ID_YpyQIx_B,-0.7894720000000003
ID_qGZT6z_N,-4663.4400000000005
ID_qGZT6z_P,1.470128888888894
ID_qGZT6z_K,-1249.0115555555558
ID_qGZT6z_Ca,-6563.306222222223
ID_qGZT6z_Mg,-1053.3533333333332
ID_qGZT6z_S,-8.238288888888896
ID_qGZT6z_Fe,-270.56120000000016
ID_qGZT6z_Mn,-338.9324
ID_qGZT6z_Zn,-9.694479999999999
ID_qGZT6z_Cu,-5.051791111111114
ID_qGZT6z_B,-1.207880000000001
ID_qjRUT5_N,-5190.133333333334
ID_qjRUT5_P,-17.313336888888898
ID_qjRUT5_K,-1379.6835555555556
ID_qjRUT5_Ca,-6913.691733333335
ID_qjRUT5_Mg,-1132.9912888888891
ID_qjRUT5_S,-10.426581333333303
ID_qjRUT5_Fe,-289.0594844444444
ID_qjRUT5_Mn,-394.1834666666667
ID_qjRUT5_Zn,-12.169187555555538
ID_qjRUT5_Cu,-5.308956444444447
ID_qjRUT5_B,-1.2655431111111102
ID_OAbZHh_N,-3288.941333333333
ID_OAbZHh_P,-23.614989333333213
ID_OAbZHh_K,-1189.6272
ID_OAbZHh_Ca,-6815.216799999999
ID_OAbZHh_Mg,-984.6461333333335
ID_OAbZHh_S,-9.618453333333338
ID_OAbZHh_Fe,-287.32917333333296
ID_OAbZHh_Mn,-373.1106133333333
ID_OAbZHh_Zn,-9.35176266666666
ID_OAbZHh_Cu,-3.928776
ID_OAbZHh_B,-1.3373493333333353
ID_caReDO_N,-3241.033333333333
ID_caReDO_P,-85.78019955555554
ID_caReDO_K,-1278.1355555555556
ID_caReDO_Ca,-6621.205466666666
ID_caReDO_Mg,-936.3485333333334
ID_caReDO_S,-10.872656444444445
ID_caReDO_Fe,-235.9626222222219
ID_caReDO_Mn,-378.94250666666665
ID_caReDO_Zn,-9.12921466666666
ID_caReDO_Cu,-4.016456888888892
ID_caReDO_B,-1.503908444444447
ID_Tp2ZeA_N,-2808.8746666666666
ID_Tp2ZeA_P,-45.997141333333346
ID_Tp2ZeA_K,-1357.8304
ID_Tp2ZeA_Ca,-7203.814933333332
ID_Tp2ZeA_Mg,-996.4616000000001
ID_Tp2ZeA_S,-13.619701333333325
ID_Tp2ZeA_Fe,-270.8726399999997
ID_Tp2ZeA_Mn,-400.5542133333332
ID_Tp2ZeA_Zn,-5.83615466666667
ID_Tp2ZeA_Cu,-4.47815466666667
ID_Tp2ZeA_B,-1.4060533333333347
ID_rQX1RT_N,-3458.997777777777
ID_rQX1RT_P,-7.592385777777707
ID_rQX1RT_K,-1038.5052444444443
ID_rQX1RT_Ca,-6494.504844444444
ID_rQX1RT_Mg,-896.7181777777778
ID_rQX1RT_S,-13.354186666666674
ID_rQX1RT_Fe,-258.66557777777723
ID_rQX1RT_Mn,-366.1001822222221
ID_rQX1RT_Zn,-10.876847555555551
ID_rQX1RT_Cu,-4.242004888888891
ID_rQX1RT_B,-1.2966915555555556
ID_TZVRjL_N,-3326.403555555556
ID_TZVRjL_P,-110.39569066666681
ID_TZVRjL_K,-1051.4190222222223
ID_TZVRjL_Ca,-6023.003022222223
ID_TZVRjL_Mg,-962.9952000000002
ID_TZVRjL_S,-11.270961777777796
ID_TZVRjL_Fe,-224.62115555555548
ID_TZVRjL_Mn,-358.324551111111
ID_TZVRjL_Zn,-38.11694933333334
ID_TZVRjL_Cu,-3.8001422222222248
ID_TZVRjL_B,-1.3720177777777804
ID_NQKO7E_N,-4498.926666666666
ID_NQKO7E_P,-3.2527777777777587
ID_NQKO7E_K,-1129.648
ID_NQKO7E_Ca,-6073.350222222222
ID_NQKO7E_Mg,-936.0324444444445
ID_NQKO7E_S,-10.937593333333346
ID_NQKO7E_Fe,-286.97037777777734
ID_NQKO7E_Mn,-410.0651555555554
ID_NQKO7E_Zn,-7.747162222222219
ID_NQKO7E_Cu,-4.138157777777779
ID_NQKO7E_B,-1.126580000000001
ID_BfDVSg_N,-5330.954666666667
ID_BfDVSg_P,-35.50353066666668
ID_BfDVSg_K,-2095.8613333333337
ID_BfDVSg_Ca,-7752.701155555557
ID_BfDVSg_Mg,-1152.6784
ID_BfDVSg_S,-10.315328000000022
ID_BfDVSg_Fe,-318.9555199999999
ID_BfDVSg_Mn,-421.7444266666667
ID_BfDVSg_Zn,-12.577663999999988
ID_BfDVSg_Cu,-5.182869333333335
ID_BfDVSg_B,-1.7736746666666652
ID_KZxMQp_N,-4739.831999999999
ID_KZxMQp_P,14.929120000000026
ID_KZxMQp_K,-812.9813333333334
ID_KZxMQp_Ca,-6560.728266666667
ID_KZxMQp_Mg,-1113.9677333333332
ID_KZxMQp_S,-9.943834666666689
ID_KZxMQp_Fe,-278.1580000000002
ID_KZxMQp_Mn,-356.00706666666656
ID_KZxMQp_Zn,-9.028053333333332
ID_KZxMQp_Cu,-3.627613333333329
ID_KZxMQp_B,-0.7570133333333329
ID_q2k1hx_N,-2888.7271111111113
ID_q2k1hx_P,-84.87760888888882
ID_q2k1hx_K,-1345.2380444444443
ID_q2k1hx_Ca,-6740.267199999999
ID_q2k1hx_Mg,-985.1816888888887
ID_q2k1hx_S,-13.425859555555562
ID_q2k1hx_Fe,-239.31948444444419
ID_q2k1hx_Mn,-396.6272711111111
ID_q2k1hx_Zn,-8.916346666666666
ID_q2k1hx_Cu,-4.115045333333336
ID_q2k1hx_B,-1.5628693333333357
ID_8hkJO5_N,-4749.608444444445
ID_8hkJO5_P,3.802835555555596
ID_8hkJO5_K,-1086.110888888889
ID_8hkJO5_Ca,-6552.275466666666
ID_8hkJO5_Mg,-993.0594666666665
ID_8hkJO5_S,-9.186495555555556
ID_8hkJO5_Fe,-323.7555866666664
ID_8hkJO5_Mn,-352.65920888888877
ID_8hkJO5_Zn,-22.880109333333333
ID_8hkJO5_Cu,-3.0165324444444446
ID_8hkJO5_B,-0.9555822222222218
ID_6X2wv7_N,-4836.145333333334
ID_6X2wv7_P,8.121293333333384
ID_6X2wv7_K,-1084.0233333333335
ID_6X2wv7_Ca,-5944.901333333334
ID_6X2wv7_Mg,-854.1937333333334
ID_6X2wv7_S,-9.249988000000016
ID_6X2wv7_Fe,-276.67039999999963
ID_6X2wv7_Mn,-346.06356
ID_6X2wv7_Zn,-32.04821066666668
ID_6X2wv7_Cu,-2.846678666666669
ID_6X2wv7_B,-0.9221573333333334
ID_S9JFmj_N,-5139.182222222222
ID_S9JFmj_P,15.055224888888919
ID_S9JFmj_K,-1085.779422222222
ID_S9JFmj_Ca,-6643.358488888889
ID_S9JFmj_Mg,-1212.967511111111
ID_S9JFmj_S,-8.178435111111103
ID_S9JFmj_Fe,-477.53653333333335
ID_S9JFmj_Mn,-388.263751111111
ID_S9JFmj_Zn,-8.33736088888889
ID_S9JFmj_Cu,-2.4956275555555583
ID_S9JFmj_B,-0.7607199999999997
ID_Gz40og_N,-4938.900444444446
ID_Gz40og_P,15.414008444444491
ID_Gz40og_K,-1083.9544000000003
ID_Gz40og_Ca,-4262.243644444445
ID_Gz40og_Mg,-862.1542666666667
ID_Gz40og_S,-11.390043555555579
ID_Gz40og_Fe,-493.92338666666666
ID_Gz40og_Mn,-353.40770222222216
ID_Gz40og_Zn,-9.573596888888888
ID_Gz40og_Cu,-2.3300595555555583
ID_Gz40og_B,-0.6810622222222227
ID_6xiGxA_N,-5898.834666666668
ID_6xiGxA_P,-13.97352799999998
ID_6xiGxA_K,-1070.6984000000002
ID_6xiGxA_Ca,-6362.221866666668
ID_6xiGxA_Mg,-869.8620000000001
ID_6xiGxA_S,-11.558492000000012
ID_6xiGxA_Fe,-406.84922666666665
ID_6xiGxA_Mn,-345.17210666666654
ID_6xiGxA_Zn,-18.958991999999988
ID_6xiGxA_Cu,-2.440221333333334
ID_6xiGxA_B,-1.3636413333333337
ID_qowgBL_N,-5283.0560000000005
ID_qowgBL_P,14.573550666666712
ID_qowgBL_K,-1038.4245333333336
ID_qowgBL_Ca,-6092.0922666666675
ID_qowgBL_Mg,-915.0464000000002
ID_qowgBL_S,-124.35812266666659
ID_qowgBL_Fe,-699.8339733333335
ID_qowgBL_Mn,-379.5071200000001
ID_qowgBL_Zn,-12.155086666666648
ID_qowgBL_Cu,-2.2888173333333364
ID_qowgBL_B,-0.5661186666666679
ID_3NUIY7_N,-5173.768444444445
ID_3NUIY7_P,14.162828888888878
ID_3NUIY7_K,-1064.0908444444447
ID_3NUIY7_Ca,-6057.059022222224
ID_3NUIY7_Mg,-855.642177777778
ID_3NUIY7_S,-10.369895555555587
ID_3NUIY7_Fe,-488.3193511111111
ID_3NUIY7_Mn,-382.9557955555556
ID_3NUIY7_Zn,-14.76584711111109
ID_3NUIY7_Cu,-2.227901333333335
ID_3NUIY7_B,-0.9691231111111099
ID_jWgJ9H_N,-5325.737777777779
ID_jWgJ9H_P,17.67464444444444
ID_jWgJ9H_K,-1103.2982222222224
ID_jWgJ9H_Ca,-5808.569333333334
ID_jWgJ9H_Mg,-863.4493333333335
ID_jWgJ9H_S,-11.341071111111134
ID_jWgJ9H_Fe,-514.1427555555556
ID_jWgJ9H_Mn,-404.23280000000005
ID_jWgJ9H_Zn,-15.508542222222207
ID_jWgJ9H_Cu,-2.3527822222222246
ID_jWgJ9H_B,-1.2555466666666701
ID_70A9S9_N,-4851.0560000000005
ID_70A9S9_P,17.433520000000005
ID_70A9S9_K,-955.8512000000001
ID_70A9S9_Ca,-5311.108800000001
ID_70A9S9_Mg,-850.2112000000002
ID_70A9S9_S,-10.651680000000031
ID_70A9S9_Fe,-381.79888000000005
ID_70A9S9_Mn,-387.41120000000006
ID_70A9S9_Zn,-41.76281600000005
ID_70A9S9_Cu,-2.316640000000002
ID_70A9S9_B,-0.9165280000000002
ID_6zJaCl_N,-4789.535999999999
ID_6zJaCl_P,12.950434666666652
ID_6zJaCl_K,-1163.8429333333331
ID_6zJaCl_Ca,-6161.419199999999
ID_6zJaCl_Mg,-988.2738666666667
ID_6zJaCl_S,-21.286074666666664
ID_6zJaCl_Fe,-389.2542933333333
ID_6zJaCl_Mn,-322.44647999999995
ID_6zJaCl_Zn,-9.187501333333334
ID_6zJaCl_Cu,-2.3257840000000036
ID_6zJaCl_B,-1.0724133333333357
ID_IGa0ls_N,-5661.590666666667
ID_IGa0ls_P,12.080145333333409
ID_IGa0ls_K,-499.61080000000004
ID_IGa0ls_Ca,-5038.371733333334
ID_IGa0ls_Mg,-602.0214666666667
ID_IGa0ls_S,-13.304300000000037
ID_IGa0ls_Fe,-381.9802933333327
ID_IGa0ls_Mn,-363.12943999999993
ID_IGa0ls_Zn,-9.428679999999993
ID_IGa0ls_Cu,-3.1366599999999982
ID_IGa0ls_B,-0.5682400000000002
ID_m4Keu3_N,-5574.191111111112
ID_m4Keu3_P,11.419115555555639
ID_m4Keu3_K,-830.5764444444445
ID_m4Keu3_Ca,-6436.869777777778
ID_m4Keu3_Mg,-1127.7377777777779
ID_m4Keu3_S,-8.956955555555595
ID_m4Keu3_Fe,-312.7405777777778
ID_m4Keu3_Mn,-363.9278222222223
ID_m4Keu3_Zn,-32.93087999999998
ID_m4Keu3_Cu,-3.4930666666666688
ID_m4Keu3_B,-0.7554622222222225
ID_X7bU7o_N,-6038.928444444446
ID_X7bU7o_P,-47.92511644444443
ID_X7bU7o_K,-1087.3988
ID_X7bU7o_Ca,-7712.7040444444465
ID_X7bU7o_Mg,-1265.2072
ID_X7bU7o_S,-11.052676444444472
ID_X7bU7o_Fe,-298.4117822222223
ID_X7bU7o_Mn,-355.0906622222222
ID_X7bU7o_Zn,-10.34047244444443
ID_X7bU7o_Cu,-4.966018666666666
ID_X7bU7o_B,-1.4100057777777784
ID_1FwwQY_N,-5257.649333333335
ID_1FwwQY_P,-32.45922133333332
ID_1FwwQY_K,-1260.163066666667
ID_1FwwQY_Ca,-6827.445066666667
ID_1FwwQY_Mg,-975.0850666666668
ID_1FwwQY_S,-8.533569333333332
ID_1FwwQY_Fe,-435.90902666666665
ID_1FwwQY_Mn,-375.5560133333333
ID_1FwwQY_Zn,-9.53992666666666
ID_1FwwQY_Cu,-2.909825333333332
ID_1FwwQY_B,-1.1493866666666652
ID_Olka27_N,-5054.494666666667
ID_Olka27_P,15.324502666666685
ID_Olka27_K,-1059.415866666667
ID_Olka27_Ca,-6545.939200000001
ID_Olka27_Mg,-1089.2818666666667
ID_Olka27_S,-10.114406666666678
ID_Olka27_Fe,-463.49474666666646
ID_Olka27_Mn,-358.9336400000001
ID_Olka27_Zn,-7.973938666666658
ID_Olka27_Cu,-2.909825333333332
ID_Olka27_B,-0.6744546666666671
ID_E9Wbhv_N,-5693.125333333333
ID_E9Wbhv_P,14.93514933333337
ID_E9Wbhv_K,-485.90773333333334
ID_E9Wbhv_Ca,-6449.0488000000005
ID_E9Wbhv_Mg,-705.6197333333334
ID_E9Wbhv_S,-10.286695999999981
ID_E9Wbhv_Fe,-459.07751999999994
ID_E9Wbhv_Mn,-380.08943999999985
ID_E9Wbhv_Zn,-11.861839999999999
ID_E9Wbhv_Cu,-2.6943840000000012
ID_E9Wbhv_B,-0.6048613333333336
ID_VM7HPt_N,-5834.933333333334
ID_VM7HPt_P,16.817380000000014
ID_VM7HPt_K,-1154.1563111111113
ID_VM7HPt_Ca,-4365.821777777778
ID_VM7HPt_Mg,-798.9464444444445
ID_VM7HPt_S,-7.585517777777774
ID_VM7HPt_Fe,-400.36820444444436
ID_VM7HPt_Mn,-314.4082666666667
ID_VM7HPt_Zn,-14.071440888888885
ID_VM7HPt_Cu,-2.196514666666672
ID_VM7HPt_B,-0.753078222222223
ID_Xbu6LW_N,-5794.46
ID_Xbu6LW_P,14.242372000000046
ID_Xbu6LW_K,-413.41040000000004
ID_Xbu6LW_Ca,-5263.062
ID_Xbu6LW_Mg,-623.2539999999999
ID_Xbu6LW_S,-13.420356000000002
ID_Xbu6LW_Fe,-508.6575199999997
ID_Xbu6LW_Mn,-399.4550399999998
ID_Xbu6LW_Zn,-10.703352000000008
ID_Xbu6LW_Cu,-2.661508000000004
ID_Xbu6LW_B,-0.6753520000000011
ID_Itf5Mu_N,-6336.101777777778
ID_Itf5Mu_P,14.025420444444482
ID_Itf5Mu_K,-470.6955999999999
ID_Itf5Mu_Ca,-4558.964533333334
ID_Itf5Mu_Mg,-617.8024888888889
ID_Itf5Mu_S,-13.835058666666683
ID_Itf5Mu_Fe,-370.11242222222216
ID_Itf5Mu_Mn,-359.8399733333332
ID_Itf5Mu_Zn,-12.075166666666659
ID_Itf5Mu_Cu,-2.6512400000000036
ID_Itf5Mu_B,-0.5986173333333331
ID_TjnWs7_N,-5943.155555555556
ID_TjnWs7_P,15.638177777777813
ID_TjnWs7_K,-1179.784888888889
ID_TjnWs7_Ca,-4292.705777777778
ID_TjnWs7_Mg,-851.6524444444445
ID_TjnWs7_S,-10.745457777777794
ID_TjnWs7_Fe,-395.8443555555554
ID_TjnWs7_Mn,-346.8411555555556
ID_TjnWs7_Zn,-12.422675555555555
ID_TjnWs7_Cu,-2.5707288888888913
ID_TjnWs7_B,-0.6168133333333343
ID_LpKMJ5_N,-6497.347555555556
ID_LpKMJ5_P,15.196380444444472
ID_LpKMJ5_K,-506.26773333333335
ID_LpKMJ5_Ca,-4347.114666666667
ID_LpKMJ5_Mg,-563.7027555555557
ID_LpKMJ5_S,-11.168967111111108
ID_LpKMJ5_Fe,-397.7686755555556
ID_LpKMJ5_Mn,-364.23367111111105
ID_LpKMJ5_Zn,-9.725944888888874
ID_LpKMJ5_Cu,-2.1278577777777823
ID_LpKMJ5_B,-0.5694008888888886
ID_8jfEuP_N,-6326.240000000002
ID_8jfEuP_P,13.991632000000052
ID_8jfEuP_K,-1329.5936000000002
ID_8jfEuP_Ca,-5101.060800000001
ID_8jfEuP_Mg,-803.1664000000001
ID_8jfEuP_S,-14.630160000000032
ID_8jfEuP_Fe,-372.85215999999997
ID_8jfEuP_Mn,-355.49024
ID_8jfEuP_Zn,-18.56115200000003
ID_8jfEuP_Cu,-2.407888000000005
ID_8jfEuP_B,-1.1613279999999997
ID_SeBUrD_N,-6303.904
ID_SeBUrD_P,15.386204444444488
ID_SeBUrD_K,-633.1057777777778
ID_SeBUrD_Ca,-6029.392355555556
ID_SeBUrD_Mg,-754.4956444444446
ID_SeBUrD_S,-6.689262222222194
ID_SeBUrD_Fe,-358.625848888889
ID_SeBUrD_Mn,-336.84241777777765
ID_SeBUrD_Zn,-15.318190222222231
ID_SeBUrD_Cu,-2.263089777777783
ID_SeBUrD_B,-0.5323982222222227
ID_vG3N3b_N,-5696.252
ID_vG3N3b_P,-24.92499199999986
ID_vG3N3b_K,-1337.4628000000002
ID_vG3N3b_Ca,-5348.5596000000005
ID_vG3N3b_Mg,-711.4836
ID_vG3N3b_S,-13.981867999999988
ID_vG3N3b_Fe,-367.74707999999987
ID_vG3N3b_Mn,-256.6343599999999
ID_vG3N3b_Zn,-26.078012000000033
ID_vG3N3b_Cu,-2.4682480000000013
ID_vG3N3b_B,-1.4903160000000066
ID_rQtRqO_N,-5647.746666666667
ID_rQtRqO_P,15.115466666666705
ID_rQtRqO_K,-1340.58
ID_rQtRqO_Ca,-4826.806
ID_rQtRqO_Mg,-792.0113333333334
ID_rQtRqO_S,-13.12799333333335
ID_rQtRqO_Fe,-392.6116666666668
ID_rQtRqO_Mn,-332.98106666666666
ID_rQtRqO_Zn,-18.806320000000014
ID_rQtRqO_Cu,-2.2400133333333376
ID_rQtRqO_B,-1.181773333333335
ID_LdsI69_N,-5506.6208888888905
ID_LdsI69_P,10.967922666666748
ID_LdsI69_K,-761.4258222222223
ID_LdsI69_Ca,-6381.281155555556
ID_LdsI69_Mg,-1151.299777777778
ID_LdsI69_S,-9.27059911111115
ID_LdsI69_Fe,-291.1649777777778
ID_LdsI69_Mn,-339.48089333333326
ID_LdsI69_Zn,-8.113578222222223
ID_LdsI69_Cu,-4.89407866666667
ID_LdsI69_B,-0.6868271111111115
ID_bsLtsX_N,-5406.34088888889
ID_bsLtsX_P,-30.693815111111164
ID_bsLtsX_K,-1828.608488888889
ID_bsLtsX_Ca,-7203.015200000001
ID_bsLtsX_Mg,-1139.1838222222223
ID_bsLtsX_S,-9.823640888888928
ID_bsLtsX_Fe,-303.0338666666668
ID_bsLtsX_Mn,-374.08185333333336
ID_bsLtsX_Zn,-15.377725777777764
ID_bsLtsX_Cu,-4.911324888888893
ID_bsLtsX_B,-1.230809777777778
ID_70k5YC_N,-5418.618666666666
ID_70k5YC_P,-58.9657013333333
ID_70k5YC_K,-1184.2049333333334
ID_70k5YC_Ca,-6766.643999999999
ID_70k5YC_Mg,-1304.7837777777777
ID_70k5YC_S,-10.548371555555569
ID_70k5YC_Fe,-306.73628
ID_70k5YC_Mn,-371.5693822222221
ID_70k5YC_Zn,-15.128811555555547
ID_70k5YC_Cu,-4.504415999999999
ID_70k5YC_B,-1.2988511111111096
ID_zIGfHc_N,-4730.976
ID_zIGfHc_P,1.5476568888888949
ID_zIGfHc_K,-1103.7539555555556
ID_zIGfHc_Ca,-6229.497244444444
ID_zIGfHc_Mg,-980.8805777777778
ID_zIGfHc_S,-9.290355111111126
ID_zIGfHc_Fe,-265.98797777777804
ID_zIGfHc_Mn,-346.49794666666673
ID_zIGfHc_Zn,-13.16080355555555
ID_zIGfHc_Cu,-5.161021333333335
ID_zIGfHc_B,-1.0238342222222216
ID_ZpdaUK_N,-4955.770666666666
ID_ZpdaUK_P,-19.71522666666661
ID_ZpdaUK_K,-1682.575111111111
ID_ZpdaUK_Ca,-6958.523022222223
ID_ZpdaUK_Mg,-1027.145288888889
ID_ZpdaUK_S,-8.793205333333333
ID_ZpdaUK_Fe,-275.86819555555564
ID_ZpdaUK_Mn,-369.59765777777767
ID_ZpdaUK_Zn,-8.641355999999993
ID_ZpdaUK_Cu,-3.8034644444444456
ID_ZpdaUK_B,-1.2849897777777768
ID_39OVjW_N,-5105.666666666668
ID_39OVjW_P,6.004006666666662
ID_39OVjW_K,-1266.3242222222225
ID_39OVjW_Ca,-6136.344666666666
ID_39OVjW_Mg,-1022.7015555555556
ID_39OVjW_S,-24.963453333333362
ID_39OVjW_Fe,-451.6953555555554
ID_39OVjW_Mn,-324.930911111111
ID_39OVjW_Zn,-15.906539999999994
ID_39OVjW_Cu,-2.148657777777781
ID_39OVjW_B,-1.0358577777777798
ID_CTxsiq_N,-5718.896000000001
ID_CTxsiq_P,-33.185311999999996
ID_CTxsiq_K,-1153.928
ID_CTxsiq_Ca,-6325.3632
ID_CTxsiq_Mg,-838.7008000000002
ID_CTxsiq_S,-9.44275200000002
ID_CTxsiq_Fe,-313.33408000000014
ID_CTxsiq_Mn,-379.9025599999999
ID_CTxsiq_Zn,-13.942063999999977
ID_CTxsiq_Cu,-3.1840960000000016
ID_CTxsiq_B,-1.2012640000000003
ID_Bz40mP_N,-5812.915555555556
ID_Bz40mP_P,-10.640333333333366
ID_Bz40mP_K,-990.0373333333334
ID_Bz40mP_Ca,-7151.723111111112
ID_Bz40mP_Mg,-1126.8626666666669
ID_Bz40mP_S,-10.444399999999998
ID_Bz40mP_Fe,-322.2641333333333
ID_Bz40mP_Mn,-380.3750222222221
ID_Bz40mP_Zn,-10.56792888888888
ID_Bz40mP_Cu,-3.3535377777777784
ID_Bz40mP_B,-1.2420044444444456
ID_X7sf22_N,-6079.241777777778
ID_X7sf22_P,9.598028000000085
ID_X7sf22_K,-936.8705333333334
ID_X7sf22_Ca,-6766.794666666666
ID_X7sf22_Mg,-1146.0765333333331
ID_X7sf22_S,-10.878130666666667
ID_X7sf22_Fe,-312.2778000000002
ID_X7sf22_Mn,-362.5705644444444
ID_X7sf22_Zn,-9.248140888888873
ID_X7sf22_Cu,-4.521541777777781
ID_X7sf22_B,-0.7219484444444448
ID_MadukI_N,-6070.6426666666675
ID_MadukI_P,-60.2390346666666
ID_MadukI_K,-1279.3578666666665
ID_MadukI_Ca,-7507.586933333332
ID_MadukI_Mg,-1156.6290666666664
ID_MadukI_S,-12.268117333333336
ID_MadukI_Fe,-333.02493333333337
ID_MadukI_Mn,-395.0097599999998
ID_MadukI_Zn,-38.43189600000006
ID_MadukI_Cu,-3.7002693333333303
ID_MadukI_B,-1.3927786666666655
ID_e2gNPV_N,-5950.090666666668
ID_e2gNPV_P,-55.02771911111117
ID_e2gNPV_K,-1272.1187555555557
ID_e2gNPV_Ca,-7409.513244444446
ID_e2gNPV_Mg,-1186.9902222222224
ID_e2gNPV_S,-10.621013333333337
ID_e2gNPV_Fe,-304.2272711111114
ID_e2gNPV_Mn,-383.63207111111103
ID_e2gNPV_Zn,-14.168063999999978
ID_e2gNPV_Cu,-4.198264888888886
ID_e2gNPV_B,-1.3325439999999988
ID_Cu6tOU_N,-5971.445333333333
ID_Cu6tOU_P,-55.10201555555557
ID_Cu6tOU_K,-1296.644888888889
ID_Cu6tOU_Ca,-7053.883822222223
ID_Cu6tOU_Mg,-1119.4620888888892
ID_Cu6tOU_S,-10.47555777777782
ID_Cu6tOU_Fe,-323.47112444444457
ID_Cu6tOU_Mn,-382.01414666666665
ID_Cu6tOU_Zn,-11.468259111111102
ID_Cu6tOU_Cu,-4.303492444444448
ID_Cu6tOU_B,-1.3476093333333319
ID_POZELL_N,-5759.3675555555565
ID_POZELL_P,-63.401423555555596
ID_POZELL_K,-1253.542666666667
ID_POZELL_Ca,-6727.811111111111
ID_POZELL_Mg,-1102.6172000000001
ID_POZELL_S,-9.084326222222202
ID_POZELL_Fe,-388.31429777777765
ID_POZELL_Mn,-382.06555555555553
ID_POZELL_Zn,-15.910224000000001
ID_POZELL_Cu,-2.9639186666666673
ID_POZELL_B,-1.122442222222221
ID_KjKj4M_N,-5508.835555555556
ID_KjKj4M_P,-11.717905777777744
ID_KjKj4M_K,-1214.8771555555556
ID_KjKj4M_Ca,-6137.556977777778
ID_KjKj4M_Mg,-903.7379555555558
ID_KjKj4M_S,-10.880554666666669
ID_KjKj4M_Fe,-476.3235733333333
ID_KjKj4M_Mn,-311.56625777777765
ID_KjKj4M_Zn,-20.447562666666702
ID_KjKj4M_Cu,-2.110417777777783
ID_KjKj4M_B,-1.3668942222222225
ID_JqqUIZ_N,-6413.170666666667
ID_JqqUIZ_P,-26.713923999999892
ID_JqqUIZ_K,-1370.063777777778
ID_JqqUIZ_Ca,-5322.218933333334
ID_JqqUIZ_Mg,-886.2551555555555
ID_JqqUIZ_S,-21.38110977777778
ID_JqqUIZ_Fe,-393.6550257777778
ID_JqqUIZ_Mn,-302.68596888888885
ID_JqqUIZ_Zn,-29.803811555555573
ID_JqqUIZ_Cu,-2.525471555555557
ID_JqqUIZ_B,-1.528722666666674
ID_Q0CsbP_N,-5811.462666666667
ID_Q0CsbP_P,-11.207987555555533
ID_Q0CsbP_K,-1335.0756444444446
ID_Q0CsbP_Ca,-5757.627244444445
ID_Q0CsbP_Mg,-865.0260444444447
ID_Q0CsbP_S,-22.706832000000006
ID_Q0CsbP_Fe,-346.8698759999999
ID_Q0CsbP_Mn,-303.10230666666655
ID_Q0CsbP_Zn,-18.69874088888891
ID_Q0CsbP_Cu,-2.15707066666667
ID_Q0CsbP_B,-0.9810386666666667
ID_dQLtc9_N,-5029.817777777778
ID_dQLtc9_P,-8.104108888888874
ID_dQLtc9_K,-1296.8848000000003
ID_dQLtc9_Ca,-6074.055377777779
ID_dQLtc9_Mg,-972.4196000000001
ID_dQLtc9_S,-10.925582222222197
ID_dQLtc9_Fe,-378.1103022222223
ID_dQLtc9_Mn,-352.5853911111111
ID_dQLtc9_Zn,-19.136963555555607
ID_dQLtc9_Cu,-2.2240493333333387
ID_dQLtc9_B,-1.5274253333333399
ID_My96ir_N,-5714.044444444445
ID_My96ir_P,-5.746076444444483
ID_My96ir_K,-996.5440000000001
ID_My96ir_Ca,-6543.215644444445
ID_My96ir_Mg,-898.0252444444445
ID_My96ir_S,-11.069361777777786
ID_My96ir_Fe,-416.65685333333323
ID_My96ir_Mn,-380.5383822222221
ID_My96ir_Zn,-11.703914666666652
ID_My96ir_Cu,-2.983139555555557
ID_My96ir_B,-1.642311111111118
ID_BlDU2U_N,-5399.168888888889
ID_BlDU2U_P,10.554857777777862
ID_BlDU2U_K,-902.9662222222223
ID_BlDU2U_Ca,-4654.796444444445
ID_BlDU2U_Mg,-920.624888888889
ID_BlDU2U_S,-8.252417777777787
ID_BlDU2U_Fe,-383.92622222222184
ID_BlDU2U_Mn,-362.83124444444445
ID_BlDU2U_Zn,-8.744862222222215
ID_BlDU2U_Cu,-3.351044444444444
ID_BlDU2U_B,-0.6656044444444451
ID_QW8fju_N,-5652.608888888889
ID_QW8fju_P,-40.98126666666664
ID_QW8fju_K,-1052.3364444444446
ID_QW8fju_Ca,-7274.541777777778
ID_QW8fju_Mg,-1199.6875555555557
ID_QW8fju_S,-11.646724444444455
ID_QW8fju_Fe,-304.9990222222224
ID_QW8fju_Mn,-370.62853333333334
ID_QW8fju_Zn,-13.152635555555538
ID_QW8fju_Cu,-4.909084444444446
ID_QW8fju_B,-1.3867155555555586
ID_7OXuN5_N,-4984.438222222223
ID_7OXuN5_P,-24.586859999999987
ID_7OXuN5_K,-1099.509911111111
ID_7OXuN5_Ca,-7875.060755555556
ID_7OXuN5_Mg,-1192.5308444444445
ID_7OXuN5_S,-10.396448000000007
ID_7OXuN5_Fe,-291.7051333333335
ID_7OXuN5_Mn,-362.59858222222203
ID_7OXuN5_Zn,-12.205971111111095
ID_7OXuN5_Cu,-4.9136502222222225
ID_7OXuN5_B,-1.194476444444444
ID_maodRo_N,-6276.160000000001
ID_maodRo_P,16.393433333333363
ID_maodRo_K,-1306.9146666666668
ID_maodRo_Ca,-5082.432000000001
ID_maodRo_Mg,-773.4006666666668
ID_maodRo_S,-9.048113333333319
ID_maodRo_Fe,-355.8623666666666
ID_maodRo_Mn,-331.08779999999996
ID_maodRo_Zn,-17.22982666666668
ID_maodRo_Cu,-2.220040000000004
ID_maodRo_B,-1.3669933333333362
ID_v3dudD_N,-6009.668444444445
ID_v3dudD_P,17.877741333333375
ID_v3dudD_K,-1237.727911111111
ID_v3dudD_Ca,-4847.493333333334
ID_v3dudD_Mg,-624.6270222222223
ID_v3dudD_S,-17.279656000000024
ID_v3dudD_Fe,-367.6460266666665
ID_v3dudD_Mn,-186.60752000000005
ID_v3dudD_Zn,-17.33381866666669
ID_v3dudD_Cu,-2.5156017777777806
ID_v3dudD_B,-1.3417404444444483
ID_mQdSCS_N,-6130.752888888889
ID_mQdSCS_P,4.052946666666607
ID_mQdSCS_K,-1310.574577777778
ID_mQdSCS_Ca,-5082.715111111112
ID_mQdSCS_Mg,-798.0608888888889
ID_mQdSCS_S,-21.11546311111112
ID_mQdSCS_Fe,-387.4943368888889
ID_mQdSCS_Mn,-285.37932444444436
ID_mQdSCS_Zn,-50.87129155555545
ID_mQdSCS_Cu,-2.2630666666666714
ID_mQdSCS_B,-1.2593768888888919
ID_UCYlio_N,-5884.873333333334
ID_UCYlio_P,17.963926666666694
ID_UCYlio_K,-418.3091111111111
ID_UCYlio_Ca,-4160.547777777777
ID_UCYlio_Mg,-482.6602222222222
ID_UCYlio_S,-7.800237777777792
ID_UCYlio_Fe,-313.0352444444444
ID_UCYlio_Mn,-271.91982222222214
ID_UCYlio_Zn,-12.69129555555556
ID_UCYlio_Cu,-1.9996088888888923
ID_UCYlio_B,-0.5264377777777782
ID_ZhvNQ5_N,-7634.265777777779
ID_ZhvNQ5_P,16.655443555555607
ID_ZhvNQ5_K,-426.4392444444445
ID_ZhvNQ5_Ca,-3856.3404000000005
ID_ZhvNQ5_Mg,-450.32453333333336
ID_ZhvNQ5_S,-11.112301333333367
ID_ZhvNQ5_Fe,-334.84993333333335
ID_ZhvNQ5_Mn,-166.89415555555556
ID_ZhvNQ5_Zn,-14.062391999999992
ID_ZhvNQ5_Cu,-2.3908071111111147
ID_ZhvNQ5_B,-0.5492524444444445
ID_qaWnZV_N,-5665.7084444444445
ID_qaWnZV_P,-18.11809333333337
ID_qaWnZV_K,-1221.2419111111112
ID_qaWnZV_Ca,-5485.3132888888895
ID_qaWnZV_Mg,-754.7026222222223
ID_qaWnZV_S,-13.391220444444478
ID_qaWnZV_Fe,-415.0021866666667
ID_qaWnZV_Mn,-160.05847555555556
ID_qaWnZV_Zn,-19.447981333333367
ID_qaWnZV_Cu,-2.4014906666666698
ID_qaWnZV_B,-1.3819862222222232
ID_n24J1L_N,-5261.645333333334
ID_n24J1L_P,-80.50027733333332
ID_n24J1L_K,-1217.775111111111
ID_n24J1L_Ca,-6170.523822222222
ID_n24J1L_Mg,-769.6800888888889
ID_n24J1L_S,-12.92484088888893
ID_n24J1L_Fe,-353.5409955555555
ID_n24J1L_Mn,-258.23593777777774
ID_n24J1L_Zn,-17.036290666666698
ID_n24J1L_Cu,-2.3119360000000015
ID_n24J1L_B,-1.3291964444444457
ID_9Vb6F5_N,-6668.412444444445
ID_9Vb6F5_P,16.313376000000034
ID_9Vb6F5_K,-1162.4611555555555
ID_9Vb6F5_Ca,-4600.497066666667
ID_9Vb6F5_Mg,-647.4634666666667
ID_9Vb6F5_S,-13.473575111111103
ID_9Vb6F5_Fe,-402.6030577777778
ID_9Vb6F5_Mn,-234.9834311111111
ID_9Vb6F5_Zn,-17.485596444444454
ID_9Vb6F5_Cu,-2.4554666666666707
ID_9Vb6F5_B,-0.7412764444444452
ID_07jm5H_N,-6245.866666666668
ID_07jm5H_P,16.088666666666715
ID_07jm5H_K,-474.7733333333334
ID_07jm5H_Ca,-5057.391111111112
ID_07jm5H_Mg,-552.8444444444444
ID_07jm5H_S,-9.581022222222249
ID_07jm5H_Fe,-328.31333333333333
ID_07jm5H_Mn,-321.72666666666663
ID_07jm5H_Zn,-13.291911111111128
ID_07jm5H_Cu,-2.1067555555555613
ID_07jm5H_B,-0.5921777777777782
ID_ODoR1X_N,-6170.666666666668
ID_ODoR1X_P,16.22408888888893
ID_ODoR1X_K,-1204.8400000000001
ID_ODoR1X_Ca,-4441.977777777778
ID_ODoR1X_Mg,-755.12
ID_ODoR1X_S,-10.616622222222233
ID_ODoR1X_Fe,-369.7204444444444
ID_ODoR1X_Mn,-292.0693333333332
ID_ODoR1X_Zn,-15.520311111111118
ID_ODoR1X_Cu,-2.2319111111111143
ID_ODoR1X_B,-0.7172000000000011
ID_TDvhWN_N,-6869.456
ID_TDvhWN_P,14.376208000000041
ID_TDvhWN_K,-530.3984
ID_TDvhWN_Ca,-6222.8832
ID_TDvhWN_Mg,-580.5808000000001
ID_TDvhWN_S,-10.894176000000016
ID_TDvhWN_Fe,-374.95312
ID_TDvhWN_Mn,-328.11823999999984
ID_TDvhWN_Zn,-14.025200000000007
ID_TDvhWN_Cu,-2.503696000000004
ID_TDvhWN_B,-0.6251200000000006
ID_p6yvoD_N,-5650.845777777778
ID_p6yvoD_P,1.5078675555555776
ID_p6yvoD_K,-1259.1209333333334
ID_p6yvoD_Ca,-5945.370044444446
ID_p6yvoD_Mg,-959.0850222222224
ID_p6yvoD_S,-10.988498222222209
ID_p6yvoD_Fe,-380.3934444444446
ID_p6yvoD_Mn,-354.2612488888887
ID_p6yvoD_Zn,-18.761940444444466
ID_p6yvoD_Cu,-2.6221844444444464
ID_p6yvoD_B,-1.3281675555555565
ID_0kqcHa_N,-5672.532
ID_0kqcHa_P,16.832232888888914
ID_0kqcHa_K,-366.8895555555556
ID_0kqcHa_Ca,-3979.9778666666666
ID_0kqcHa_Mg,-596.7748
ID_0kqcHa_S,-11.322633333333371
ID_0kqcHa_Fe,-379.72869333333335
ID_0kqcHa_Mn,-309.8950533333333
ID_0kqcHa_Zn,-12.676239111111114
ID_0kqcHa_Cu,-2.489719111111114
ID_0kqcHa_B,-0.5228017777777784
ID_acEzkI_N,-4036.8648888888893
ID_acEzkI_P,-15.715664888888867
ID_acEzkI_K,-904.8892000000001
ID_acEzkI_Ca,-6148.713911111112
ID_acEzkI_Mg,-1020.4803999999999
ID_acEzkI_S,-11.6236911111111
ID_acEzkI_Fe,-306.19971111111136
ID_acEzkI_Mn,-352.6078844444445
ID_acEzkI_Zn,-10.604882222222214
ID_acEzkI_Cu,-4.406097777777781
ID_acEzkI_B,-1.622240888888895
ID_HskOq0_N,-4706.960000000001
ID_HskOq0_P,11.000368000000051
ID_HskOq0_K,-633.7952000000001
ID_HskOq0_Ca,-6548.400000000001
ID_HskOq0_Mg,-762.1840000000001
ID_HskOq0_S,-7.691135999999993
ID_HskOq0_Fe,-365.9401599999994
ID_HskOq0_Mn,-349.2675200000001
ID_HskOq0_Zn,-9.133519999999992
ID_HskOq0_Cu,-4.433728000000002
ID_HskOq0_B,-0.705616000000001
ID_vgQw0i_N,-4793.101333333333
ID_vgQw0i_P,-17.90120444444439
ID_vgQw0i_K,-848.6466666666668
ID_vgQw0i_Ca,-7415.057244444444
ID_vgQw0i_Mg,-1161.0433777777778
ID_vgQw0i_S,-8.93556533333334
ID_vgQw0i_Fe,-279.21054222222244
ID_vgQw0i_Mn,-327.8052088888889
ID_vgQw0i_Zn,-9.684839999999994
ID_vgQw0i_Cu,-4.549271111111107
ID_vgQw0i_B,-1.0548124444444447
ID_HrT5nc_N,-5485.838222222223
ID_HrT5nc_P,11.287123111111178
ID_HrT5nc_K,-845.3219111111111
ID_HrT5nc_Ca,-6160.960666666667
ID_HrT5nc_Mg,-1115.102088888889
ID_HrT5nc_S,-9.558165333333363
ID_HrT5nc_Fe,-310.11547555555575
ID_HrT5nc_Mn,-368.30000888888895
ID_HrT5nc_Zn,-9.938528888888872
ID_HrT5nc_Cu,-5.029190222222224
ID_HrT5nc_B,-1.2239791111111131
ID_M5pYnq_N,-5159.986666666668
ID_M5pYnq_P,12.244440000000065
ID_M5pYnq_K,-880.4513333333334
ID_M5pYnq_Ca,-4436.336666666667
ID_M5pYnq_Mg,-880.6733333333336
ID_M5pYnq_S,-7.329146666666659
ID_M5pYnq_Fe,-372.8791333333328
ID_M5pYnq_Mn,-356.1375333333332
ID_M5pYnq_Zn,-33.83597333333345
ID_M5pYnq_Cu,-2.9222800000000015
ID_M5pYnq_B,-0.6697466666666672
ID_6TUJMu_N,-5432.608888888889
ID_6TUJMu_P,-12.563133333333319
ID_6TUJMu_K,-1050.0631111111113
ID_6TUJMu_Ca,-6288.89288888889
ID_6TUJMu_Mg,-1075.240888888889
ID_6TUJMu_S,-12.784466666666717
ID_6TUJMu_Fe,-302.50080000000014
ID_6TUJMu_Mn,-344.9520888888888
ID_6TUJMu_Zn,-10.870844444444444
ID_6TUJMu_Cu,-3.9170311111111094
ID_6TUJMu_B,-1.4404444444444493
ID_3jhdrC_N,-5630.017333333334
ID_3jhdrC_P,15.428053333333356
ID_3jhdrC_K,-1064.5268
ID_3jhdrC_Ca,-4650.680800000001
ID_3jhdrC_Mg,-932.5252000000003
ID_3jhdrC_S,-7.45440266666667
ID_3jhdrC_Fe,-574.9441733333332
ID_3jhdrC_Mn,-373.5565333333333
ID_3jhdrC_Zn,-10.561619999999985
ID_3jhdrC_Cu,-2.474606666666671
ID_3jhdrC_B,-0.6196453333333333
ID_vdXwxf_N,-4454.601333333334
ID_vdXwxf_P,19.6875351111111
ID_vdXwxf_K,-1031.5036
ID_vdXwxf_Ca,-5741.766044444445
ID_vdXwxf_Mg,-960.2203555555557
ID_vdXwxf_S,-8.40916000000001
ID_vdXwxf_Fe,-320.22437777777793
ID_vdXwxf_Mn,-359.6405644444444
ID_vdXwxf_Zn,-9.487947111111108
ID_vdXwxf_Cu,-3.3096062222222207
ID_vdXwxf_B,-0.8070662222222218
ID_DCdKBW_N,-4424.576000000001
ID_DCdKBW_P,-22.357759999999907
ID_DCdKBW_K,-1203.1328000000003
ID_DCdKBW_Ca,-6665.131200000001
ID_DCdKBW_Mg,-859.9120000000001
ID_DCdKBW_S,-9.216095999999997
ID_DCdKBW_Fe,-407.2888
ID_DCdKBW_Mn,-372.30271999999997
ID_DCdKBW_Zn,-10.679311999999994
ID_DCdKBW_Cu,-2.652400000000002
ID_DCdKBW_B,-1.216528000000001
ID_kL4HQZ_N,-4302.656000000001
ID_kL4HQZ_P,16.429312000000014
ID_kL4HQZ_K,-752.1632000000001
ID_kL4HQZ_Ca,-6561.513600000002
ID_kL4HQZ_Mg,-1071.8512
ID_kL4HQZ_S,-8.89296000000001
ID_kL4HQZ_Fe,-264.34815999999967
ID_kL4HQZ_Mn,-340.49839999999983
ID_kL4HQZ_Zn,-35.366768000000015
ID_kL4HQZ_Cu,-3.154672000000003
ID_kL4HQZ_B,-0.6149920000000002
ID_mfAcCo_N,-5939.111111111111
ID_mfAcCo_P,16.703200000000038
ID_mfAcCo_K,-1123.4
ID_mfAcCo_Ca,-4525.008888888889
ID_mfAcCo_Mg,-745.6133333333333
ID_mfAcCo_S,-8.781600000000012
ID_mfAcCo_Fe,-346.7173333333333
ID_mfAcCo_Mn,-288.6475555555556
ID_mfAcCo_Zn,-14.861733333333346
ID_mfAcCo_Cu,-2.208177777777782
ID_mfAcCo_B,-0.6889333333333342
ID_zSYOk5_N,-5538.116
ID_zSYOk5_P,-86.6940986666667
ID_zSYOk5_K,-1453.5841777777778
ID_zSYOk5_Ca,-9547.473244444443
ID_zSYOk5_Mg,-1423.645111111111
ID_zSYOk5_S,-15.592678666666686
ID_zSYOk5_Fe,-367.9359377777777
ID_zSYOk5_Mn,-437.81521333333325
ID_zSYOk5_Zn,-11.302904888888893
ID_zSYOk5_Cu,-4.353471999999998
ID_zSYOk5_B,-1.447073777777775
ID_l7xhHn_N,-5908.906666666666
ID_l7xhHn_P,-99.82365777777773
ID_l7xhHn_K,-1357.604266666667
ID_l7xhHn_Ca,-8814.77591111111
ID_l7xhHn_Mg,-1151.0325333333333
ID_l7xhHn_S,-16.884177777777797
ID_l7xhHn_Fe,-372.94347555555566
ID_l7xhHn_Mn,-409.9673333333333
ID_l7xhHn_Zn,-12.336311999999998
ID_l7xhHn_Cu,-3.2722284444444427
ID_l7xhHn_B,-1.4823591111111099
ID_T1YoNH_N,-6194.858666666667
ID_T1YoNH_P,17.449528000000015
ID_T1YoNH_K,-947.3029777777779
ID_T1YoNH_Ca,-4243.183866666667
ID_T1YoNH_Mg,-664.2156
ID_T1YoNH_S,-6.179999999999989
ID_T1YoNH_Fe,-326.77846222222223
ID_T1YoNH_Mn,-296.58084888888874
ID_T1YoNH_Zn,-25.675731111111148
ID_T1YoNH_Cu,-2.036903111111116
ID_T1YoNH_B,-0.651105333333334
ID_U8JMwN_N,-6117.591111111113
ID_U8JMwN_P,-102.43391555555553
ID_U8JMwN_K,-1285.3946666666668
ID_U8JMwN_Ca,-7435.567111111112
ID_U8JMwN_Mg,-1174.8862222222224
ID_U8JMwN_S,-9.804248888888864
ID_U8JMwN_Fe,-484.5449333333331
ID_U8JMwN_Mn,-370.72973333333323
ID_U8JMwN_Zn,-15.9173511111111
ID_U8JMwN_Cu,-2.707031111111113
ID_U8JMwN_B,-1.346675555555554
ID_jcqLQY_N,-6000.443111111111
ID_jcqLQY_P,-115.36380044444442
ID_jcqLQY_K,-1358.6869777777779
ID_jcqLQY_Ca,-7771.927155555555
ID_jcqLQY_Mg,-1252.5828
ID_jcqLQY_S,-10.677442666666678
ID_jcqLQY_Fe,-339.89901777777794
ID_jcqLQY_Mn,-373.23324444444427
ID_jcqLQY_Zn,-12.122107555555537
ID_jcqLQY_Cu,-4.423407555555555
ID_jcqLQY_B,-1.4793999999999985
ID_B9tisl_N,-6944.053333333334
ID_B9tisl_P,16.199338666666733
ID_B9tisl_K,-395.0784
ID_B9tisl_Ca,-3356.746666666667
ID_B9tisl_Mg,-375.7184
ID_B9tisl_S,-14.116096000000027
ID_B9tisl_Fe,-411.04085333333336
ID_B9tisl_Mn,-253.08991999999986
ID_B9tisl_Zn,-11.858474666666664
ID_B9tisl_Cu,-2.210538666666669
ID_B9tisl_B,-0.4659626666666666
ID_RBvSG2_N,-6418.581333333334
ID_RBvSG2_P,16.69378488888892
ID_RBvSG2_K,-449.83466666666675
ID_RBvSG2_Ca,-4186.9376
ID_RBvSG2_Mg,-483.0972444444446
ID_RBvSG2_S,-10.804796444444438
ID_RBvSG2_Fe,-388.4063644444445
ID_RBvSG2_Mn,-314.05578666666656
ID_RBvSG2_Zn,-14.20368
ID_RBvSG2_Cu,-2.116611555555559
ID_RBvSG2_B,-0.5820408888888892
ID_o0Qors_N,-5677.191555555557
ID_o0Qors_P,-6.787152888888848
ID_o0Qors_K,-1342.157688888889
ID_o0Qors_Ca,-5620.59888888889
ID_o0Qors_Mg,-905.4994222222224
ID_o0Qors_S,-10.949264888888873
ID_o0Qors_Fe,-415.0300577777777
ID_o0Qors_Mn,-306.6462488888888
ID_o0Qors_Zn,-16.158416444444473
ID_o0Qors_Cu,-2.4620648888888925
ID_o0Qors_B,-1.1190182222222231
ID_nl7GMj_N,-3896.9355555555553
ID_nl7GMj_P,14.512121777777764
ID_nl7GMj_K,-881.5608000000001
ID_nl7GMj_Ca,-6271.965155555556
ID_nl7GMj_Mg,-973.9549333333333
ID_nl7GMj_S,-9.193627111111105
ID_nl7GMj_Fe,-336.7425511111105
ID_nl7GMj_Mn,-355.2024622222221
ID_nl7GMj_Zn,-10.470700444444445
ID_nl7GMj_Cu,-3.105626666666668
ID_nl7GMj_B,-0.7117031111111102
ID_jkzs8r_N,-3015.3991111111113
ID_jkzs8r_P,-23.117713777777716
ID_jkzs8r_K,-1216.679111111111
ID_jkzs8r_Ca,-6912.107022222223
ID_jkzs8r_Mg,-1047.6721777777777
ID_jkzs8r_S,-9.910028444444457
ID_jkzs8r_Fe,-246.77957333333308
ID_jkzs8r_Mn,-379.43194666666653
ID_jkzs8r_Zn,-10.43826666666665
ID_jkzs8r_Cu,-4.859868444444447
ID_jkzs8r_B,-1.3263840000000013
ID_J79IxJ_N,-2875.322666666667
ID_J79IxJ_P,-16.323000888888878
ID_J79IxJ_K,-1163.9841777777774
ID_J79IxJ_Ca,-7315.415822222221
ID_J79IxJ_Mg,-1084.4055111111109
ID_J79IxJ_S,-12.754554666666682
ID_J79IxJ_Fe,-245.21022222222228
ID_J79IxJ_Mn,-373.0998933333333
ID_J79IxJ_Zn,-11.831400888888888
ID_J79IxJ_Cu,-4.712368000000003
ID_J79IxJ_B,-1.3059164444444458
ID_bw4o4j_N,-4016.2765333333327
ID_bw4o4j_P,10.088680000000021
ID_bw4o4j_K,-842.0893333333332
ID_bw4o4j_Ca,-6638.369866666667
ID_bw4o4j_Mg,-1051.738933333333
ID_bw4o4j_S,-13.102698666666683
ID_bw4o4j_Fe,-307.20063999999996
ID_bw4o4j_Mn,-372.11399999999986
ID_bw4o4j_Zn,-20.98396799999997
ID_bw4o4j_Cu,-4.639477333333338
ID_bw4o4j_B,-1.3470266666666684
ID_MVrfjc_N,-2638.1866666666665
ID_MVrfjc_P,-21.111893333333285
ID_MVrfjc_K,-1450.4693333333335
ID_MVrfjc_Ca,-7841.429333333333
ID_MVrfjc_Mg,-1116.576
ID_MVrfjc_S,-10.560746666666674
ID_MVrfjc_Fe,-310.34186666666653
ID_MVrfjc_Mn,-459.4005333333333
ID_MVrfjc_Zn,-8.997546666666658
ID_MVrfjc_Cu,-4.855840000000002
ID_MVrfjc_B,-1.3942400000000026
ID_8rN9l7_N,-3202.7488888888893
ID_8rN9l7_P,-26.64244888888878
ID_8rN9l7_K,-1350.6728888888888
ID_8rN9l7_Ca,-7484.021999999999
ID_8rN9l7_Mg,-1075.53
ID_8rN9l7_S,-13.401302222222213
ID_8rN9l7_Fe,-242.42397777777714
ID_8rN9l7_Mn,-438.43131111111103
ID_8rN9l7_Zn,-9.62922666666665
ID_8rN9l7_Cu,-4.906613333333336
ID_8rN9l7_B,-1.6205688888888905
ID_gW7jfj_N,-3543.2488888888897
ID_gW7jfj_P,-25.875577777777764
ID_gW7jfj_K,-1305.2924444444445
ID_gW7jfj_Ca,-7303.381333333335
ID_gW7jfj_Mg,-960.5328888888891
ID_gW7jfj_S,-9.318928888888891
ID_gW7jfj_Fe,-264.0506666666665
ID_gW7jfj_Mn,-378.33244444444443
ID_gW7jfj_Zn,-11.15679555555556
ID_gW7jfj_Cu,-3.0543377777777776
ID_gW7jfj_B,-1.4227955555555574
ID_65WqRv_N,-6237.312
ID_65WqRv_P,14.48077333333336
ID_65WqRv_K,-1082.8769777777777
ID_65WqRv_Ca,-6529.683377777778
ID_65WqRv_Mg,-1008.2785777777777
ID_65WqRv_S,-10.605822222222208
ID_65WqRv_Fe,-384.9164977777777
ID_65WqRv_Mn,-403.97909333333325
ID_65WqRv_Zn,-13.15060444444442
ID_65WqRv_Cu,-3.488026666666665
ID_65WqRv_B,-1.1223271111111126
ID_HKu772_N,-6261.518666666666
ID_HKu772_P,17.776825777777827
ID_HKu772_K,-426.4643555555556
ID_HKu772_Ca,-4166.0055555555555
ID_HKu772_Mg,-471.7102666666667
ID_HKu772_S,-9.188378222222212
ID_HKu772_Fe,-380.1707333333332
ID_HKu772_Mn,-258.0187777777777
ID_HKu772_Zn,-13.404091555555558
ID_HKu772_Cu,-2.238968000000002
ID_HKu772_B,-0.46044088888888873
ID_OfAYNs_N,-6051.9360000000015
ID_OfAYNs_P,13.701653333333397
ID_OfAYNs_K,-1109.2508444444445
ID_OfAYNs_Ca,-5230.461155555557
ID_OfAYNs_Mg,-840.5816888888891
ID_OfAYNs_S,-14.269276444444461
ID_OfAYNs_Fe,-397.14048
ID_OfAYNs_Mn,-397.4449066666666
ID_OfAYNs_Zn,-13.442453333333319
ID_OfAYNs_Cu,-2.5865102222222243
ID_OfAYNs_B,-0.8579128888888883
ID_JxrjJ6_N,-5070.227111111111
ID_JxrjJ6_P,2.2388653333332798
ID_JxrjJ6_K,-942.199111111111
ID_JxrjJ6_Ca,-6251.529733333333
ID_JxrjJ6_Mg,-953.2031111111112
ID_JxrjJ6_S,-9.162188000000029
ID_JxrjJ6_Fe,-351.9121733333332
ID_JxrjJ6_Mn,-370.1641644444443
ID_JxrjJ6_Zn,-13.573228444444437
ID_JxrjJ6_Cu,-3.072831555555555
ID_JxrjJ6_B,-0.9782324444444436
ID_LrTmWb_N,-5133.280000000001
ID_LrTmWb_P,12.511505777777852
ID_LrTmWb_K,-644.9895111111111
ID_LrTmWb_Ca,-6029.785244444445
ID_LrTmWb_Mg,-753.1598222222223
ID_LrTmWb_S,-6.641745777777778
ID_LrTmWb_Fe,-334.1197511111107
ID_LrTmWb_Mn,-334.86780444444446
ID_LrTmWb_Zn,-8.26944
ID_LrTmWb_Cu,-3.800487111111112
ID_LrTmWb_B,-0.5837973333333341
ID_OpVZAl_N,-4035.9004444444445
ID_OpVZAl_P,-58.817495555555496
ID_OpVZAl_K,-1042.6385333333335
ID_OpVZAl_Ca,-6524.382044444444
ID_OpVZAl_Mg,-993.4361333333333
ID_OpVZAl_S,-10.084971111111116
ID_OpVZAl_Fe,-240.95069333333294
ID_OpVZAl_Mn,-343.95368888888873
ID_OpVZAl_Zn,-24.01864711111112
ID_OpVZAl_Cu,-3.1365635555555564
ID_OpVZAl_B,-1.0006817777777781
ID_eb6Bzm_N,-3939.6876000000007
ID_eb6Bzm_P,18.56591199999997
ID_eb6Bzm_K,-773.1412
ID_eb6Bzm_Ca,-6102.175599999999
ID_eb6Bzm_Mg,-1084.0312000000001
ID_eb6Bzm_S,-14.395460000000032
ID_eb6Bzm_Fe,-321.53864000000004
ID_eb6Bzm_Mn,-378.2088799999999
ID_eb6Bzm_Zn,-13.226444000000004
ID_eb6Bzm_Cu,-4.817168000000004
ID_eb6Bzm_B,-1.1421560000000006
ID_QgYyXg_N,-3697.9946666666665
ID_QgYyXg_P,-5.507006222222159
ID_QgYyXg_K,-1165.2369777777778
ID_QgYyXg_Ca,-6815.873422222223
ID_QgYyXg_Mg,-1056.416
ID_QgYyXg_S,-13.72977955555558
ID_QgYyXg_Fe,-314.89271111111105
ID_QgYyXg_Mn,-382.93153777777763
ID_QgYyXg_Zn,-54.993351111111124
ID_QgYyXg_Cu,-4.820634666666669
ID_QgYyXg_B,-1.3669582222222225
ID_fY3nLA_N,-3712.4288888888887
ID_fY3nLA_P,-23.923593333333258
ID_fY3nLA_K,-1031.4635555555558
ID_fY3nLA_Ca,-6755.34111111111
ID_fY3nLA_Mg,-974.0284444444444
ID_fY3nLA_S,-10.064257777777783
ID_fY3nLA_Fe,-256.995244444444
ID_fY3nLA_Mn,-353.90222222222206
ID_fY3nLA_Zn,-11.307971111111113
ID_fY3nLA_Cu,-4.601019999999998
ID_fY3nLA_B,-1.327855555555556
ID_b3yHit_N,-4026.2400000000007
ID_b3yHit_P,-31.069451999999856
ID_b3yHit_K,-1285.4118666666668
ID_b3yHit_Ca,-7190.0648
ID_b3yHit_Mg,-969.1058666666668
ID_b3yHit_S,-9.179194666666675
ID_b3yHit_Fe,-293.34506666666636
ID_b3yHit_Mn,-374.8762
ID_b3yHit_Zn,-38.763611999999995
ID_b3yHit_Cu,-3.772172000000004
ID_b3yHit_B,-1.485988000000004
ID_72XuyR_N,-5776.404444444444
ID_72XuyR_P,-21.613418666666668
ID_72XuyR_K,-1084.7675555555559
ID_72XuyR_Ca,-6444.078400000001
ID_72XuyR_Mg,-883.6201777777778
ID_72XuyR_S,-10.047152000000011
ID_72XuyR_Fe,-294.2333333333336
ID_72XuyR_Mn,-347.15515555555544
ID_72XuyR_Zn,-36.531483555555596
ID_72XuyR_Cu,-3.2314320000000016
ID_72XuyR_B,-1.5745422222222283
ID_w12OIR_N,-5436.3200000000015
ID_w12OIR_P,11.691856000000072
ID_w12OIR_K,-903.4784
ID_w12OIR_Ca,-6295.4784
ID_w12OIR_Mg,-1091.9344
ID_w12OIR_S,-10.38523200000002
ID_w12OIR_Fe,-312.75376
ID_w12OIR_Mn,-371.8491199999998
ID_w12OIR_Zn,-9.454351999999977
ID_w12OIR_Cu,-4.380016000000003
ID_w12OIR_B,-0.659248
ID_ukR4lb_N,-5780.218666666667
ID_ukR4lb_P,12.440756444444432
ID_ukR4lb_K,-974.6426666666664
ID_ukR4lb_Ca,-6505.86511111111
ID_ukR4lb_Mg,-1154.2175555555557
ID_ukR4lb_S,-9.034924888888895
ID_ukR4lb_Fe,-331.200528888889
ID_ukR4lb_Mn,-370.66287111111086
ID_ukR4lb_Zn,-7.493376444444453
ID_ukR4lb_Cu,-3.3811457777777774
ID_ukR4lb_B,-1.102532444444445
ID_a8BQ3i_N,-5579.246222222223
ID_a8BQ3i_P,18.19379911111109
ID_a8BQ3i_K,-970.878577777778
ID_a8BQ3i_Ca,-5918.6787555555575
ID_a8BQ3i_Mg,-944.0945777777779
ID_a8BQ3i_S,-10.04712533333334
ID_a8BQ3i_Fe,-286.8478577777779
ID_a8BQ3i_Mn,-370.3687822222222
ID_a8BQ3i_Zn,-13.04995555555554
ID_a8BQ3i_Cu,-5.181624888888891
ID_a8BQ3i_B,-1.1325866666666675
ID_G1J7xP_N,-5367.809777777778
ID_G1J7xP_P,-104.515312
ID_G1J7xP_K,-1364.791288888889
ID_G1J7xP_Ca,-8072.049955555557
ID_G1J7xP_Mg,-1243.8788444444447
ID_G1J7xP_S,-9.062152888888907
ID_G1J7xP_Fe,-424.68211555555547
ID_G1J7xP_Mn,-349.4202577777777
ID_G1J7xP_Zn,-14.72996888888892
ID_G1J7xP_Cu,-2.5359777777777803
ID_G1J7xP_B,-1.1174231111111095
ID_XQ3p3H_N,-5521.040000000001
ID_XQ3p3H_P,2.8481026666666196
ID_XQ3p3H_K,-1048.1777333333334
ID_XQ3p3H_Ca,-6298.453600000001
ID_XQ3p3H_Mg,-951.4642666666668
ID_XQ3p3H_S,-8.965186666666686
ID_XQ3p3H_Fe,-390.02902666666654
ID_XQ3p3H_Mn,-357.1221199999999
ID_XQ3p3H_Zn,-14.871281333333314
ID_XQ3p3H_Cu,-2.6559066666666693
ID_XQ3p3H_B,-1.111104000000001
ID_bHrTfP_N,-6123.237777777777
ID_bHrTfP_P,-114.89012666666667
ID_bHrTfP_K,-2174.681111111111
ID_bHrTfP_Ca,-8231.000666666665
ID_bHrTfP_Mg,-1182.0711111111111
ID_bHrTfP_S,-15.238542222222232
ID_bHrTfP_Fe,-332.0335111111112
ID_bHrTfP_Mn,-457.44566666666657
ID_bHrTfP_Zn,-46.27594444444447
ID_bHrTfP_Cu,-3.41887111111111
ID_bHrTfP_B,-2.184120000000001
ID_AzAykr_N,-5791.522666666668
ID_AzAykr_P,-60.04005466666656
ID_AzAykr_K,-1130.6451555555557
ID_AzAykr_Ca,-6943.784133333334
ID_AzAykr_Mg,-1073.3914222222224
ID_AzAykr_S,-9.567805777777796
ID_AzAykr_Fe,-294.3492311111114
ID_AzAykr_Mn,-350.03306222222216
ID_AzAykr_Zn,-10.987351111111101
ID_AzAykr_Cu,-4.010112888888889
ID_AzAykr_B,-1.2488311111111106
ID_Ppr4vh_N,-5644.916000000001
ID_Ppr4vh_P,-48.33365199999996
ID_Ppr4vh_K,-1486.0949333333335
ID_Ppr4vh_Ca,-7032.622400000002
ID_Ppr4vh_Mg,-949.1554666666667
ID_Ppr4vh_S,-10.609170666666696
ID_Ppr4vh_Fe,-414.32253600000007
ID_Ppr4vh_Mn,-378.61911999999984
ID_Ppr4vh_Zn,-19.110790666666656
ID_Ppr4vh_Cu,-2.0371680000000016
ID_Ppr4vh_B,-1.4471626666666673
ID_ANlWdy_N,-5163.1537777777785
ID_ANlWdy_P,14.31292444444449
ID_ANlWdy_K,-1133.9854222222223
ID_ANlWdy_Ca,-4703.200000000001
ID_ANlWdy_Mg,-813.5125333333334
ID_ANlWdy_S,-7.842069333333331
ID_ANlWdy_Fe,-500.079928888889
ID_ANlWdy_Mn,-400.8974933333334
ID_ANlWdy_Zn,-12.51524266666667
ID_ANlWdy_Cu,-2.562965333333337
ID_ANlWdy_B,-0.5346560000000009
ID_kyrYN7_N,-5338.518666666667
ID_kyrYN7_P,16.025474222222236
ID_kyrYN7_K,-1007.2571555555558
ID_kyrYN7_Ca,-4900.98848888889
ID_kyrYN7_Mg,-884.6760888888889
ID_kyrYN7_S,-13.854703111111139
ID_kyrYN7_Fe,-411.2040133333333
ID_kyrYN7_Mn,-337.4990311111111
ID_kyrYN7_Zn,-13.786422666666653
ID_kyrYN7_Cu,-1.9702626666666692
ID_kyrYN7_B,-0.8273644444444439
ID_qttYou_N,-5329.78488888889
ID_qttYou_P,8.01290577777787
ID_qttYou_K,-1045.2434666666666
ID_qttYou_Ca,-6920.257733333332
ID_qttYou_Mg,-1198.083511111111
ID_qttYou_S,-11.282852444444448
ID_qttYou_Fe,-352.34175555555584
ID_qttYou_Mn,-397.08961777777773
ID_qttYou_Zn,-10.051056000000004
ID_qttYou_Cu,-5.40876088888889
ID_qttYou_B,-1.1723560000000006
ID_hTtIpi_N,-4097.953333333334
ID_hTtIpi_P,-28.415472888888843
ID_hTtIpi_K,-1485.2197333333334
ID_hTtIpi_Ca,-7169.414133333334
ID_hTtIpi_Mg,-985.8135555555557
ID_hTtIpi_S,-9.379550666666681
ID_hTtIpi_Fe,-272.31379111111096
ID_hTtIpi_Mn,-391.5005377777778
ID_hTtIpi_Zn,-10.223527555555567
ID_hTtIpi_Cu,-2.747359999999998
ID_hTtIpi_B,-1.4556404444444455
ID_66WXY1_N,-4561.712
ID_66WXY1_P,-20.521063111111076
ID_66WXY1_K,-1174.3953333333336
ID_66WXY1_Ca,-7161.130133333336
ID_66WXY1_Mg,-953.6706666666668
ID_66WXY1_S,-8.09146133333336
ID_66WXY1_Fe,-320.96703111111105
ID_66WXY1_Mn,-352.2581155555554
ID_66WXY1_Zn,-11.866860000000015
ID_66WXY1_Cu,-2.618836888888888
ID_66WXY1_B,-1.1431253333333347
ID_mq49Ob_N,-6170.384000000002
ID_mq49Ob_P,3.9315040000000465
ID_mq49Ob_K,-1098.9344000000003
ID_mq49Ob_Ca,-5816.068800000001
ID_mq49Ob_Mg,-833.3968000000001
ID_mq49Ob_S,-16.208592000000024
ID_mq49Ob_Fe,-415.21984000000003
ID_mq49Ob_Mn,-369.67807999999997
ID_mq49Ob_Zn,-16.01297600000001
ID_mq49Ob_Cu,-2.565376000000004
ID_mq49Ob_B,-1.5420160000000054
ID_7Nhgp9_N,-5485.923111111112
ID_7Nhgp9_P,-20.167288888888947
ID_7Nhgp9_K,-1459.1871555555558
ID_7Nhgp9_Ca,-6131.084000000001
ID_7Nhgp9_Mg,-927.9123555555557
ID_7Nhgp9_S,-15.462096888888915
ID_7Nhgp9_Fe,-380.1287977777778
ID_7Nhgp9_Mn,-369.40341333333333
ID_7Nhgp9_Zn,-22.784902666666664
ID_7Nhgp9_Cu,-2.630459111111112
ID_7Nhgp9_B,-1.254504000000001
ID_fLRLFt_N,-5048.1720000000005
ID_fLRLFt_P,-101.14579422222221
ID_fLRLFt_K,-1210.2441333333336
ID_fLRLFt_Ca,-6700.980711111111
ID_fLRLFt_Mg,-1043.1765777777778
ID_fLRLFt_S,-6.757854666666663
ID_fLRLFt_Fe,-451.4721644444444
ID_fLRLFt_Mn,-361.04443555555537
ID_fLRLFt_Zn,-14.00251022222224
ID_fLRLFt_Cu,-2.5612951111111117
ID_fLRLFt_B,-1.112383555555554
ID_Z3Lyzr_N,-5249.957333333333
ID_Z3Lyzr_P,-31.241300444444462
ID_Z3Lyzr_K,-1184.6958222222222
ID_Z3Lyzr_Ca,-7293.117066666666
ID_Z3Lyzr_Mg,-883.1010666666667
ID_Z3Lyzr_S,-21.706040444444447
ID_Z3Lyzr_Fe,-479.7467288888888
ID_Z3Lyzr_Mn,-328.75915999999995
ID_Z3Lyzr_Zn,-11.586132888888901
ID_Z3Lyzr_Cu,-2.235789777777778
ID_Z3Lyzr_B,-1.0999222222222202
ID_L8XuW2_N,-4751.992888888889
ID_L8XuW2_P,-35.68703999999997
ID_L8XuW2_K,-1091.1772444444443
ID_L8XuW2_Ca,-6592.656355555555
ID_L8XuW2_Mg,-1056.8675555555556
ID_L8XuW2_S,-8.545084444444445
ID_L8XuW2_Fe,-382.08778666666666
ID_L8XuW2_Mn,-370.5985066666666
ID_L8XuW2_Zn,-13.312515555555535
ID_L8XuW2_Cu,-2.866289777777778
ID_L8XuW2_B,-1.1306062222222237
ID_xlzlvx_N,-6981.8057777777785
ID_xlzlvx_P,17.036819555555592
ID_xlzlvx_K,-403.3753333333334
ID_xlzlvx_Ca,-3739.930044444445
ID_xlzlvx_Mg,-484.1124
ID_xlzlvx_S,-11.376023555555609
ID_xlzlvx_Fe,-359.00644
ID_xlzlvx_Mn,-251.77679999999987
ID_xlzlvx_Zn,-11.591572888888853
ID_xlzlvx_Cu,-2.335144888888891
ID_xlzlvx_B,-0.44080088888888885
ID_tRzVc5_N,-6240.274666666667
ID_tRzVc5_P,17.34344266666669
ID_tRzVc5_K,-502.4720000000001
ID_tRzVc5_Ca,-5627.1720000000005
ID_tRzVc5_Mg,-562.5925333333333
ID_tRzVc5_S,-10.502151999999981
ID_tRzVc5_Fe,-351.61589333333336
ID_tRzVc5_Mn,-227.05184
ID_tRzVc5_Zn,-10.739442666666632
ID_tRzVc5_Cu,-2.442752000000004
ID_tRzVc5_B,-0.5074293333333331
ID_CTJ3tO_N,-4652.576000000001
ID_CTJ3tO_P,14.494959999999999
ID_CTJ3tO_K,-919.1120000000001
ID_CTJ3tO_Ca,-5929.1424000000015
ID_CTJ3tO_Mg,-875.0704000000002
ID_CTJ3tO_S,-10.768367999999995
ID_CTJ3tO_Fe,-383.0996799999999
ID_CTJ3tO_Mn,-339.40304
ID_CTJ3tO_Zn,-8.762863999999999
ID_CTJ3tO_Cu,-3.245008000000001
ID_CTJ3tO_B,-1.072480000000001
ID_HXXYBZ_N,-5480.213333333334
ID_HXXYBZ_P,-96.36812000000003
ID_HXXYBZ_K,-2053.7493333333337
ID_HXXYBZ_Ca,-7319.361333333334
ID_HXXYBZ_Mg,-1086.5993333333333
ID_HXXYBZ_S,-7.321213333333333
ID_HXXYBZ_Fe,-290.6884000000001
ID_HXXYBZ_Mn,-381.8354666666666
ID_HXXYBZ_Zn,-12.879419999999987
ID_HXXYBZ_Cu,-3.659193333333332
ID_HXXYBZ_B,-1.9572799999999986
ID_o34dc3_N,-5131.5666666666675
ID_o34dc3_P,-92.64934666666667
ID_o34dc3_K,-1214.8553333333334
ID_o34dc3_Ca,-6502.176666666667
ID_o34dc3_Mg,-1086.6460000000002
ID_o34dc3_S,-6.8059666666666665
ID_o34dc3_Fe,-406.97006666666647
ID_o34dc3_Mn,-331.1703999999997
ID_o34dc3_Zn,-12.801860000000008
ID_o34dc3_Cu,-3.154213333333332
ID_o34dc3_B,-1.4480533333333319
ID_wyUtgN_N,-5582.606222222223
ID_wyUtgN_P,16.58844444444448
ID_wyUtgN_K,-1318.322488888889
ID_wyUtgN_Ca,-5170.347733333333
ID_wyUtgN_Mg,-673.3756444444444
ID_wyUtgN_S,-13.05900800000001
ID_wyUtgN_Fe,-420.66624
ID_wyUtgN_Mn,-312.3409422222221
ID_wyUtgN_Zn,-17.23114311111112
ID_wyUtgN_Cu,-2.4927680000000043
ID_wyUtgN_B,-0.8911751111111108
ID_lalOsW_N,-5706.944
ID_lalOsW_P,-18.096711111111063
ID_lalOsW_K,-1122.1137777777778
ID_lalOsW_Ca,-5891.238755555556
ID_lalOsW_Mg,-1008.1678222222223
ID_lalOsW_S,-26.47098666666669
ID_lalOsW_Fe,-385.03214222222226
ID_lalOsW_Mn,-300.8533333333333
ID_lalOsW_Zn,-15.348789333333333
ID_lalOsW_Cu,-2.4667448888888908
ID_lalOsW_B,-1.0843840000000011
ID_cXrqpo_N,-5134.26888888889
ID_cXrqpo_P,17.457293777777807
ID_cXrqpo_K,-1119.9905333333336
ID_cXrqpo_Ca,-4284.050711111111
ID_cXrqpo_Mg,-725.2779555555555
ID_cXrqpo_S,-8.374168888888907
ID_cXrqpo_Fe,-423.37935111111113
ID_cXrqpo_Mn,-300.0902622222222
ID_cXrqpo_Zn,-11.55624533333333
ID_cXrqpo_Cu,-2.2573524444444493
ID_cXrqpo_B,-0.5209724444444445
ID_3PooW8_N,-4696.968
ID_3PooW8_P,17.994148000000017
ID_3PooW8_K,-1087.0852
ID_3PooW8_Ca,-4227.809200000001
ID_3PooW8_Mg,-721.1152000000001
ID_3PooW8_S,-5.279108000000004
ID_3PooW8_Fe,-363.60931999999997
ID_3PooW8_Mn,-298.5584399999999
ID_3PooW8_Zn,-13.080060000000012
ID_3PooW8_Cu,-2.2338600000000044
ID_3PooW8_B,-0.6651839999999999
ID_4I3gG2_N,-5284.026666666667
ID_4I3gG2_P,17.01554666666669
ID_4I3gG2_K,-1402.6419999999998
ID_4I3gG2_Ca,-4725.2406666666675
ID_4I3gG2_Mg,-679.918
ID_4I3gG2_S,-19.717000000000038
ID_4I3gG2_Fe,-367.169
ID_4I3gG2_Mn,-297.60073333333327
ID_4I3gG2_Zn,-18.226440000000014
ID_4I3gG2_Cu,-2.4915000000000025
ID_4I3gG2_B,-1.1194266666666672
ID_mdlWK8_N,-4766.177777777778
ID_mdlWK8_P,1.443803999999929
ID_mdlWK8_K,-1087.1662666666668
ID_mdlWK8_Ca,-6162.740133333334
ID_mdlWK8_Mg,-999.1294222222223
ID_mdlWK8_S,-9.605646222222202
ID_mdlWK8_Fe,-351.9960577777778
ID_mdlWK8_Mn,-331.9654355555555
ID_mdlWK8_Zn,-16.11588977777781
ID_mdlWK8_Cu,-2.317869333333337
ID_mdlWK8_B,-1.0607822222222223
ID_4bgzKh_N,-5026.293333333333
ID_4bgzKh_P,16.17048800000004
ID_4bgzKh_K,-1122.1741333333334
ID_4bgzKh_Ca,-4355.145866666667
ID_4bgzKh_Mg,-688.5330666666667
ID_4bgzKh_S,-5.876384000000009
ID_4bgzKh_Fe,-375.30800000000005
ID_4bgzKh_Mn,-290.5869599999999
ID_4bgzKh_Zn,-12.389530666666658
ID_4bgzKh_Cu,-2.358069333333337
ID_4bgzKh_B,-0.5574319999999998
ID_EEgwn9_N,-7584.528888888889
ID_EEgwn9_P,17.359525777777815
ID_EEgwn9_K,-373.416488888889
ID_EEgwn9_Ca,-3693.936888888889
ID_EEgwn9_Mg,-471.31906666666674
ID_EEgwn9_S,-10.020334222222253
ID_EEgwn9_Fe,-329.42376444444443
ID_EEgwn9_Mn,-207.12312888888889
ID_EEgwn9_Zn,-18.23037022222218
ID_EEgwn9_Cu,-2.2832533333333362
ID_EEgwn9_B,-0.4591155555555552
ID_Hxu1Mx_N,-8054.515555555556
ID_Hxu1Mx_P,16.612395111111148
ID_Hxu1Mx_K,-428.39191111111114
ID_Hxu1Mx_Ca,-3804.1615555555563
ID_Hxu1Mx_Mg,-443.4206222222222
ID_Hxu1Mx_S,-10.808583111111151
ID_Hxu1Mx_Fe,-376.14008000000007
ID_Hxu1Mx_Mn,-236.37632
ID_Hxu1Mx_Zn,-12.993632444444406
ID_Hxu1Mx_Cu,-2.202184000000002
ID_Hxu1Mx_B,-0.4952959999999998
ID_WJir9f_N,-5513.9511111111115
ID_WJir9f_P,18.828806666666697
ID_WJir9f_K,-539.1195555555555
ID_WJir9f_Ca,-5607.220444444444
ID_WJir9f_Mg,-662.2819999999999
ID_WJir9f_S,-5.000651111111097
ID_WJir9f_Fe,-351.1990666666666
ID_WJir9f_Mn,-281.54733333333326
ID_WJir9f_Zn,-13.2952
ID_WJir9f_Cu,-2.19450666666667
ID_WJir9f_B,-0.4984866666666669
ID_PuxnyH_N,-5248.224
ID_PuxnyH_P,18.092777777777812
ID_PuxnyH_K,-1076.1086222222223
ID_PuxnyH_Ca,-4248.752622222221
ID_PuxnyH_Mg,-717.212088888889
ID_PuxnyH_S,-7.40540177777779
ID_PuxnyH_Fe,-378.73815999999994
ID_PuxnyH_Mn,-262.2343288888888
ID_PuxnyH_Zn,-16.530736888888907
ID_PuxnyH_Cu,-2.101997333333337
ID_PuxnyH_B,-0.7178302222222223
ID_a8mNws_N,-6143.6355555555565
ID_a8mNws_P,16.889173333333346
ID_a8mNws_K,-449.5731555555556
ID_a8mNws_Ca,-5892.232977777779
ID_a8mNws_Mg,-671.2385777777779
ID_a8mNws_S,-9.445119111111083
ID_a8mNws_Fe,-327.3043911111112
ID_a8mNws_Mn,-325.787911111111
ID_a8mNws_Zn,-11.934301333333318
ID_a8mNws_Cu,-2.421968888888893
ID_a8mNws_B,-0.6300115555555555
ID_DsZhr0_N,-6286.137333333333
ID_DsZhr0_P,15.983467111111153
ID_DsZhr0_K,-396.11408888888894
ID_DsZhr0_Ca,-3964.5782222222224
ID_DsZhr0_Mg,-540.2209333333334
ID_DsZhr0_S,-10.747756000000027
ID_DsZhr0_Fe,-435.4942666666666
ID_DsZhr0_Mn,-307.048591111111
ID_DsZhr0_Zn,-11.102536444444436
ID_DsZhr0_Cu,-2.5734466666666704
ID_DsZhr0_B,-0.605384888888889
ID_BxowUY_N,-5523.68888888889
ID_BxowUY_P,16.889822222222264
ID_BxowUY_K,-539.8577777777778
ID_BxowUY_Ca,-5663.400000000001
ID_BxowUY_Mg,-716.9822222222224
ID_BxowUY_S,-5.702577777777755
ID_BxowUY_Fe,-418.3346666666666
ID_BxowUY_Mn,-311.1479999999999
ID_BxowUY_Zn,-19.554711111111114
ID_BxowUY_Cu,-2.1424000000000043
ID_BxowUY_B,-0.6188000000000005
ID_aMG5sT_N,-7353.518222222225
ID_aMG5sT_P,13.599068444444526
ID_aMG5sT_K,-425.8638222222222
ID_aMG5sT_Ca,-3764.6744888888893
ID_aMG5sT_Mg,-474.0376888888889
ID_aMG5sT_S,-15.881013333333343
ID_aMG5sT_Fe,-365.3479466666667
ID_aMG5sT_Mn,-336.5183999999999
ID_aMG5sT_Zn,-20.681909333333348
ID_aMG5sT_Cu,-2.3735146666666713
ID_aMG5sT_B,-0.5810240000000004
ID_3VOvYO_N,-7458.426666666666
ID_3VOvYO_P,14.084565333333419
ID_3VOvYO_K,-423.76880000000006
ID_3VOvYO_Ca,-3769.6704
ID_3VOvYO_Mg,-453.2621333333334
ID_3VOvYO_S,-16.029464000000026
ID_3VOvYO_Fe,-403.24647999999996
ID_3VOvYO_Mn,-319.13608
ID_3VOvYO_Zn,-55.452208
ID_3VOvYO_Cu,-2.388170666666668
ID_3VOvYO_B,-0.5482746666666668
ID_9dYKmn_N,-7231.442666666667
ID_9dYKmn_P,15.881669333333377
ID_9dYKmn_K,-434.4992
ID_9dYKmn_Ca,-3783.633066666667
ID_9dYKmn_Mg,-420.5088
ID_9dYKmn_S,-15.566202666666697
ID_9dYKmn_Fe,-375.9698666666666
ID_9dYKmn_Mn,-275.45287999999994
ID_9dYKmn_Zn,-13.67241866666667
ID_9dYKmn_Cu,-2.349818666666669
ID_9dYKmn_B,-0.7908080000000007
ID_lbosM9_N,-6828.856000000002
ID_lbosM9_P,17.741940000000028
ID_lbosM9_K,-415.44280000000003
ID_lbosM9_Ca,-3666.7212
ID_lbosM9_Mg,-402.5596
ID_lbosM9_S,-10.372856000000045
ID_lbosM9_Fe,-417.64396000000005
ID_lbosM9_Mn,-305.4373999999999
ID_lbosM9_Zn,-13.179323999999985
ID_lbosM9_Cu,-2.2252360000000024
ID_lbosM9_B,-0.5345920000000003
ID_4zHkjA_N,-5742.133333333333
ID_4zHkjA_P,18.628608000000025
ID_4zHkjA_K,-1049.3034666666667
ID_4zHkjA_Ca,-4037.0922666666665
ID_4zHkjA_Mg,-703.8933333333334
ID_4zHkjA_S,-5.205503999999998
ID_4zHkjA_Fe,-373.1281066666666
ID_4zHkjA_Mn,-276.98922666666664
ID_4zHkjA_Zn,-14.060800000000004
ID_4zHkjA_Cu,-1.8965973333333388
ID_4zHkjA_B,-0.5341866666666676
ID_S4GgLI_N,-6175.126222222223
ID_S4GgLI_P,15.549402222222252
ID_S4GgLI_K,-366.56911111111117
ID_S4GgLI_Ca,-4282.848222222222
ID_S4GgLI_Mg,-548.5891111111112
ID_S4GgLI_S,-9.225004000000013
ID_S4GgLI_Fe,-456.1917733333333
ID_S4GgLI_Mn,-332.14167999999984
ID_S4GgLI_Zn,-11.881216444444442
ID_S4GgLI_Cu,-2.2323564444444486
ID_S4GgLI_B,-0.5881724444444446
ID_0h6S7Q_N,-5768.7555555555555
ID_0h6S7Q_P,17.827777777777808
ID_0h6S7Q_K,-580.5511111111111
ID_0h6S7Q_Ca,-5817.408888888889
ID_0h6S7Q_Mg,-677.3111111111111
ID_0h6S7Q_S,-5.7018666666666675
ID_0h6S7Q_Fe,-397.55733333333336
ID_0h6S7Q_Mn,-310.50666666666655
ID_0h6S7Q_Zn,-24.404711111111133
ID_0h6S7Q_Cu,-2.291288888888894
ID_0h6S7Q_B,-0.49408888888888886
ID_vxYU0W_N,-5628.7555555555555
ID_vxYU0W_P,17.344711111111167
ID_vxYU0W_K,-1154.8622222222223
ID_vxYU0W_Ca,-4227.7155555555555
ID_vxYU0W_Mg,-787.5866666666667
ID_vxYU0W_S,-19.97791111111115
ID_vxYU0W_Fe,-387.6826666666666
ID_vxYU0W_Mn,-293.94577777777766
ID_vxYU0W_Zn,-15.155466666666678
ID_vxYU0W_Cu,-2.210088888888893
ID_vxYU0W_B,-0.600177777777778
ID_FZ5NWo_N,-6084.024888888889
ID_FZ5NWo_P,16.62583822222225
ID_FZ5NWo_K,-392.06151111111114
ID_FZ5NWo_Ca,-4394.669511111111
ID_FZ5NWo_Mg,-541.0691555555555
ID_FZ5NWo_S,-9.705077333333335
ID_FZ5NWo_Fe,-378.26243555555556
ID_FZ5NWo_Mn,-351.42414222222214
ID_FZ5NWo_Zn,-12.14794666666666
ID_FZ5NWo_Cu,-2.421632000000003
ID_FZ5NWo_B,-0.6095893333333336
ID_nArfSl_N,-5662.7555555555555
ID_nArfSl_P,16.89586666666671
ID_nArfSl_K,-1037.9822222222222
ID_nArfSl_Ca,-4043.3200000000006
ID_nArfSl_Mg,-778.0666666666667
ID_nArfSl_S,-7.43813333333334
ID_nArfSl_Fe,-382.57866666666655
ID_nArfSl_Mn,-305.211111111111
ID_nArfSl_Zn,-15.487022222222228
ID_nArfSl_Cu,-2.2422666666666706
ID_nArfSl_B,-0.6962222222222227
ID_nJrpqh_N,-5998.245333333334
ID_nJrpqh_P,13.065140444444506
ID_nJrpqh_K,-386.60035555555555
ID_nJrpqh_Ca,-4373.007022222223
ID_nJrpqh_Mg,-565.1952
ID_nJrpqh_S,-9.697672888888913
ID_nJrpqh_Fe,-406.77270666666664
ID_nJrpqh_Mn,-333.1980622222222
ID_nJrpqh_Zn,-10.176360888888885
ID_nJrpqh_Cu,-2.433720888888893
ID_nJrpqh_B,-0.6002911111111111
ID_vSdIXw_N,-5782.434666666667
ID_vSdIXw_P,12.578506666666737
ID_vSdIXw_K,-1270.6538666666668
ID_vSdIXw_Ca,-6144.216177777777
ID_vSdIXw_Mg,-854.962488888889
ID_vSdIXw_S,-11.347607111111131
ID_vSdIXw_Fe,-521.4078222222221
ID_vSdIXw_Mn,-339.16181333333327
ID_vSdIXw_Zn,-15.13276888888888
ID_vSdIXw_Cu,-2.2551484444444485
ID_vSdIXw_B,-0.7274373333333338
ID_FVdW0u_N,-5054.898222222222
ID_FVdW0u_P,17.4387426666667
ID_FVdW0u_K,-1169.4060444444444
ID_FVdW0u_Ca,-4633.977511111111
ID_FVdW0u_Mg,-810.3739111111112
ID_FVdW0u_S,-17.057352888888932
ID_FVdW0u_Fe,-365.8685555555555
ID_FVdW0u_Mn,-307.16715555555555
ID_FVdW0u_Zn,-13.284671555555557
ID_FVdW0u_Cu,-2.3908391111111147
ID_FVdW0u_B,-0.6420528888888892
ID_m46kRN_N,-5799.619555555556
ID_m46kRN_P,17.286261333333314
ID_m46kRN_K,-1230.731377777778
ID_m46kRN_Ca,-4813.327288888889
ID_m46kRN_Mg,-785.6586666666667
ID_m46kRN_S,-26.732280888888923
ID_m46kRN_Fe,-354.9562666666667
ID_m46kRN_Mn,-343.81642666666664
ID_m46kRN_Zn,-16.395861333333354
ID_m46kRN_Cu,-2.3974577777777815
ID_m46kRN_B,-1.3515022222222255
ID_rGYdbL_N,-5253.141333333333
ID_rGYdbL_P,0.41323999999992367
ID_rGYdbL_K,-1110.6409777777778
ID_rGYdbL_Ca,-6237.161688888889
ID_rGYdbL_Mg,-855.9848000000001
ID_rGYdbL_S,-8.967459555555557
ID_rGYdbL_Fe,-527.67784
ID_rGYdbL_Mn,-342.53449777777763
ID_rGYdbL_Zn,-18.368312888888916
ID_rGYdbL_Cu,-2.572960000000003
ID_rGYdbL_B,-1.017830222222223
ID_Ew2TIz_N,-5689.984
ID_Ew2TIz_P,-52.07145511111109
ID_Ew2TIz_K,-1792.9653333333335
ID_Ew2TIz_Ca,-8377.798666666667
ID_Ew2TIz_Mg,-1190.647288888889
ID_Ew2TIz_S,-8.100924888888887
ID_Ew2TIz_Fe,-382.5196533333332
ID_Ew2TIz_Mn,-365.52858666666646
ID_Ew2TIz_Zn,-11.852355999999999
ID_Ew2TIz_Cu,-2.6420626666666718
ID_Ew2TIz_B,-1.3821906666666648
ID_7ZMcYh_N,-5275.274666666668
ID_7ZMcYh_P,0.14530488888887305
ID_7ZMcYh_K,-930.5735111111113
ID_7ZMcYh_Ca,-6054.033422222223
ID_7ZMcYh_Mg,-1002.4547555555555
ID_7ZMcYh_S,-8.01403733333333
ID_7ZMcYh_Fe,-458.75335111111093
ID_7ZMcYh_Mn,-335.98222222222216
ID_7ZMcYh_Zn,-13.568124444444436
ID_7ZMcYh_Cu,-2.9367786666666675
ID_7ZMcYh_B,-1.0921493333333339
ID_OYQahN_N,-4906.8275555555565
ID_OYQahN_P,-15.627245333333327
ID_OYQahN_K,-1180.3654222222224
ID_OYQahN_Ca,-6122.606311111112
ID_OYQahN_Mg,-1039.5438222222224
ID_OYQahN_S,-8.724601777777771
ID_OYQahN_Fe,-393.2170755555555
ID_OYQahN_Mn,-355.9729422222222
ID_OYQahN_Zn,-15.649530666666665
ID_OYQahN_Cu,-2.67208177777778
ID_OYQahN_B,-1.4875280000000064
ID_UPcnml_N,-4791.048000000001
ID_UPcnml_P,-34.187531555555466
ID_UPcnml_K,-1021.9939555555557
ID_UPcnml_Ca,-6189.111733333334
ID_UPcnml_Mg,-1058.3106666666667
ID_UPcnml_S,-8.54940666666667
ID_UPcnml_Fe,-286.7308577777781
ID_UPcnml_Mn,-334.3806622222222
ID_UPcnml_Zn,-10.004558666666671
ID_UPcnml_Cu,-3.5436897777777774
ID_UPcnml_B,-1.1282044444444457
ID_C6WKoY_N,-5741.576444444446
ID_C6WKoY_P,-61.98626177777773
ID_C6WKoY_K,-1930.9812888888891
ID_C6WKoY_Ca,-7301.396177777778
ID_C6WKoY_Mg,-960.0508000000002
ID_C6WKoY_S,-9.408472000000003
ID_C6WKoY_Fe,-308.96831111111135
ID_C6WKoY_Mn,-358.2608666666667
ID_C6WKoY_Zn,-12.710035555555548
ID_C6WKoY_Cu,-3.579780888888885
ID_C6WKoY_B,-1.7527986666666657
ID_TLxhXo_N,-7797.474666666666
ID_TLxhXo_P,14.638765333333403
ID_TLxhXo_K,-433.4837333333333
ID_TLxhXo_Ca,-3849.8378666666667
ID_TLxhXo_Mg,-429.65706666666665
ID_TLxhXo_S,-16.279885333333365
ID_TLxhXo_Fe,-362.7162133333333
ID_TLxhXo_Mn,-256.1390666666667
ID_TLxhXo_Zn,-63.702511999999935
ID_TLxhXo_Cu,-2.432416000000002
ID_TLxhXo_B,-0.5943786666666673
ID_mlhDdK_N,-5425.698222222222
ID_mlhDdK_P,16.2163386666667
ID_mlhDdK_K,-384.07453333333336
ID_mlhDdK_Ca,-3973.353822222222
ID_mlhDdK_Mg,-587.0928000000001
ID_mlhDdK_S,-11.166622666666697
ID_mlhDdK_Fe,-412.52160444444445
ID_mlhDdK_Mn,-339.64511555555544
ID_mlhDdK_Zn,-10.842427111111107
ID_mlhDdK_Cu,-2.0457662222222255
ID_mlhDdK_B,-0.514058222222222
ID_yJI0en_N,-5165.797333333334
ID_yJI0en_P,-8.320359111111117
ID_yJI0en_K,-1151.816088888889
ID_yJI0en_Ca,-5680.430844444445
ID_yJI0en_Mg,-884.4116444444446
ID_yJI0en_S,-11.941112888888881
ID_yJI0en_Fe,-386.91737777777774
ID_yJI0en_Mn,-338.63746666666657
ID_yJI0en_Zn,-17.79605422222223
ID_yJI0en_Cu,-2.1555555555555577
ID_yJI0en_B,-1.1026773333333326
ID_Z0dXXO_N,-5243.365333333334
ID_Z0dXXO_P,-46.70979466666665
ID_Z0dXXO_K,-1133.9740444444444
ID_Z0dXXO_Ca,-8017.042266666667
ID_Z0dXXO_Mg,-1084.0334666666668
ID_Z0dXXO_S,-12.534188000000036
ID_Z0dXXO_Fe,-458.92562222222205
ID_Z0dXXO_Mn,-350.2289377777778
ID_Z0dXXO_Zn,-10.040446222222224
ID_Z0dXXO_Cu,-2.2920964444444487
ID_Z0dXXO_B,-1.2959884444444443
ID_xdgcDU_N,-5014.928000000001
ID_xdgcDU_P,-30.645488000000043
ID_xdgcDU_K,-1114.7168
ID_xdgcDU_Ca,-7549.8096000000005
ID_xdgcDU_Mg,-1196.5072000000002
ID_xdgcDU_S,-8.762160000000048
ID_xdgcDU_Fe,-484.54623999999984
ID_xdgcDU_Mn,-380.50879999999995
ID_xdgcDU_Zn,-8.461903999999999
ID_xdgcDU_Cu,-2.4880959999999996
ID_xdgcDU_B,-1.1129919999999998
ID_DBP7iR_N,-5597.250666666668
ID_DBP7iR_P,-108.02165999999997
ID_DBP7iR_K,-1488.6763555555556
ID_DBP7iR_Ca,-8029.12608888889
ID_DBP7iR_Mg,-1003.1262222222222
ID_DBP7iR_S,-13.280105333333356
ID_DBP7iR_Fe,-473.15340888888886
ID_DBP7iR_Mn,-431.81722666666667
ID_DBP7iR_Zn,-15.543760888888903
ID_DBP7iR_Cu,-2.369949777777781
ID_DBP7iR_B,-1.5255231111111123
ID_4NeKEY_N,-4890.670222222223
ID_4NeKEY_P,-68.0187351111111
ID_4NeKEY_K,-1843.8355111111116
ID_4NeKEY_Ca,-6644.988355555556
ID_4NeKEY_Mg,-949.5120888888891
ID_4NeKEY_S,-8.118900888888916
ID_4NeKEY_Fe,-455.42136888888894
ID_4NeKEY_Mn,-370.5842177777777
ID_4NeKEY_Zn,-15.996679999999996
ID_4NeKEY_Cu,-3.109533777777778
ID_4NeKEY_B,-1.258831555555555
ID_xSLC3D_N,-5293.323111111113
ID_xSLC3D_P,-54.72543555555555
ID_xSLC3D_K,-1725.0464888888891
ID_xSLC3D_Ca,-7209.97688888889
ID_xSLC3D_Mg,-1068.4485333333334
ID_xSLC3D_S,-16.408880444444453
ID_xSLC3D_Fe,-512.1770222222223
ID_xSLC3D_Mn,-361.55103999999994
ID_xSLC3D_Zn,-15.753956444444457
ID_xSLC3D_Cu,-2.3962955555555574
ID_xSLC3D_B,-1.391035999999999
ID_oL8s4H_N,-4321.722666666667
ID_oL8s4H_P,-52.87167999999993
ID_oL8s4H_K,-1094.1898666666666
ID_oL8s4H_Ca,-6411.9690666666675
ID_oL8s4H_Mg,-1031.3981333333334
ID_oL8s4H_S,-9.282413333333334
ID_oL8s4H_Fe,-301.6123200000002
ID_oL8s4H_Mn,-320.0454666666665
ID_oL8s4H_Zn,-9.668488000000002
ID_oL8s4H_Cu,-3.092333333333334
ID_oL8s4H_B,-1.0625813333333316
ID_1peAOC_N,-5439.234666666668
ID_1peAOC_P,-30.818268888888895
ID_1peAOC_K,-1181.3519555555558
ID_1peAOC_Ca,-7087.639911111111
ID_1peAOC_Mg,-989.8974222222223
ID_1peAOC_S,-22.68331555555558
ID_1peAOC_Fe,-368.7074808888889
ID_1peAOC_Mn,-353.4164222222222
ID_1peAOC_Zn,-14.945892000000024
ID_1peAOC_Cu,-2.4998088888888903
ID_1peAOC_B,-1.1301906666666648
ID_AfWyGN_N,-4599.958666666666
ID_AfWyGN_P,-26.465167555555524
ID_AfWyGN_K,-1679.6039555555556
ID_AfWyGN_Ca,-6240.031333333334
ID_AfWyGN_Mg,-989.8960444444443
ID_AfWyGN_S,-7.128610666666688
ID_AfWyGN_Fe,-291.6398888888889
ID_AfWyGN_Mn,-348.43490666666656
ID_AfWyGN_Zn,-9.904120000000004
ID_AfWyGN_Cu,-3.2797977777777776
ID_AfWyGN_B,-1.4044817777777758
ID_NvhYEK_N,-4689.88888888889
ID_NvhYEK_P,16.062386666666647
ID_NvhYEK_K,-812.8004444444446
ID_NvhYEK_Ca,-6343.741333333334
ID_NvhYEK_Mg,-922.6244444444446
ID_NvhYEK_S,-11.236400000000014
ID_NvhYEK_Fe,-442.10888888888866
ID_NvhYEK_Mn,-353.3482666666665
ID_NvhYEK_Zn,-13.805351111111134
ID_NvhYEK_Cu,-3.285337777777781
ID_NvhYEK_B,-0.966711111111111
ID_LzOUHW_N,-4450.431555555556
ID_LzOUHW_P,-0.626554222222218
ID_LzOUHW_K,-922.8116
ID_LzOUHW_Ca,-5451.848622222222
ID_LzOUHW_Mg,-1016.8986222222222
ID_LzOUHW_S,-7.112342222222242
ID_LzOUHW_Fe,-292.7378711111113
ID_LzOUHW_Mn,-320.0608799999999
ID_LzOUHW_Zn,-15.22977244444445
ID_LzOUHW_Cu,-3.695861777777778
ID_LzOUHW_B,-0.9500653333333328
ID_AN7uWp_N,-4732.12888888889
ID_AN7uWp_P,-22.726253333333368
ID_AN7uWp_K,-1054.9422222222224
ID_AN7uWp_Ca,-7172.67688888889
ID_AN7uWp_Mg,-1722.3928888888893
ID_AN7uWp_S,-8.111813333333341
ID_AN7uWp_Fe,-348.55168888888903
ID_AN7uWp_Mn,-340.53057777777764
ID_AN7uWp_Zn,-9.688955555555548
ID_AN7uWp_Cu,-3.8855466666666656
ID_AN7uWp_B,-1.1431022222222242
ID_SzYj4c_N,-4935.680000000001
ID_SzYj4c_P,-38.26491199999998
ID_SzYj4c_K,-1241.8112
ID_SzYj4c_Ca,-7077.835200000001
ID_SzYj4c_Mg,-1140.9328000000003
ID_SzYj4c_S,-8.062896000000013
ID_SzYj4c_Fe,-315.7624000000002
ID_SzYj4c_Mn,-346.81471999999985
ID_SzYj4c_Zn,-7.910768000000003
ID_SzYj4c_Cu,-4.513936
ID_SzYj4c_B,-1.3668639999999979
ID_41XkCZ_N,-5033.274666666667
ID_41XkCZ_P,-24.34110133333337
ID_41XkCZ_K,-1774.8834666666671
ID_41XkCZ_Ca,-6707.995733333333
ID_41XkCZ_Mg,-874.0914666666667
ID_41XkCZ_S,-6.843479999999996
ID_41XkCZ_Fe,-299.3012266666666
ID_41XkCZ_Mn,-345.03093333333334
ID_41XkCZ_Zn,-16.450400000000005
ID_41XkCZ_Cu,-2.916847999999999
ID_41XkCZ_B,-1.459021333333331
ID_5LKUUc_N,-4982.912
ID_5LKUUc_P,-56.062496000000024
ID_5LKUUc_K,-1517.0720000000001
ID_5LKUUc_Ca,-7317.388800000001
ID_5LKUUc_Mg,-1065.0832
ID_5LKUUc_S,-8.319552000000002
ID_5LKUUc_Fe,-302.8168000000001
ID_5LKUUc_Mn,-402.53743999999995
ID_5LKUUc_Zn,-14.607919999999964
ID_5LKUUc_Cu,-3.5457759999999987
ID_5LKUUc_B,-1.5812319999999997
ID_vtlJN4_N,-5598.309333333334
ID_vtlJN4_P,12.054629333333313
ID_vtlJN4_K,-1197.2461333333333
ID_vtlJN4_Ca,-5863.5626666666685
ID_vtlJN4_Mg,-813.4082666666668
ID_vtlJN4_S,-25.21893866666668
ID_vtlJN4_Fe,-405.0480266666667
ID_vtlJN4_Mn,-308.73797333333323
ID_vtlJN4_Zn,-15.06333600000002
ID_vtlJN4_Cu,-2.1781413333333384
ID_vtlJN4_B,-1.0106746666666664
ID_LzRE9p_N,-6091.422222222223
ID_LzRE9p_P,15.38591111111118
ID_LzRE9p_K,-885.768888888889
ID_LzRE9p_Ca,-4064.5777777777776
ID_LzRE9p_Mg,-686.68
ID_LzRE9p_S,-5.9114222222222175
ID_LzRE9p_Fe,-380.7871111111111
ID_LzRE9p_Mn,-314.26311111111085
ID_LzRE9p_Zn,-13.771244444444443
ID_LzRE9p_Cu,-2.242533333333337
ID_LzRE9p_B,-0.636533333333334
ID_YF4ATy_N,-6949.856
ID_YF4ATy_P,17.68708266666671
ID_YF4ATy_K,-399.04213333333337
ID_YF4ATy_Ca,-3642.754133333334
ID_YF4ATy_Mg,-368.25600000000003
ID_YF4ATy_S,-10.147328000000048
ID_YF4ATy_Fe,-359.9620266666666
ID_YF4ATy_Mn,-233.6949333333332
ID_YF4ATy_Zn,-12.141397333333327
ID_YF4ATy_Cu,-2.416448000000001
ID_YF4ATy_B,-0.4471039999999998
ID_qCVThH_N,-7778.298666666667
ID_qCVThH_P,15.827133333333393
ID_qCVThH_K,-432.5997333333334
ID_qCVThH_Ca,-3845.630933333334
ID_qCVThH_Mg,-445.25173333333333
ID_qCVThH_S,-15.86454133333337
ID_qCVThH_Fe,-359.14938666666666
ID_qCVThH_Mn,-250.95066666666662
ID_qCVThH_Zn,-44.532314666666736
ID_qCVThH_Cu,-2.267085333333336
ID_qCVThH_B,-0.5582026666666672
ID_XA3uzE_N,-7642.211111111113
ID_XA3uzE_P,16.81062444444447
ID_XA3uzE_K,-430.11115555555557
ID_XA3uzE_Ca,-3834.923911111111
ID_XA3uzE_Mg,-384.2525777777778
ID_XA3uzE_S,-10.97238266666671
ID_XA3uzE_Fe,-382.9335644444444
ID_XA3uzE_Mn,-240.25023111111096
ID_XA3uzE_Zn,-13.577636888888875
ID_XA3uzE_Cu,-2.45683866666667
ID_XA3uzE_B,-0.4918844444444443
ID_ccRXkN_N,-7772.495999999999
ID_ccRXkN_P,17.319778666666686
ID_ccRXkN_K,-430.23333333333335
ID_ccRXkN_Ca,-3801.1136
ID_ccRXkN_Mg,-377.4602666666667
ID_ccRXkN_S,-11.447306666666726
ID_ccRXkN_Fe,-374.69146666666666
ID_ccRXkN_Mn,-233.65101333333322
ID_ccRXkN_Zn,-10.98496799999997
ID_ccRXkN_Cu,-2.5213146666666693
ID_ccRXkN_B,-0.4653146666666665
ID_2vaqss_N,-7984.492888888889
ID_2vaqss_P,14.884937777777832
ID_2vaqss_K,-425.7964
ID_2vaqss_Ca,-3916.7587555555556
ID_2vaqss_Mg,-403.1119111111111
ID_2vaqss_S,-11.261748888888931
ID_2vaqss_Fe,-352.2611111111111
ID_2vaqss_Mn,-247.28112444444446
ID_2vaqss_Zn,-46.02507555555554
ID_2vaqss_Cu,-2.361358222222225
ID_2vaqss_B,-0.5696782222222226
ID_88iwGz_N,-6856.0
ID_88iwGz_P,17.485830222222262
ID_88iwGz_K,-396.85626666666667
ID_88iwGz_Ca,-3560.9483555555557
ID_88iwGz_Mg,-409.03413333333333
ID_88iwGz_S,-9.519775111111159
ID_88iwGz_Fe,-353.11752
ID_88iwGz_Mn,-269.0253066666665
ID_88iwGz_Zn,-12.703349333333326
ID_88iwGz_Cu,-2.122217777777781
ID_88iwGz_B,-0.5050560000000002
ID_CsOWKm_N,-7675.886222222222
ID_CsOWKm_P,17.16282044444448
ID_CsOWKm_K,-398.1945777777778
ID_CsOWKm_Ca,-3710.7368888888886
ID_CsOWKm_Mg,-378.55120000000005
ID_CsOWKm_S,-10.68948266666672
ID_CsOWKm_Fe,-410.7464266666666
ID_CsOWKm_Mn,-216.33070222222213
ID_CsOWKm_Zn,-14.949979555555553
ID_CsOWKm_Cu,-2.4858097777777797
ID_CsOWKm_B,-0.5440640000000005
ID_7hCT9Q_N,-7572.746666666668
ID_7hCT9Q_P,10.024220444444516
ID_7hCT9Q_K,-554.0344888888889
ID_7hCT9Q_Ca,-4734.201600000001
ID_7hCT9Q_Mg,-530.6702222222224
ID_7hCT9Q_S,-16.81361777777778
ID_7hCT9Q_Fe,-451.44704
ID_7hCT9Q_Mn,-387.5620266666667
ID_7hCT9Q_Zn,-8.314446222222195
ID_7hCT9Q_Cu,-2.758940444444448
ID_7hCT9Q_B,-0.5732835555555552
ID_aio0zg_N,-7166.948000000001
ID_aio0zg_P,10.427873333333405
ID_aio0zg_K,-415.24093333333343
ID_aio0zg_Ca,-4337.892666666667
ID_aio0zg_Mg,-523.0042666666667
ID_aio0zg_S,-16.300609333333355
ID_aio0zg_Fe,-445.0445733333333
ID_aio0zg_Mn,-388.69101333333333
ID_aio0zg_Zn,-10.142977333333306
ID_aio0zg_Cu,-2.673518666666671
ID_aio0zg_B,-0.5898479999999997
ID_z2EX86_N,-6478.755555555556
ID_z2EX86_P,10.964434666666737
ID_z2EX86_K,-427.14946666666674
ID_z2EX86_Ca,-5040.217822222223
ID_z2EX86_Mg,-586.6168000000001
ID_z2EX86_S,-10.910249777777768
ID_z2EX86_Fe,-440.6601733333334
ID_z2EX86_Mn,-379.64569777777785
ID_z2EX86_Zn,-11.107590222222198
ID_z2EX86_Cu,-2.6029955555555593
ID_z2EX86_B,-0.612174222222223
ID_Tm7ttq_N,-6186.793333333334
ID_Tm7ttq_P,10.040458666666723
ID_Tm7ttq_K,-580.9170666666668
ID_Tm7ttq_Ca,-6423.410000000002
ID_Tm7ttq_Mg,-729.4100000000002
ID_Tm7ttq_S,-7.822725333333331
ID_Tm7ttq_Fe,-483.19699999999995
ID_Tm7ttq_Mn,-383.6590133333333
ID_Tm7ttq_Zn,-11.471622666666637
ID_Tm7ttq_Cu,-2.548458666666672
ID_Tm7ttq_B,-0.7209266666666672
ID_oEuSMn_N,-6754.289777777778
ID_oEuSMn_P,11.120983111111176
ID_oEuSMn_K,-470.9380444444445
ID_oEuSMn_Ca,-4087.3356444444453
ID_oEuSMn_Mg,-504.7761777777778
ID_oEuSMn_S,-15.255285333333354
ID_oEuSMn_Fe,-419.7382755555556
ID_oEuSMn_Mn,-374.5116355555556
ID_oEuSMn_Zn,-14.415266666666657
ID_oEuSMn_Cu,-2.562501333333336
ID_oEuSMn_B,-0.5804977777777779
ID_XLoEEG_N,-5843.236000000001
ID_XLoEEG_P,-106.15182533333325
ID_XLoEEG_K,-1713.0973333333336
ID_XLoEEG_Ca,-6818.313466666668
ID_XLoEEG_Mg,-1181.3132
ID_XLoEEG_S,-9.917024000000037
ID_XLoEEG_Fe,-411.11508000000003
ID_XLoEEG_Mn,-415.2905599999998
ID_XLoEEG_Zn,-18.901173333333325
ID_XLoEEG_Cu,-2.310820000000005
ID_XLoEEG_B,-1.6947173333333336
ID_PDIzuz_N,-6447.119555555556
ID_PDIzuz_P,9.296544000000072
ID_PDIzuz_K,-1175.426088888889
ID_PDIzuz_Ca,-4530.599999999999
ID_PDIzuz_Mg,-838.7366222222222
ID_PDIzuz_S,-8.623203111111124
ID_PDIzuz_Fe,-490.7700888888889
ID_PDIzuz_Mn,-407.6806666666666
ID_PDIzuz_Zn,-12.553767555555536
ID_PDIzuz_Cu,-2.7276040000000035
ID_PDIzuz_B,-0.6241155555555564
ID_l9KZRW_N,-7390.784
ID_l9KZRW_P,10.992928000000077
ID_l9KZRW_K,-510.9968
ID_l9KZRW_Ca,-4689.211200000001
ID_l9KZRW_Mg,-506.6848000000001
ID_l9KZRW_S,-17.799168000000023
ID_l9KZRW_Fe,-433.85632000000004
ID_l9KZRW_Mn,-380.35424
ID_l9KZRW_Zn,-11.819023999999995
ID_l9KZRW_Cu,-2.745616
ID_l9KZRW_B,-0.6453760000000001
ID_cnFvrr_N,-8358.175555555556
ID_cnFvrr_P,-7.81040044444444
ID_cnFvrr_K,-441.2123555555555
ID_cnFvrr_Ca,-4280.5887555555555
ID_cnFvrr_Mg,-487.1961333333333
ID_cnFvrr_S,-19.061138666666672
ID_cnFvrr_Fe,-524.9970355555555
ID_cnFvrr_Mn,-388.6810977777776
ID_cnFvrr_Zn,-10.717643111111107
ID_cnFvrr_Cu,-2.822775111111114
ID_cnFvrr_B,-0.6768991111111108
ID_EXCaze_N,-6583.482666666667
ID_EXCaze_P,12.222965333333416
ID_EXCaze_K,-437.09560000000005
ID_EXCaze_Ca,-5011.159466666668
ID_EXCaze_Mg,-586.2742666666668
ID_EXCaze_S,-11.486958666666649
ID_EXCaze_Fe,-450.84370666666683
ID_EXCaze_Mn,-396.15317333333337
ID_EXCaze_Zn,-15.181045333333348
ID_EXCaze_Cu,-2.6156013333333386
ID_EXCaze_B,-0.6347906666666676
ID_DBd4Y5_N,-6118.232000000001
ID_DBd4Y5_P,-52.668457333333265
ID_DBd4Y5_K,-1109.2472444444445
ID_DBd4Y5_Ca,-6533.212622222223
ID_DBd4Y5_Mg,-1105.7910666666667
ID_DBd4Y5_S,-13.017825333333363
ID_DBd4Y5_Fe,-444.94944444444445
ID_DBd4Y5_Mn,-378.08578666666665
ID_DBd4Y5_Zn,-17.847326666666635
ID_DBd4Y5_Cu,-2.478977777777783
ID_DBd4Y5_B,-1.623500444444449
ID_vQHvom_N,-6472.733333333334
ID_vQHvom_P,-7.675661333333252
ID_vQHvom_K,-933.0207999999999
ID_vQHvom_Ca,-4848.889066666667
ID_vQHvom_Mg,-1084.2061333333334
ID_vQHvom_S,-9.86950666666668
ID_vQHvom_Fe,-518.6721600000002
ID_vQHvom_Mn,-410.59735999999987
ID_vQHvom_Zn,-11.51132799999997
ID_vQHvom_Cu,-2.820898666666668
ID_vQHvom_B,-0.6655093333333345
ID_0hFMyU_N,-6815.431111111113
ID_0hFMyU_P,8.095355555555653
ID_0hFMyU_K,-548.0573333333334
ID_0hFMyU_Ca,-4924.320888888889
ID_0hFMyU_Mg,-556.212
ID_0hFMyU_S,-12.209582222222203
ID_0hFMyU_Fe,-434.66311111111116
ID_0hFMyU_Mn,-390.4451555555555
ID_0hFMyU_Zn,-10.811639999999983
ID_0hFMyU_Cu,-3.018013333333336
ID_0hFMyU_B,-0.7059866666666672
ID_zWNhuB_N,-7551.648888888892
ID_zWNhuB_P,-10.306666666666622
ID_zWNhuB_K,-494.97866666666675
ID_zWNhuB_Ca,-4206.974222222222
ID_zWNhuB_Mg,-479.3195555555556
ID_zWNhuB_S,-18.580342222222257
ID_zWNhuB_Fe,-442.15533333333343
ID_zWNhuB_Mn,-390.48133333333345
ID_zWNhuB_Zn,-7.318968888888875
ID_zWNhuB_Cu,-3.3338355555555537
ID_zWNhuB_B,-0.6959155555555557
ID_UbjrsN_N,-7006.5920000000015
ID_UbjrsN_P,2.376400000000075
ID_UbjrsN_K,-552.8432
ID_UbjrsN_Ca,-4119.312000000001
ID_UbjrsN_Mg,-534.4000000000001
ID_UbjrsN_S,-16.01913600000001
ID_UbjrsN_Fe,-426.4916800000001
ID_UbjrsN_Mn,-396.31327999999996
ID_UbjrsN_Zn,-10.710079999999989
ID_UbjrsN_Cu,-3.2252800000000024
ID_UbjrsN_B,-0.6399040000000003
ID_ccchlZ_N,-7628.6720000000005
ID_ccchlZ_P,-2.361510222222215
ID_ccchlZ_K,-417.0146666666667
ID_ccchlZ_Ca,-4046.612800000001
ID_ccchlZ_Mg,-501.7139555555556
ID_ccchlZ_S,-15.80097333333335
ID_ccchlZ_Fe,-509.46185777777777
ID_ccchlZ_Mn,-374.04617777777764
ID_ccchlZ_Zn,-11.34644888888887
ID_ccchlZ_Cu,-2.459186666666671
ID_ccchlZ_B,-0.6137582222222221
ID_x5OjmI_N,-5693.568000000001
ID_x5OjmI_P,-14.205893777777845
ID_x5OjmI_K,-967.0434222222223
ID_x5OjmI_Ca,-5709.98648888889
ID_x5OjmI_Mg,-906.4809333333335
ID_x5OjmI_S,-12.078390666666682
ID_x5OjmI_Fe,-579.0698266666667
ID_x5OjmI_Mn,-392.04166222222227
ID_x5OjmI_Zn,-10.312713777777766
ID_x5OjmI_Cu,-2.6403462222222265
ID_x5OjmI_B,-0.6725359999999999
ID_kipq64_N,-8367.265333333335
ID_kipq64_P,-2.577822222222146
ID_kipq64_K,-398.6253777777778
ID_kipq64_Ca,-3968.9319111111117
ID_kipq64_Mg,-501.91653333333335
ID_kipq64_S,-17.945255111111123
ID_kipq64_Fe,-580.7353466666667
ID_kipq64_Mn,-367.8504444444443
ID_kipq64_Zn,-14.689378666666675
ID_kipq64_Cu,-2.4246231111111145
ID_kipq64_B,-0.6631862222222221
ID_dTZI33_N,-5574.519111111113
ID_dTZI33_P,-2.214495999999947
ID_dTZI33_K,-512.4273777777779
ID_dTZI33_Ca,-6305.470222222223
ID_dTZI33_Mg,-806.474488888889
ID_dTZI33_S,-7.836706222222205
ID_dTZI33_Fe,-423.5467822222222
ID_dTZI33_Mn,-382.7284799999999
ID_dTZI33_Zn,-10.04519733333333
ID_dTZI33_Cu,-2.3102675555555567
ID_dTZI33_B,-0.5432155555555556
ID_0oHX48_N,-7331.28088888889
ID_0oHX48_P,10.467200888888975
ID_0oHX48_K,-440.7187555555556
ID_0oHX48_Ca,-4250.970622222223
ID_0oHX48_Mg,-534.1853777777778
ID_0oHX48_S,-15.69166800000001
ID_0oHX48_Fe,-447.3484133333333
ID_0oHX48_Mn,-393.0614177777778
ID_0oHX48_Zn,-10.04481599999999
ID_0oHX48_Cu,-2.698092000000004
ID_0oHX48_B,-0.6031151111111118
ID_UuK84T_N,-7369.616000000001
ID_UuK84T_P,10.956592000000068
ID_UuK84T_K,-481.7024
ID_UuK84T_Ca,-4687.9104
ID_UuK84T_Mg,-505.24480000000005
ID_UuK84T_S,-18.22584000000003
ID_UuK84T_Fe,-432.59200000000004
ID_UuK84T_Mn,-374.51888
ID_UuK84T_Zn,-8.324719999999967
ID_UuK84T_Cu,-3.269824000000001
ID_UuK84T_B,-0.6800800000000004
ID_4fxXsn_N,-7954.248888888891
ID_4fxXsn_P,9.499053333333421
ID_4fxXsn_K,-503.5537777777779
ID_4fxXsn_Ca,-4741.10488888889
ID_4fxXsn_Mg,-514.5
ID_4fxXsn_S,-18.956053333333358
ID_4fxXsn_Fe,-429.91111111111115
ID_4fxXsn_Mn,-392.3933777777778
ID_4fxXsn_Zn,-10.416031111111085
ID_4fxXsn_Cu,-3.0428977777777795
ID_4fxXsn_B,-0.6419422222222223
ID_0cM8Gv_N,-7585.1680000000015
ID_0cM8Gv_P,14.671816000000039
ID_0cM8Gv_K,-465.38542222222225
ID_0cM8Gv_Ca,-4273.787511111112
ID_0cM8Gv_Mg,-500.8587111111111
ID_0cM8Gv_S,-17.428471555555582
ID_0cM8Gv_Fe,-429.00378222222224
ID_0cM8Gv_Mn,-371.5001377777778
ID_0cM8Gv_Zn,-10.166511555555536
ID_0cM8Gv_Cu,-2.3354720000000024
ID_0cM8Gv_B,-0.5929111111111114
ID_vRmgv4_N,-6327.738666666668
ID_vRmgv4_P,10.111252000000057
ID_vRmgv4_K,-618.5781333333334
ID_vRmgv4_Ca,-6512.441866666667
ID_vRmgv4_Mg,-741.0033333333336
ID_vRmgv4_S,-8.23268533333334
ID_vRmgv4_Fe,-449.0603066666667
ID_vRmgv4_Mn,-390.86168
ID_vRmgv4_Zn,-10.733990666666637
ID_vRmgv4_Cu,-2.650578666666669
ID_vRmgv4_B,-0.6625160000000013
ID_FY8taN_N,-5574.656000000001
ID_FY8taN_P,2.6313759999999746
ID_FY8taN_K,-1088.1296
ID_FY8taN_Ca,-6014.625600000001
ID_FY8taN_Mg,-1016.0032000000001
ID_FY8taN_S,-14.494319999999988
ID_FY8taN_Fe,-493.21024
ID_FY8taN_Mn,-367.32272
ID_FY8taN_Zn,-13.279087999999964
ID_FY8taN_Cu,-2.9790400000000004
ID_FY8taN_B,-1.4436640000000036
ID_S2Y7xM_N,-6707.558666666668
ID_S2Y7xM_P,14.168647111111152
ID_S2Y7xM_K,-514.5238666666668
ID_S2Y7xM_Ca,-4325.730088888889
ID_S2Y7xM_Mg,-531.3610666666667
ID_S2Y7xM_S,-18.263632000000026
ID_S2Y7xM_Fe,-420.1192444444446
ID_S2Y7xM_Mn,-385.15237777777776
ID_S2Y7xM_Zn,-10.304865777777762
ID_S2Y7xM_Cu,-2.5914657777777816
ID_S2Y7xM_B,-0.6104786666666671
ID_EWy8Vg_N,-8051.831999999999
ID_EWy8Vg_P,8.035236000000069
ID_EWy8Vg_K,-508.196
ID_EWy8Vg_Ca,-4963.620000000001
ID_EWy8Vg_Mg,-531.0631999999999
ID_EWy8Vg_S,-18.12146800000002
ID_EWy8Vg_Fe,-491.0898399999999
ID_EWy8Vg_Mn,-406.9352399999999
ID_EWy8Vg_Zn,-11.670291999999991
ID_EWy8Vg_Cu,-3.098724
ID_EWy8Vg_B,-0.7255839999999997
ID_otB9Cx_N,-6390.540000000001
ID_otB9Cx_P,-0.45708266666653685
ID_otB9Cx_K,-1210.6077333333335
ID_otB9Cx_Ca,-4776.041733333334
ID_otB9Cx_Mg,-978.4200000000001
ID_otB9Cx_S,-13.733549333333329
ID_otB9Cx_Fe,-571.2086533333332
ID_otB9Cx_Mn,-365.5354266666666
ID_otB9Cx_Zn,-14.886426666666683
ID_otB9Cx_Cu,-2.2153106666666695
ID_otB9Cx_B,-0.8856013333333347
ID_bln1M4_N,-7717.333333333335
ID_bln1M4_P,-3.2993733333332784
ID_bln1M4_K,-413.7986666666667
ID_bln1M4_Ca,-3853.9622222222224
ID_bln1M4_Mg,-520.6111111111112
ID_bln1M4_S,-16.579271111111133
ID_bln1M4_Fe,-545.4619555555556
ID_bln1M4_Mn,-372.76057777777766
ID_bln1M4_Zn,-9.230475555555547
ID_bln1M4_Cu,-2.188662222222224
ID_bln1M4_B,-0.5642577777777774
ID_Lz9dsl_N,-7962.759111111112
ID_Lz9dsl_P,-11.612377333333349
ID_Lz9dsl_K,-407.10133333333346
ID_Lz9dsl_Ca,-4183.4509777777785
ID_Lz9dsl_Mg,-507.60208888888906
ID_Lz9dsl_S,-17.18061200000001
ID_Lz9dsl_Fe,-488.6151466666667
ID_Lz9dsl_Mn,-379.1275733333332
ID_Lz9dsl_Zn,-9.671600888888877
ID_Lz9dsl_Cu,-2.5402937777777828
ID_Lz9dsl_B,-0.5561982222222223
ID_0JbkHX_N,-7546.193777777778
ID_0JbkHX_P,7.127148444444558
ID_0JbkHX_K,-375.1088000000001
ID_0JbkHX_Ca,-3925.1011999999996
ID_0JbkHX_Mg,-460.10582222222223
ID_0JbkHX_S,-15.70775644444446
ID_0JbkHX_Fe,-468.5582222222221
ID_0JbkHX_Mn,-385.1044311111111
ID_0JbkHX_Zn,-9.757412888888874
ID_0JbkHX_Cu,-2.015715555555561
ID_0JbkHX_B,-0.5316559999999996
ID_MwqBE5_N,-7594.256
ID_MwqBE5_P,-1.7457439999999167
ID_MwqBE5_K,-399.19520000000006
ID_MwqBE5_Ca,-4091.0784000000003
ID_MwqBE5_Mg,-518.4736
ID_MwqBE5_S,-17.50900800000001
ID_MwqBE5_Fe,-484.74255999999997
ID_MwqBE5_Mn,-377.03744
ID_MwqBE5_Zn,-12.815023999999998
ID_MwqBE5_Cu,-2.535712000000002
ID_MwqBE5_B,-0.6712480000000001
ID_N4IwBU_N,-5839.184000000001
ID_N4IwBU_P,-51.57392
ID_N4IwBU_K,-1922.6768000000002
ID_N4IwBU_Ca,-6502.128000000001
ID_N4IwBU_Mg,-920.3392000000002
ID_N4IwBU_S,-15.609888000000058
ID_N4IwBU_Fe,-456.12884799999983
ID_N4IwBU_Mn,-349.3735999999998
ID_N4IwBU_Zn,-23.64872000000001
ID_N4IwBU_Cu,-1.7731839999999999
ID_N4IwBU_B,-1.8977920000000006
ID_s6fdot_N,-6720.9288888888905
ID_s6fdot_P,-3.1382844444443805
ID_s6fdot_K,-473.4382222222223
ID_s6fdot_Ca,-6264.732
ID_s6fdot_Mg,-711.3902222222223
ID_s6fdot_S,-10.794737777777765
ID_s6fdot_Fe,-549.9988444444444
ID_s6fdot_Mn,-359.93213333333324
ID_s6fdot_Zn,-13.79586666666666
ID_s6fdot_Cu,-2.310688888888895
ID_s6fdot_B,-0.6616444444444443
ID_3QV3g1_N,-6319.52
ID_3QV3g1_P,0.9068800000001289
ID_3QV3g1_K,-965.6816000000001
ID_3QV3g1_Ca,-4424.673600000001
ID_3QV3g1_Mg,-992.5264000000002
ID_3QV3g1_S,-7.988496000000005
ID_3QV3g1_Fe,-512.2552000000002
ID_3QV3g1_Mn,-370.2272
ID_3QV3g1_Zn,-14.568224000000013
ID_3QV3g1_Cu,-1.950304000000003
ID_3QV3g1_B,-0.7827040000000014
ID_ZQKrpH_N,-8080.798666666668
ID_ZQKrpH_P,-4.9289026666666516
ID_ZQKrpH_K,-408.6056
ID_ZQKrpH_Ca,-4005.0012000000006
ID_ZQKrpH_Mg,-513.4829333333334
ID_ZQKrpH_S,-18.26526000000002
ID_ZQKrpH_Fe,-523.8417466666666
ID_ZQKrpH_Mn,-373.5964933333332
ID_ZQKrpH_Zn,-27.52079199999998
ID_ZQKrpH_Cu,-2.093506666666668
ID_ZQKrpH_B,-0.5476679999999995
ID_l8iTxG_N,-8153.910666666667
ID_l8iTxG_P,-3.453934666666619
ID_l8iTxG_K,-409.48866666666675
ID_l8iTxG_Ca,-3874.297466666667
ID_l8iTxG_Mg,-517.8390666666668
ID_l8iTxG_S,-17.969112000000003
ID_l8iTxG_Fe,-526.9892133333334
ID_l8iTxG_Mn,-374.2333866666666
ID_l8iTxG_Zn,-9.36508933333331
ID_l8iTxG_Cu,-2.069481333333335
ID_l8iTxG_B,-0.537209333333333
ID_XxcWOH_N,-6384.560000000001
ID_XxcWOH_P,3.0043840000001154
ID_XxcWOH_K,-1218.3968000000002
ID_XxcWOH_Ca,-4741.828800000001
ID_XxcWOH_Mg,-854.0032000000001
ID_XxcWOH_S,-15.113904000000034
ID_XxcWOH_Fe,-484.9816
ID_XxcWOH_Mn,-344.8985599999998
ID_XxcWOH_Zn,-14.866592000000002
ID_XxcWOH_Cu,-1.7731839999999999
ID_XxcWOH_B,-0.7363360000000009
ID_DcjMRb_N,-5683.879111111112
ID_DcjMRb_P,10.120839111111199
ID_DcjMRb_K,-991.8200888888891
ID_DcjMRb_Ca,-6212.422400000001
ID_DcjMRb_Mg,-978.2819555555558
ID_DcjMRb_S,-12.649507555555562
ID_DcjMRb_Fe,-492.67000888888896
ID_DcjMRb_Mn,-408.23573333333337
ID_DcjMRb_Zn,-12.620771555555539
ID_DcjMRb_Cu,-3.083790222222224
ID_DcjMRb_B,-0.6928995555555559
ID_dkSNwM_N,-7668.308888888891
ID_dkSNwM_P,-9.434164444444399
ID_dkSNwM_K,-405.4851111111112
ID_dkSNwM_Ca,-4190.5168
ID_dkSNwM_Mg,-503.1421777777779
ID_dkSNwM_S,-18.447963111111132
ID_dkSNwM_Fe,-450.4231822222223
ID_dkSNwM_Mn,-409.19535555555564
ID_dkSNwM_Zn,-37.34020844444453
ID_dkSNwM_Cu,-2.349582666666672
ID_dkSNwM_B,-0.6073782222222226
ID_YMMOoq_N,-6269.969333333334
ID_YMMOoq_P,-0.8543639999998831
ID_YMMOoq_K,-1041.6657333333335
ID_YMMOoq_Ca,-6219.510400000001
ID_YMMOoq_Mg,-919.6640000000002
ID_YMMOoq_S,-13.688804000000012
ID_YMMOoq_Fe,-530.7651866666668
ID_YMMOoq_Mn,-415.96790666666664
ID_YMMOoq_Zn,-12.868791999999976
ID_YMMOoq_Cu,-2.034356000000001
ID_YMMOoq_B,-0.8434213333333337
ID_VOyqBp_N,-6529.132444444444
ID_VOyqBp_P,-4.036853333333234
ID_VOyqBp_K,-585.4405333333333
ID_VOyqBp_Ca,-6712.464266666667
ID_VOyqBp_Mg,-873.4652888888891
ID_VOyqBp_S,-8.798880444444436
ID_VOyqBp_Fe,-449.9153155555556
ID_VOyqBp_Mn,-406.35279111111106
ID_VOyqBp_Zn,-11.688539111111085
ID_VOyqBp_Cu,-2.858131555555557
ID_VOyqBp_B,-0.7294817777777786
ID_PTXOfN_N,-6496.036
ID_PTXOfN_P,-2.9537608888887803
ID_PTXOfN_K,-1107.716488888889
ID_PTXOfN_Ca,-4749.724577777777
ID_PTXOfN_Mg,-959.2900444444444
ID_PTXOfN_S,-8.840765777777776
ID_PTXOfN_Fe,-461.07770666666664
ID_PTXOfN_Mn,-396.89695111111104
ID_PTXOfN_Zn,-11.698181777777757
ID_PTXOfN_Cu,-2.623945333333336
ID_PTXOfN_B,-0.7997426666666673
ID_FfQ3cj_N,-7611.7333333333345
ID_FfQ3cj_P,-3.0124444444444123
ID_FfQ3cj_K,-399.4351111111112
ID_FfQ3cj_Ca,-4167.7115555555565
ID_FfQ3cj_Mg,-521.3053333333335
ID_FfQ3cj_S,-17.59210222222224
ID_FfQ3cj_Fe,-498.09155555555566
ID_FfQ3cj_Mn,-402.62728888888887
ID_FfQ3cj_Zn,-12.19504888888888
ID_FfQ3cj_Cu,-2.1802044444444504
ID_FfQ3cj_B,-0.5550666666666663
ID_nbzFOg_N,-7442.557777777779
ID_nbzFOg_P,-3.3753146666666396
ID_nbzFOg_K,-430.7488888888889
ID_nbzFOg_Ca,-4058.433022222223
ID_nbzFOg_Mg,-531.9036444444445
ID_nbzFOg_S,-16.096615111111124
ID_nbzFOg_Fe,-520.3944
ID_nbzFOg_Mn,-396.02476444444443
ID_nbzFOg_Zn,-9.518273333333306
ID_nbzFOg_Cu,-2.2980377777777834
ID_nbzFOg_B,-0.5487120000000001
ID_TQnsTX_N,-5998.957333333335
ID_TQnsTX_P,-3.3757653333333337
ID_TQnsTX_K,-587.7076444444444
ID_TQnsTX_Ca,-5717.606222222224
ID_TQnsTX_Mg,-621.4280000000001
ID_TQnsTX_S,-10.057045333333328
ID_TQnsTX_Fe,-431.3196000000001
ID_TQnsTX_Mn,-395.2405244444445
ID_TQnsTX_Zn,-9.707076444444422
ID_TQnsTX_Cu,-2.537720888888892
ID_TQnsTX_B,-0.5409715555555552
ID_5vwCJC_N,-7359.632000000001
ID_5vwCJC_P,10.805392000000069
ID_5vwCJC_K,-452.11520000000013
ID_5vwCJC_Ca,-4198.9488
ID_5vwCJC_Mg,-526.1536
ID_5vwCJC_S,-16.329840000000015
ID_5vwCJC_Fe,-459.8200000000001
ID_5vwCJC_Mn,-384.50383999999997
ID_5vwCJC_Zn,-9.15895999999997
ID_5vwCJC_Cu,-2.5764640000000023
ID_5vwCJC_B,-0.5489439999999998
ID_NTS3RE_N,-5433.49688888889
ID_NTS3RE_P,-20.234495999999993
ID_NTS3RE_K,-1057.8652444444447
ID_NTS3RE_Ca,-6485.279288888889
ID_NTS3RE_Mg,-1095.8520888888888
ID_NTS3RE_S,-142.52042666666648
ID_NTS3RE_Fe,-375.42741333333333
ID_NTS3RE_Mn,-392.8300088888888
ID_NTS3RE_Zn,-10.916032
ID_NTS3RE_Cu,-3.4046577777777807
ID_NTS3RE_B,-1.2864000000000022
ID_E9rfiU_N,-5725.970666666667
ID_E9rfiU_P,7.7882933333333355
ID_E9rfiU_K,-1128.6058666666668
ID_E9rfiU_Ca,-6139.4868000000015
ID_E9rfiU_Mg,-894.0156000000002
ID_E9rfiU_S,-17.05032800000002
ID_E9rfiU_Fe,-375.12147999999996
ID_E9rfiU_Mn,-399.9227333333333
ID_E9rfiU_Zn,-13.491181333333301
ID_E9rfiU_Cu,-3.1857466666666694
ID_E9rfiU_B,-1.1632986666666663
ID_1n2TEy_N,-5426.466666666666
ID_1n2TEy_P,9.563672000000096
ID_1n2TEy_K,-1035.332
ID_1n2TEy_Ca,-6305.241599999999
ID_1n2TEy_Mg,-926.6935999999998
ID_1n2TEy_S,-15.706408000000017
ID_1n2TEy_Fe,-393.46063999999996
ID_1n2TEy_Mn,-405.1076266666666
ID_1n2TEy_Zn,-13.257453333333311
ID_1n2TEy_Cu,-2.908754666666667
ID_1n2TEy_B,-0.9085066666666675
ID_1xNxfQ_N,-5653.461333333334
ID_1xNxfQ_P,-21.035367999999977
ID_1xNxfQ_K,-1142.0914666666667
ID_1xNxfQ_Ca,-6440.746755555556
ID_1xNxfQ_Mg,-1060.7017333333333
ID_1xNxfQ_S,-11.367230666666657
ID_1xNxfQ_Fe,-398.60579555555563
ID_1xNxfQ_Mn,-364.84901777777776
ID_1xNxfQ_Zn,-12.99896799999998
ID_1xNxfQ_Cu,-2.6944213333333344
ID_1xNxfQ_B,-1.6125497777777849
ID_BzL73b_N,-6918.560000000001
ID_BzL73b_P,-2.1280159999998602
ID_BzL73b_K,-431.2976000000001
ID_BzL73b_Ca,-4157.918400000001
ID_BzL73b_Mg,-542.7904000000001
ID_BzL73b_S,-13.134191999999992
ID_BzL73b_Fe,-419.08336
ID_BzL73b_Mn,-379.9745599999999
ID_BzL73b_Zn,-8.508127999999978
ID_BzL73b_Cu,-2.6503840000000034
ID_BzL73b_B,-0.5335840000000003
ID_N8nUC7_N,-6062.666222222222
ID_N8nUC7_P,-13.159687555555628
ID_N8nUC7_K,-468.38053333333335
ID_N8nUC7_Ca,-4217.824933333333
ID_N8nUC7_Mg,-561.6146222222222
ID_N8nUC7_S,-17.930673333333353
ID_N8nUC7_Fe,-415.4797200000001
ID_N8nUC7_Mn,-408.9720266666667
ID_N8nUC7_Zn,-10.796964444444418
ID_N8nUC7_Cu,-2.6159786666666704
ID_N8nUC7_B,-0.6119804444444452
ID_h1y5Fa_N,-8039.846666666666
ID_h1y5Fa_P,12.080180888888979
ID_h1y5Fa_K,-527.802088888889
ID_h1y5Fa_Ca,-4205.978044444445
ID_h1y5Fa_Mg,-490.1206666666668
ID_h1y5Fa_S,-17.664727555555572
ID_h1y5Fa_Fe,-423.5681822222222
ID_h1y5Fa_Mn,-385.4857511111111
ID_h1y5Fa_Zn,-9.62613777777775
ID_h1y5Fa_Cu,-2.558127111111113
ID_h1y5Fa_B,-0.610506666666667
ID_e9RQhJ_N,-7917.216444444444
ID_e9RQhJ_P,13.084218222222312
ID_e9RQhJ_K,-400.71333333333337
ID_e9RQhJ_Ca,-4202.259733333334
ID_e9RQhJ_Mg,-477.8202666666667
ID_e9RQhJ_S,-18.240524000000008
ID_e9RQhJ_Fe,-474.7747511111111
ID_e9RQhJ_Mn,-401.9127022222221
ID_e9RQhJ_Zn,-10.132839555555526
ID_e9RQhJ_Cu,-2.249254222222228
ID_e9RQhJ_B,-0.6368324444444445
ID_8vQxo9_N,-8014.235555555557
ID_8vQxo9_P,11.322022222222287
ID_8vQxo9_K,-433.5204444444445
ID_8vQxo9_Ca,-4326.214222222224
ID_8vQxo9_Mg,-500.0142222222223
ID_8vQxo9_S,-18.899048888888924
ID_8vQxo9_Fe,-436.01733333333334
ID_8vQxo9_Mn,-377.9085777777777
ID_8vQxo9_Zn,-10.183368888888857
ID_8vQxo9_Cu,-2.614142222222225
ID_8vQxo9_B,-0.6270800000000004
ID_NbGmPq_N,-5753.711111111112
ID_NbGmPq_P,-33.09328888888888
ID_NbGmPq_K,-1262.382666666667
ID_NbGmPq_Ca,-7033.084444444445
ID_NbGmPq_Mg,-948.349777777778
ID_NbGmPq_S,-11.339604444444458
ID_NbGmPq_Fe,-423.2900888888889
ID_NbGmPq_Mn,-410.89831111111096
ID_NbGmPq_Zn,-19.130817777777764
ID_NbGmPq_Cu,-2.031484444444448
ID_NbGmPq_B,-1.5990400000000013
ID_T603hN_N,-6430.645333333335
ID_T603hN_P,-0.8593422222221037
ID_T603hN_K,-1228.140088888889
ID_T603hN_Ca,-5446.815288888889
ID_T603hN_Mg,-944.8960000000002
ID_T603hN_S,-16.213696000000045
ID_T603hN_Fe,-543.1805155555556
ID_T603hN_Mn,-384.4095999999999
ID_T603hN_Zn,-13.706126222222215
ID_T603hN_Cu,-2.423637333333336
ID_T603hN_B,-1.1220835555555562
ID_1SHJ3b_N,-6379.293333333334
ID_1SHJ3b_P,-12.78631111111121
ID_1SHJ3b_K,-1218.8764444444448
ID_1SHJ3b_Ca,-6063.075111111112
ID_1SHJ3b_Mg,-878.6146666666668
ID_1SHJ3b_S,-14.372231111111137
ID_1SHJ3b_Fe,-445.10088888888885
ID_1SHJ3b_Mn,-406.7818666666665
ID_1SHJ3b_Zn,-20.82643111111108
ID_1SHJ3b_Cu,-2.55762666666667
ID_1SHJ3b_B,-1.0807200000000003
ID_HHM0gS_N,-5926.952
ID_HHM0gS_P,-86.41439733333328
ID_HHM0gS_K,-1992.8813333333333
ID_HHM0gS_Ca,-9513.181333333332
ID_HHM0gS_Mg,-1214.1661333333332
ID_HHM0gS_S,-12.654146666666698
ID_HHM0gS_Fe,-397.7673066666666
ID_HHM0gS_Mn,-409.22682666666645
ID_HHM0gS_Zn,-15.430647999999985
ID_HHM0gS_Cu,-3.3389146666666676
ID_HHM0gS_B,-1.7872693333333354
ID_zIEhdS_N,-6463.299555555555
ID_zIEhdS_P,9.465514666666728
ID_zIEhdS_K,-1120.570311111111
ID_zIEhdS_Ca,-4531.362133333334
ID_zIEhdS_Mg,-857.1328000000002
ID_zIEhdS_S,-7.972736000000012
ID_zIEhdS_Fe,-535.82336
ID_zIEhdS_Mn,-388.79800888888883
ID_zIEhdS_Zn,-11.916664888888878
ID_zIEhdS_Cu,-2.5456924444444478
ID_zIEhdS_B,-0.6354062222222231
ID_MQMZtn_N,-5634.819555555556
ID_MQMZtn_P,-5.840702222222234
ID_MQMZtn_K,-1011.6037777777781
ID_MQMZtn_Ca,-4377.758222222222
ID_MQMZtn_Mg,-958.5999555555557
ID_MQMZtn_S,-7.8227248888889065
ID_MQMZtn_Fe,-549.654128888889
ID_MQMZtn_Mn,-390.4757555555556
ID_MQMZtn_Zn,-9.852502222222212
ID_MQMZtn_Cu,-2.521319111111113
ID_MQMZtn_B,-0.6281022222222231
ID_kmNj26_N,-6049.054666666668
ID_kmNj26_P,-30.114556000000135
ID_kmNj26_K,-1155.9710666666667
ID_kmNj26_Ca,-6403.306666666667
ID_kmNj26_Mg,-947.8382666666669
ID_kmNj26_S,-12.017094666666672
ID_kmNj26_Fe,-402.98544000000015
ID_kmNj26_Mn,-413.94672
ID_kmNj26_Zn,-16.093415999999987
ID_kmNj26_Cu,-3.418748000000003
ID_kmNj26_B,-1.6903266666666736
ID_nI1IwM_N,-5636.54888888889
ID_nI1IwM_P,-21.299759111111157
ID_nI1IwM_K,-1067.3815555555555
ID_nI1IwM_Ca,-6519.653022222224
ID_nI1IwM_Mg,-1093.7284000000002
ID_nI1IwM_S,-12.554405777777777
ID_nI1IwM_Fe,-376.75856000000016
ID_nI1IwM_Mn,-391.4981155555555
ID_nI1IwM_Zn,-12.414185333333307
ID_nI1IwM_Cu,-2.7546751111111147
ID_nI1IwM_B,-1.6744640000000075
ID_hgznq0_N,-6757.78488888889
ID_hgznq0_P,8.541688888888984
ID_hgznq0_K,-633.4350222222224
ID_hgznq0_Ca,-6219.1175111111115
ID_hgznq0_Mg,-685.6483555555556
ID_hgznq0_S,-11.1093831111111
ID_hgznq0_Fe,-447.5235555555557
ID_hgznq0_Mn,-409.75395555555554
ID_hgznq0_Zn,-11.429539555555534
ID_hgznq0_Cu,-3.1370026666666684
ID_hgznq0_B,-0.649642666666666
ID_voB73q_N,-5127.089777777779
ID_voB73q_P,2.9595519999999738
ID_voB73q_K,-993.0883555555556
ID_voB73q_Ca,-5833.547555555557
ID_voB73q_Mg,-883.2612888888889
ID_voB73q_S,-14.196836888888896
ID_voB73q_Fe,-353.1395866666666
ID_voB73q_Mn,-373.9605955555556
ID_voB73q_Zn,-13.884863999999984
ID_voB73q_Cu,-2.962786666666669
ID_voB73q_B,-1.0855022222222228
ID_zO8M0m_N,-6333.044444444446
ID_zO8M0m_P,-17.870364444444547
ID_zO8M0m_K,-568.7177777777779
ID_zO8M0m_Ca,-5936.4724444444455
ID_zO8M0m_Mg,-639.0004444444445
ID_zO8M0m_S,-10.584955555555535
ID_zO8M0m_Fe,-466.6286222222223
ID_zO8M0m_Mn,-396.7332444444445
ID_zO8M0m_Zn,-13.175613333333322
ID_zO8M0m_Cu,-2.6374133333333356
ID_zO8M0m_B,-0.726422222222223
ID_25qDOh_N,-5742.593777777779
ID_25qDOh_P,-18.378316888888925
ID_25qDOh_K,-1128.9738222222222
ID_25qDOh_Ca,-7668.1836
ID_25qDOh_Mg,-1088.477022222222
ID_25qDOh_S,-16.593994222222275
ID_25qDOh_Fe,-460.1377466666667
ID_25qDOh_Mn,-386.2375333333333
ID_25qDOh_Zn,-12.54319288888888
ID_25qDOh_Cu,-2.9978662222222257
ID_25qDOh_B,-1.6040742222222275
ID_uBl09V_N,-5928.3422222222225
ID_uBl09V_P,-9.93740888888891
ID_uBl09V_K,-1068.3084444444446
ID_uBl09V_Ca,-6159.542666666667
ID_uBl09V_Mg,-822.9693333333335
ID_uBl09V_S,-15.573235555555584
ID_uBl09V_Fe,-382.2752444444446
ID_uBl09V_Mn,-392.6524888888888
ID_uBl09V_Zn,-12.615639999999988
ID_uBl09V_Cu,-3.033120000000003
ID_uBl09V_B,-1.2750044444444455
ID_jmRJX3_N,-6471.061333333333
ID_jmRJX3_P,9.655024000000076
ID_jmRJX3_K,-1108.7733333333333
ID_jmRJX3_Ca,-6377.051466666666
ID_jmRJX3_Mg,-980.2229333333333
ID_jmRJX3_S,-22.791888000000064
ID_jmRJX3_Fe,-492.94413333333335
ID_jmRJX3_Mn,-392.3178399999999
ID_jmRJX3_Zn,-14.067562666666644
ID_jmRJX3_Cu,-3.039981333333336
ID_jmRJX3_B,-0.8421333333333338
ID_fg6y36_N,-6138.150666666667
ID_fg6y36_P,10.603796000000067
ID_fg6y36_K,-1160.425866666667
ID_fg6y36_Ca,-4400.2056
ID_fg6y36_Mg,-846.6802666666669
ID_fg6y36_S,-7.707433333333338
ID_fg6y36_Fe,-544.08864
ID_fg6y36_Mn,-382.67283999999984
ID_fg6y36_Zn,-13.007023999999987
ID_fg6y36_Cu,-2.4509266666666703
ID_fg6y36_B,-0.6331133333333343
ID_dodPXf_N,-5370.15288888889
ID_dodPXf_P,12.72044888888895
ID_dodPXf_K,-1020.8264444444446
ID_dodPXf_Ca,-6326.519555555556
ID_dodPXf_Mg,-985.0820444444446
ID_dodPXf_S,-11.399054222222244
ID_dodPXf_Fe,-394.1956533333335
ID_dodPXf_Mn,-410.8938177777778
ID_dodPXf_Zn,-13.589447555555541
ID_dodPXf_Cu,-2.88707377777778
ID_dodPXf_B,-1.0949715555555561
ID_DuTHc0_N,-5584.344
ID_DuTHc0_P,-5.462997333333348
ID_DuTHc0_K,-1093.2592
ID_DuTHc0_Ca,-6204.278133333333
ID_DuTHc0_Mg,-892.7975999999999
ID_DuTHc0_S,-15.013845333333354
ID_DuTHc0_Fe,-488.1809599999998
ID_DuTHc0_Mn,-373.39079999999984
ID_DuTHc0_Zn,-10.27273066666667
ID_DuTHc0_Cu,-3.3562426666666676
ID_DuTHc0_B,-1.1527199999999995
ID_NiIliP_N,-5884.781333333332
ID_NiIliP_P,-50.234919555555734
ID_NiIliP_K,-1230.941733333333
ID_NiIliP_Ca,-7912.905955555555
ID_NiIliP_Mg,-1115.742311111111
ID_NiIliP_S,-11.341581333333341
ID_NiIliP_Fe,-374.6367244444444
ID_NiIliP_Mn,-425.06709777777775
ID_NiIliP_Zn,-12.529309333333305
ID_NiIliP_Cu,-3.113059555555558
ID_NiIliP_B,-1.2966413333333313
ID_b8uNRS_N,-5526.861333333334
ID_b8uNRS_P,-17.795184000000035
ID_b8uNRS_K,-1017.3296000000003
ID_b8uNRS_Ca,-7802.503600000001
ID_b8uNRS_Mg,-1041.4926666666668
ID_b8uNRS_S,-12.486747999999999
ID_b8uNRS_Fe,-370.8319466666666
ID_b8uNRS_Mn,-388.9771466666666
ID_b8uNRS_Zn,-13.960587999999964
ID_b8uNRS_Cu,-3.103557333333337
ID_b8uNRS_B,-1.3527880000000039
ID_xillBW_N,-6012.090222222224
ID_xillBW_P,14.176979555555612
ID_xillBW_K,-961.2107111111113
ID_xillBW_Ca,-6003.274000000001
ID_xillBW_Mg,-939.926977777778
ID_xillBW_S,-10.941351111111125
ID_xillBW_Fe,-495.09477333333353
ID_xillBW_Mn,-390.7985777777778
ID_xillBW_Zn,-11.929740888888867
ID_xillBW_Cu,-2.496902222222224
ID_xillBW_B,-0.648701333333334
ID_lyLZbt_N,-6622.27111111111
ID_lyLZbt_P,10.184866666666743
ID_lyLZbt_K,-554.3102222222223
ID_lyLZbt_Ca,-5870.2768888888895
ID_lyLZbt_Mg,-651.7995555555557
ID_lyLZbt_S,-11.009995555555534
ID_lyLZbt_Fe,-466.1104000000002
ID_lyLZbt_Mn,-391.8541333333334
ID_lyLZbt_Zn,-10.03337777777776
ID_lyLZbt_Cu,-4.693484444444446
ID_lyLZbt_B,-0.6247333333333341
ID_gQjl5k_N,-5313.486666666667
ID_gQjl5k_P,-155.8894653333335
ID_gQjl5k_K,-2226.7766222222226
ID_gQjl5k_Ca,-9535.519644444445
ID_gQjl5k_Mg,-1292.1784
ID_gQjl5k_S,-9.801559111111146
ID_gQjl5k_Fe,-344.6221555555555
ID_gQjl5k_Mn,-425.6949244444444
ID_gQjl5k_Zn,-12.203173333333336
ID_gQjl5k_Cu,-2.9367644444444476
ID_gQjl5k_B,-1.9414440000000024
ID_Kn1ZnT_N,-5959.160444444444
ID_Kn1ZnT_P,-25.255089333333302
ID_Kn1ZnT_K,-1156.1909777777778
ID_Kn1ZnT_Ca,-6989.399644444444
ID_Kn1ZnT_Mg,-1039.9519555555555
ID_Kn1ZnT_S,-17.12090355555558
ID_Kn1ZnT_Fe,-375.83151111111107
ID_Kn1ZnT_Mn,-428.5635688888887
ID_Kn1ZnT_Zn,-17.873556444444404
ID_Kn1ZnT_Cu,-2.7723520000000033
ID_Kn1ZnT_B,-1.5425293333333352
ID_bKTKqg_N,-6032.522666666668
ID_bKTKqg_P,-58.74910577777767
ID_bKTKqg_K,-1191.180088888889
ID_bKTKqg_Ca,-8305.811911111112
ID_bKTKqg_Mg,-1120.5966222222223
ID_bKTKqg_S,-10.700408888888902
ID_bKTKqg_Fe,-366.7904711111111
ID_bKTKqg_Mn,-426.7291733333334
ID_bKTKqg_Zn,-14.36951466666664
ID_bKTKqg_Cu,-3.2624924444444487
ID_bKTKqg_B,-1.5647573333333344
ID_3Le2OW_N,-6114.368000000001
ID_3Le2OW_P,10.433920000000079
ID_3Le2OW_K,-638.7488000000001
ID_3Le2OW_Ca,-6323.884800000002
ID_3Le2OW_Mg,-729.1888
ID_3Le2OW_S,-7.905215999999992
ID_3Le2OW_Fe,-446.51584
ID_3Le2OW_Mn,-388.53824000000003
ID_3Le2OW_Zn,-10.101391999999981
ID_3Le2OW_Cu,-2.9005599999999996
ID_3Le2OW_B,-0.5802400000000004
ID_mjXCoA_N,-6037.071111111111
ID_mjXCoA_P,10.482648888888978
ID_mjXCoA_K,-518.2693333333334
ID_mjXCoA_Ca,-6347.637777777779
ID_mjXCoA_Mg,-712.6075555555557
ID_mjXCoA_S,-7.758102222222206
ID_mjXCoA_Fe,-457.8750666666668
ID_mjXCoA_Mn,-392.3493777777778
ID_mjXCoA_Zn,-11.154008888888855
ID_mjXCoA_Cu,-2.7596355555555596
ID_mjXCoA_B,-0.5718355555555557
ID_r3BADh_N,-5830.272888888889
ID_r3BADh_P,-31.61548044444463
ID_r3BADh_K,-1175.5515555555558
ID_r3BADh_Ca,-5586.05928888889
ID_r3BADh_Mg,-890.7001333333334
ID_r3BADh_S,-10.749721777777808
ID_r3BADh_Fe,-402.65943111111113
ID_r3BADh_Mn,-411.07729777777774
ID_r3BADh_Zn,-15.23227199999999
ID_r3BADh_Cu,-2.143870666666672
ID_r3BADh_B,-1.713272444444452
ID_gB0Ji2_N,-6534.222222222223
ID_gB0Ji2_P,10.590448888888965
ID_gB0Ji2_K,-427.76133333333337
ID_gB0Ji2_Ca,-4487.176
ID_gB0Ji2_Mg,-557.1995555555557
ID_gB0Ji2_S,-13.43361333333333
ID_gB0Ji2_Fe,-439.5251111111111
ID_gB0Ji2_Mn,-377.48373333333336
ID_gB0Ji2_Zn,-11.128537777777758
ID_gB0Ji2_Cu,-2.613800000000004
ID_gB0Ji2_B,-0.5728133333333331
ID_EVFSAT_N,-6097.253333333334
ID_EVFSAT_P,10.182960000000087
ID_EVFSAT_K,-908.9208888888891
ID_EVFSAT_Ca,-4429.037333333334
ID_EVFSAT_Mg,-840.0022222222224
ID_EVFSAT_S,-7.223208888888873
ID_EVFSAT_Fe,-471.7624444444445
ID_EVFSAT_Mn,-399.15177777777785
ID_EVFSAT_Zn,-11.266697777777765
ID_EVFSAT_Cu,-2.513675555555562
ID_EVFSAT_B,-0.7075511111111126
ID_S0xn2l_N,-5549.6395555555555
ID_S0xn2l_P,5.159918222222309
ID_S0xn2l_K,-936.4701333333335
ID_S0xn2l_Ca,-6315.435466666668
ID_S0xn2l_Mg,-944.9216000000001
ID_S0xn2l_S,-11.313065333333366
ID_S0xn2l_Fe,-452.86284444444453
ID_S0xn2l_Mn,-394.26720000000006
ID_S0xn2l_Zn,-15.026551999999985
ID_S0xn2l_Cu,-2.732439111111115
ID_S0xn2l_B,-1.394406666666669
ID_3dckyz_N,-6070.416000000001
ID_3dckyz_P,10.653869333333414
ID_3dckyz_K,-583.4972000000001
ID_3dckyz_Ca,-6458.949733333334
ID_3dckyz_Mg,-732.9077333333335
ID_3dckyz_S,-7.946601333333341
ID_3dckyz_Fe,-460.4148666666667
ID_3dckyz_Mn,-385.0072933333334
ID_3dckyz_Zn,-12.137770666666663
ID_3dckyz_Cu,-2.4055400000000056
ID_3dckyz_B,-0.5617280000000003
ID_IHjM1E_N,-7430.446666666668
ID_IHjM1E_P,11.645418222222286
ID_IHjM1E_K,-435.9808888888889
ID_IHjM1E_Ca,-4278.55488888889
ID_IHjM1E_Mg,-529.8544444444445
ID_IHjM1E_S,-15.916014222222248
ID_IHjM1E_Fe,-442.9036355555556
ID_IHjM1E_Mn,-398.85101333333336
ID_IHjM1E_Zn,-13.881664444444452
ID_IHjM1E_Cu,-2.3739017777777827
ID_IHjM1E_B,-0.6240431111111111
ID_AeIsQm_N,-7255.757777777777
ID_AeIsQm_P,8.374386666666748
ID_AeIsQm_K,-487.72311111111117
ID_AeIsQm_Ca,-4688.995555555555
ID_AeIsQm_Mg,-594.2217777777778
ID_AeIsQm_S,-12.520759999999967
ID_AeIsQm_Fe,-533.660711111111
ID_AeIsQm_Mn,-383.72913333333327
ID_AeIsQm_Zn,-9.138917777777756
ID_AeIsQm_Cu,-2.740524444444448
ID_AeIsQm_B,-0.618893333333334
ID_kmqJFM_N,-6163.139555555556
ID_kmqJFM_P,-16.55532088888893
ID_kmqJFM_K,-1206.9646222222225
ID_kmqJFM_Ca,-5458.32888888889
ID_kmqJFM_Mg,-963.0449777777778
ID_kmqJFM_S,-12.870819555555592
ID_kmqJFM_Fe,-432.2865777777779
ID_kmqJFM_Mn,-429.65063111111107
ID_kmqJFM_Zn,-17.50695822222224
ID_kmqJFM_Cu,-2.4121386666666718
ID_kmqJFM_B,-1.3932728888888908
ID_u9NtXA_N,-6240.714666666669
ID_u9NtXA_P,-22.39142266666679
ID_u9NtXA_K,-1082.0993333333333
ID_u9NtXA_Ca,-6132.698533333334
ID_u9NtXA_Mg,-998.5578666666669
ID_u9NtXA_S,-11.710784000000018
ID_u9NtXA_Fe,-457.44648
ID_u9NtXA_Mn,-417.23528
ID_u9NtXA_Zn,-19.119177333333333
ID_u9NtXA_Cu,-2.4687360000000065
ID_u9NtXA_B,-1.1887546666666675
ID_OigK8l_N,-7501.704444444445
ID_OigK8l_P,9.089175555555617
ID_OigK8l_K,-465.6737777777778
ID_OigK8l_Ca,-4645.285333333332
ID_OigK8l_Mg,-561.8582222222223
ID_OigK8l_S,-12.378517777777752
ID_OigK8l_Fe,-550.6193777777778
ID_OigK8l_Mn,-367.39453333333324
ID_OigK8l_Zn,-10.905011111111087
ID_OigK8l_Cu,-2.4986666666666713
ID_OigK8l_B,-0.5959955555555553
ID_4EQLCg_N,-6265.306666666666
ID_4EQLCg_P,-51.423260444444324
ID_4EQLCg_K,-1287.320533333333
ID_4EQLCg_Ca,-6910.055111111112
ID_4EQLCg_Mg,-1130.9756444444445
ID_4EQLCg_S,-19.133059555555565
ID_4EQLCg_Fe,-411.26912000000004
ID_4EQLCg_Mn,-401.8668622222222
ID_4EQLCg_Zn,-16.142373333333325
ID_4EQLCg_Cu,-3.2780924444444475
ID_4EQLCg_B,-1.7408906666666728
ID_R5X1sK_N,-5695.8133333333335
ID_R5X1sK_P,11.761860000000091
ID_R5X1sK_K,-1003.9313333333334
ID_R5X1sK_Ca,-4913.181333333334
ID_R5X1sK_Mg,-895.448
ID_R5X1sK_S,-11.221893333333337
ID_R5X1sK_Fe,-533.5165333333334
ID_R5X1sK_Mn,-344.35233333333343
ID_R5X1sK_Zn,-11.216966666666645
ID_R5X1sK_Cu,-2.6717266666666672
ID_R5X1sK_B,-0.7592066666666675
ID_nNqCbX_N,-5616.573333333335
ID_nNqCbX_P,11.66451333333342
ID_nNqCbX_K,-890.2606666666667
ID_nNqCbX_Ca,-4060.0493333333343
ID_nNqCbX_Mg,-763.3486666666666
ID_nNqCbX_S,-7.138186666666666
ID_nNqCbX_Fe,-542.134
ID_nNqCbX_Mn,-355.54346666666663
ID_nNqCbX_Zn,-13.52351333333334
ID_nNqCbX_Cu,-2.345013333333339
ID_nNqCbX_B,-0.5954533333333341
ID_6kaxWB_N,-5730.047111111112
ID_6kaxWB_P,11.222696000000091
ID_6kaxWB_K,-973.232
ID_6kaxWB_Ca,-6069.384888888889
ID_6kaxWB_Mg,-955.4787555555555
ID_6kaxWB_S,-12.735736000000017
ID_6kaxWB_Fe,-402.2784266666667
ID_6kaxWB_Mn,-361.6686755555555
ID_6kaxWB_Zn,-14.697273777777776
ID_6kaxWB_Cu,-2.9038684444444467
ID_6kaxWB_B,-0.8040871111111114
ID_ewdHJU_N,-6112.165333333334
ID_ewdHJU_P,-48.53680622222217
ID_ewdHJU_K,-1257.8490666666669
ID_ewdHJU_Ca,-5669.8638222222235
ID_ewdHJU_Mg,-1006.0619555555558
ID_ewdHJU_S,-15.451032000000016
ID_ewdHJU_Fe,-459.05673777777787
ID_ewdHJU_Mn,-308.4086222222221
ID_ewdHJU_Zn,-15.590406222222226
ID_ewdHJU_Cu,-2.2301795555555586
ID_ewdHJU_B,-1.3428968888888912
ID_OlMqVQ_N,-5347.577777777778
ID_OlMqVQ_P,7.2394928888888685
ID_OlMqVQ_K,-1111.998888888889
ID_OlMqVQ_Ca,-6121.4978222222235
ID_OlMqVQ_Mg,-910.0706666666667
ID_OlMqVQ_S,-13.845837777777774
ID_OlMqVQ_Fe,-363.3675466666668
ID_OlMqVQ_Mn,-377.25980888888887
ID_OlMqVQ_Zn,-15.203083555555532
ID_OlMqVQ_Cu,-2.9473386666666705
ID_OlMqVQ_B,-1.1481151111111112
ID_K1vBvJ_N,-5113.866666666667
ID_K1vBvJ_P,12.11607466666674
ID_K1vBvJ_K,-879.3084444444445
ID_K1vBvJ_Ca,-4330.6656
ID_K1vBvJ_Mg,-807.0087111111112
ID_K1vBvJ_S,-6.649973333333342
ID_K1vBvJ_Fe,-456.8610133333332
ID_K1vBvJ_Mn,-349.78325333333316
ID_K1vBvJ_Zn,-10.23152711111109
ID_K1vBvJ_Cu,-2.740103111111112
ID_K1vBvJ_B,-0.7373937777777781
ID_SSDJLI_N,-6674.777777777778
ID_SSDJLI_P,-4.033293333333326
ID_SSDJLI_K,-556.4320000000001
ID_SSDJLI_Ca,-4462.526222222223
ID_SSDJLI_Mg,-594.2524444444446
ID_SSDJLI_S,-11.519075555555531
ID_SSDJLI_Fe,-464.92240000000004
ID_SSDJLI_Mn,-406.44648888888884
ID_SSDJLI_Zn,-12.047746666666661
ID_SSDJLI_Cu,-2.2580844444444454
ID_SSDJLI_B,-0.6481022222222227
ID_ilMe5T_N,-6559.0088888888895
ID_ilMe5T_P,-9.703573333333281
ID_ilMe5T_K,-409.26177777777787
ID_ilMe5T_Ca,-4588.8062222222225
ID_ilMe5T_Mg,-571.8564444444445
ID_ilMe5T_S,-11.301422222222214
ID_ilMe5T_Fe,-454.43720000000013
ID_ilMe5T_Mn,-390.2559555555556
ID_ilMe5T_Zn,-11.962924444444441
ID_ilMe5T_Cu,-2.63819555555556
ID_ilMe5T_B,-0.5804400000000002
ID_IRSLPu_N,-6173.797777777778
ID_IRSLPu_P,-2.9956071111111484
ID_IRSLPu_K,-1057.1404
ID_IRSLPu_Ca,-6271.840311111112
ID_IRSLPu_Mg,-910.2886666666669
ID_IRSLPu_S,-10.359533333333346
ID_IRSLPu_Fe,-427.0206400000001
ID_IRSLPu_Mn,-390.18188
ID_IRSLPu_Zn,-12.564363111111078
ID_IRSLPu_Cu,-2.7666408888888907
ID_IRSLPu_B,-1.796544000000008
ID_boAkmh_N,-6566.936888888889
ID_boAkmh_P,9.512803555555625
ID_boAkmh_K,-558.6439111111112
ID_boAkmh_Ca,-6308.966400000001
ID_boAkmh_Mg,-675.0108444444445
ID_boAkmh_S,-10.737742222222206
ID_boAkmh_Fe,-482.85781333333335
ID_boAkmh_Mn,-400.9218844444445
ID_boAkmh_Zn,-8.689123555555517
ID_boAkmh_Cu,-3.4575715555555546
ID_boAkmh_B,-0.6976284444444446
ID_8TJCiQ_N,-6692.671111111111
ID_8TJCiQ_P,10.748115555555628
ID_8TJCiQ_K,-458.1506666666667
ID_8TJCiQ_Ca,-4589.314666666667
ID_8TJCiQ_Mg,-567.344
ID_8TJCiQ_S,-11.40550666666665
ID_8TJCiQ_Fe,-448.3622666666667
ID_8TJCiQ_Mn,-390.6431555555556
ID_8TJCiQ_Zn,-10.87856888888887
ID_8TJCiQ_Cu,-2.653497777777782
ID_8TJCiQ_B,-0.6187200000000007
ID_A1RYsb_N,-6233.323555555555
ID_A1RYsb_P,8.12194666666677
ID_A1RYsb_K,-954.4031111111112
ID_A1RYsb_Ca,-4794.658399999999
ID_A1RYsb_Mg,-990.583511111111
ID_A1RYsb_S,-11.802470666666665
ID_A1RYsb_Fe,-579.5464044444444
ID_A1RYsb_Mn,-410.43987555555555
ID_A1RYsb_Zn,-12.475722222222206
ID_A1RYsb_Cu,-2.8249848888888898
ID_A1RYsb_B,-0.8168684444444443
ID_3spvvp_N,-6781.872444444444
ID_3spvvp_P,10.434355555555644
ID_3spvvp_K,-466.51057777777794
ID_3spvvp_Ca,-6028.479644444445
ID_3spvvp_Mg,-661.1292000000001
ID_3spvvp_S,-10.87265688888888
ID_3spvvp_Fe,-451.34508000000005
ID_3spvvp_Mn,-389.3602622222222
ID_3spvvp_Zn,-11.436382666666644
ID_3spvvp_Cu,-2.611860888888893
ID_3spvvp_B,-0.5519577777777782
ID_o5a8FZ_N,-6580.576000000001
ID_o5a8FZ_P,10.164046222222304
ID_o5a8FZ_K,-1168.1479111111112
ID_o5a8FZ_Ca,-5888.249600000001
ID_o5a8FZ_Mg,-899.8222222222223
ID_o5a8FZ_S,-13.544014222222252
ID_o5a8FZ_Fe,-554.4477155555556
ID_o5a8FZ_Mn,-407.72053333333344
ID_o5a8FZ_Zn,-12.1352391111111
ID_o5a8FZ_Cu,-2.9197724444444466
ID_o5a8FZ_B,-0.6998684444444456
ID_ih90Yv_N,-6160.378666666667
ID_ih90Yv_P,10.347010222222309
ID_ih90Yv_K,-1077.6905333333336
ID_ih90Yv_Ca,-6073.252
ID_ih90Yv_Mg,-974.4242666666668
ID_ih90Yv_S,-12.353555111111135
ID_ih90Yv_Fe,-538.7001022222223
ID_ih90Yv_Mn,-391.9157066666668
ID_ih90Yv_Zn,-12.823831555555548
ID_ih90Yv_Cu,-2.7643155555555587
ID_ih90Yv_B,-0.6366871111111124
ID_gmMAKt_N,-5955.644888888889
ID_gmMAKt_P,-38.62580177777781
ID_gmMAKt_K,-1277.4274222222223
ID_gmMAKt_Ca,-6550.532755555555
ID_gmMAKt_Mg,-1080.873022222222
ID_gmMAKt_S,-17.481850666666716
ID_gmMAKt_Fe,-421.870222222222
ID_gmMAKt_Mn,-386.09967555555534
ID_gmMAKt_Zn,-18.145158222222232
ID_gmMAKt_Cu,-2.6972195555555585
ID_gmMAKt_B,-1.4781444444444458
ID_SjxaRc_N,-6632.439555555557
ID_SjxaRc_P,-1.5752613333332093
ID_SjxaRc_K,-1093.5488
ID_SjxaRc_Ca,-4701.476088888888
ID_SjxaRc_Mg,-956.0105333333333
ID_SjxaRc_S,-8.916551111111119
ID_SjxaRc_Fe,-542.4422266666666
ID_SjxaRc_Mn,-416.9290888888887
ID_SjxaRc_Zn,-14.403602666666675
ID_SjxaRc_Cu,-2.22603466666667
ID_SjxaRc_B,-0.6233120000000008
ID_ramHr0_N,-6585.732888888888
ID_ramHr0_P,-2.0871262222220963
ID_ramHr0_K,-1129.0559111111108
ID_ramHr0_Ca,-4814.335466666666
ID_ramHr0_Mg,-950.2851999999999
ID_ramHr0_S,-8.969686222222222
ID_ramHr0_Fe,-601.8159422222221
ID_ramHr0_Mn,-385.6567155555554
ID_ramHr0_Zn,-12.005441333333307
ID_ramHr0_Cu,-2.5392706666666713
ID_ramHr0_B,-0.6203488888888894
ID_ozdMO0_N,-6285.20311111111
ID_ozdMO0_P,-5.429013333333259
ID_ozdMO0_K,-639.0276444444444
ID_ozdMO0_Ca,-6430.2204
ID_ozdMO0_Mg,-879.7983111111112
ID_ozdMO0_S,-8.553494666666651
ID_ozdMO0_Fe,-600.6457644444446
ID_ozdMO0_Mn,-398.5864266666666
ID_ozdMO0_Zn,-12.244197777777748
ID_ozdMO0_Cu,-2.5563462222222273
ID_ozdMO0_B,-0.5982511111111114
ID_ivVud9_N,-6502.640000000001
ID_ivVud9_P,-0.04791999999987695
ID_ivVud9_K,-1174.8324444444447
ID_ivVud9_Ca,-4555.620444444446
ID_ivVud9_Mg,-988.7906666666668
ID_ivVud9_S,-9.322008888888899
ID_ivVud9_Fe,-544.2847111111112
ID_ivVud9_Mn,-366.6162222222222
ID_ivVud9_Zn,-11.41204444444443
ID_ivVud9_Cu,-2.525017777777781
ID_ivVud9_B,-0.6097733333333345
ID_LXjN30_N,-6880.286222222222
ID_LXjN30_P,9.785909333333386
ID_LXjN30_K,-473.35457777777765
ID_LXjN30_Ca,-4264.547777777777
ID_LXjN30_Mg,-559.26
ID_LXjN30_S,-11.726132888888863
ID_LXjN30_Fe,-531.9271999999999
ID_LXjN30_Mn,-372.927391111111
ID_LXjN30_Zn,-15.011592888888897
ID_LXjN30_Cu,-2.458965333333338
ID_LXjN30_B,-0.5926764444444439
ID_MXdLKi_N,-6854.224000000001
ID_MXdLKi_P,-3.721173333333276
ID_MXdLKi_K,-443.5138666666668
ID_MXdLKi_Ca,-4344.330666666667
ID_MXdLKi_Mg,-543.3000000000001
ID_MXdLKi_S,-11.550993333333306
ID_MXdLKi_Fe,-535.0187066666667
ID_MXdLKi_Mn,-368.46187999999995
ID_MXdLKi_Zn,-11.154458666666654
ID_MXdLKi_Cu,-2.3734733333333367
ID_MXdLKi_B,-0.5515159999999991
ID_hUkSYl_N,-5743.709333333334
ID_hUkSYl_P,-0.1533653333332552
ID_hUkSYl_K,-1188.8878222222224
ID_hUkSYl_Ca,-5270.813866666667
ID_hUkSYl_Mg,-899.9960000000001
ID_hUkSYl_S,-14.665265777777819
ID_hUkSYl_Fe,-450.0622844444445
ID_hUkSYl_Mn,-391.9083555555556
ID_hUkSYl_Zn,-11.957574222222204
ID_hUkSYl_Cu,-2.624216888888891
ID_hUkSYl_B,-0.7786942222222218
ID_bh8778_N,-6592.1613333333335
ID_bh8778_P,-7.574255555555482
ID_bh8778_K,-525.8468444444444
ID_bh8778_Ca,-6192.091733333332
ID_bh8778_Mg,-674.7510222222222
ID_bh8778_S,-11.024930222222192
ID_bh8778_Fe,-440.71209333333326
ID_bh8778_Mn,-423.59960444444437
ID_bh8778_Zn,-9.388110222222203
ID_bh8778_Cu,-2.526363555555561
ID_bh8778_B,-0.5717337777777776
ID_vhfxj9_N,-5246.958666666667
ID_vhfxj9_P,8.950163111111195
ID_vhfxj9_K,-871.5981777777779
ID_vhfxj9_Ca,-4381.886888888889
ID_vhfxj9_Mg,-902.9299555555556
ID_vhfxj9_S,-7.6793444444444425
ID_vhfxj9_Fe,-506.76213333333334
ID_vhfxj9_Mn,-387.1783244444444
ID_vhfxj9_Zn,-10.140590666666654
ID_vhfxj9_Cu,-2.3930857777777836
ID_vhfxj9_B,-0.6268044444444454
ID_1GYDbI_N,-6161.299111111111
ID_1GYDbI_P,-0.043644888888778155
ID_1GYDbI_K,-1105.8367555555556
ID_1GYDbI_Ca,-4474.793644444445
ID_1GYDbI_Mg,-973.707288888889
ID_1GYDbI_S,-9.136359555555572
ID_1GYDbI_Fe,-531.7715777777778
ID_1GYDbI_Mn,-370.6204977777777
ID_1GYDbI_Zn,-11.679767555555555
ID_1GYDbI_Cu,-2.252887555555559
ID_1GYDbI_B,-0.626029333333334
ID_s9adpZ_N,-6118.736000000001
ID_s9adpZ_P,-16.888735999999987
ID_s9adpZ_K,-1125.5600000000002
ID_s9adpZ_Ca,-5685.624
ID_s9adpZ_Mg,-911.6320000000002
ID_s9adpZ_S,-15.60993600000004
ID_s9adpZ_Fe,-459.7696
ID_s9adpZ_Mn,-359.1099199999999
ID_s9adpZ_Zn,-20.71947200000003
ID_s9adpZ_Cu,-2.1518560000000044
ID_s9adpZ_B,-1.200448000000001
ID_sCKp7z_N,-6129.275555555557
ID_sCKp7z_P,-13.070942222222257
ID_sCKp7z_K,-1229.7493333333334
ID_sCKp7z_Ca,-5733.608
ID_sCKp7z_Mg,-932.8617777777778
ID_sCKp7z_S,-16.7941377777778
ID_sCKp7z_Fe,-494.32222222222225
ID_sCKp7z_Mn,-366.3028444444443
ID_sCKp7z_Zn,-20.728311111111136
ID_sCKp7z_Cu,-2.161822222222224
ID_sCKp7z_B,-1.4271955555555589
ID_yInvuF_N,-6000.404444444444
ID_yInvuF_P,-19.96823555555565
ID_yInvuF_K,-1179.5208888888892
ID_yInvuF_Ca,-6401.151555555556
ID_yInvuF_Mg,-1028.0484444444446
ID_yInvuF_S,-16.45910222222225
ID_yInvuF_Fe,-434.69244444444456
ID_yInvuF_Mn,-407.11333333333334
ID_yInvuF_Zn,-16.640368888888887
ID_yInvuF_Cu,-2.354004444444448
ID_yInvuF_B,-1.1029644444444446
ID_hLqdvV_N,-6370.336
ID_hLqdvV_P,-0.967698666666621
ID_hLqdvV_K,-986.2714666666666
ID_hLqdvV_Ca,-7243.709866666666
ID_hLqdvV_Mg,-1094.9474666666667
ID_hLqdvV_S,-17.81368533333338
ID_hLqdvV_Fe,-410.8499466666667
ID_hLqdvV_Mn,-403.8566666666666
ID_hLqdvV_Zn,-17.378933333333325
ID_hLqdvV_Cu,-2.379541333333336
ID_hLqdvV_B,-1.1049920000000009
ID_StCn9M_N,-6371.324444444445
ID_StCn9M_P,-0.6884622222220997
ID_StCn9M_K,-1065.644
ID_StCn9M_Ca,-6223.523555555556
ID_StCn9M_Mg,-943.7591111111113
ID_StCn9M_S,-13.585511111111138
ID_StCn9M_Fe,-523.3284888888891
ID_StCn9M_Mn,-399.8592
ID_StCn9M_Zn,-13.093528888888875
ID_StCn9M_Cu,-2.762520000000002
ID_StCn9M_B,-0.7132222222222228
ID_Cg7Pfr_N,-5739.191111111112
ID_Cg7Pfr_P,-90.31167111111114
ID_Cg7Pfr_K,-1221.3795555555557
ID_Cg7Pfr_Ca,-7177.810222222222
ID_Cg7Pfr_Mg,-1070.972888888889
ID_Cg7Pfr_S,-15.9331555555556
ID_Cg7Pfr_Fe,-380.3568444444445
ID_Cg7Pfr_Mn,-402.44444444444446
ID_Cg7Pfr_Zn,-16.331195555555528
ID_Cg7Pfr_Cu,-2.5911155555555583
ID_Cg7Pfr_B,-1.5577288888888898
ID_mFGYxz_N,-6024.822666666667
ID_mFGYxz_P,-6.824721777777732
ID_mFGYxz_K,-1116.002488888889
ID_mFGYxz_Ca,-4453.44288888889
ID_mFGYxz_Mg,-960.7114222222223
ID_mFGYxz_S,-11.142388000000018
ID_mFGYxz_Fe,-492.7757822222222
ID_mFGYxz_Mn,-404.9935155555555
ID_mFGYxz_Zn,-13.104826666666666
ID_mFGYxz_Cu,-2.51195066666667
ID_mFGYxz_B,-0.7357680000000012
ID_juTjYy_N,-6393.312000000001
ID_juTjYy_P,9.32504177777787
ID_juTjYy_K,-1201.0510222222226
ID_juTjYy_Ca,-4896.999822222223
ID_juTjYy_Mg,-923.0087111111111
ID_juTjYy_S,-16.235100444444488
ID_juTjYy_Fe,-503.9974399999999
ID_juTjYy_Mn,-400.3160888888889
ID_juTjYy_Zn,-13.625983999999987
ID_juTjYy_Cu,-2.355591111111116
ID_juTjYy_B,-0.7609955555555565
ID_754N2A_N,-6485.936000000001
ID_754N2A_P,9.935968000000074
ID_754N2A_K,-453.7328
ID_754N2A_Ca,-4286.5488000000005
ID_754N2A_Mg,-542.44
ID_754N2A_S,-10.941744
ID_754N2A_Fe,-530.96032
ID_754N2A_Mn,-406.4043200000001
ID_754N2A_Zn,-9.21622399999997
ID_754N2A_Cu,-2.548240000000004
ID_754N2A_B,-0.5883519999999999
ID_LUq3dl_N,-6126.752
ID_LUq3dl_P,11.64971200000008
ID_LUq3dl_K,-1135.6640000000002
ID_LUq3dl_Ca,-4279.9248
ID_LUq3dl_Mg,-872.6944
ID_LUq3dl_S,-7.9104960000000055
ID_LUq3dl_Fe,-509.59407999999996
ID_LUq3dl_Mn,-416.60672
ID_LUq3dl_Zn,-15.478880000000018
ID_LUq3dl_Cu,-2.4437920000000046
ID_LUq3dl_B,-0.8829280000000009
ID_nEDqOj_N,-5823.092000000001
ID_nEDqOj_P,6.696844444444544
ID_nEDqOj_K,-1080.9778222222221
ID_nEDqOj_Ca,-4416.982044444445
ID_nEDqOj_Mg,-950.3157777777778
ID_nEDqOj_S,-8.054938666666676
ID_nEDqOj_Fe,-515.7151555555556
ID_nEDqOj_Mn,-398.526911111111
ID_nEDqOj_Zn,-12.916506666666653
ID_nEDqOj_Cu,-2.359202222222228
ID_nEDqOj_B,-0.6222528888888892
ID_zPs3hb_N,-6986.444444444445
ID_zPs3hb_P,-3.776186666666625
ID_zPs3hb_K,-443.17600000000016
ID_zPs3hb_Ca,-4178.638222222223
ID_zPs3hb_Mg,-546.6395555555556
ID_zPs3hb_S,-11.421053333333305
ID_zPs3hb_Fe,-523.3705333333334
ID_zPs3hb_Mn,-384.29151111111105
ID_zPs3hb_Zn,-9.297599999999992
ID_zPs3hb_Cu,-2.453884444444448
ID_zPs3hb_B,-0.5545288888888883
ID_kPJT6g_N,-7995.13111111111
ID_kPJT6g_P,8.358695555555652
ID_kPJT6g_K,-429.83466666666664
ID_kPJT6g_Ca,-4494.114
ID_kPJT6g_Mg,-544.2095555555555
ID_kPJT6g_S,-19.153295555555577
ID_kPJT6g_Fe,-464.65968888888887
ID_kPJT6g_Mn,-415.7839777777777
ID_kPJT6g_Zn,-14.513506666666666
ID_kPJT6g_Cu,-2.530048888888893
ID_kPJT6g_B,-0.6695444444444444
ID_72Sf9e_N,-6209.681777777778
ID_72Sf9e_P,9.489756444444538
ID_72Sf9e_K,-1002.5920000000003
ID_72Sf9e_Ca,-6367.709155555557
ID_72Sf9e_Mg,-1023.3756444444446
ID_72Sf9e_S,-13.431616000000037
ID_72Sf9e_Fe,-526.845937777778
ID_72Sf9e_Mn,-395.05457777777787
ID_72Sf9e_Zn,-13.28888888888889
ID_72Sf9e_Cu,-2.718072888888893
ID_72Sf9e_B,-0.6696533333333341
ID_oM8KBF_N,-7215.756444444443
ID_oM8KBF_P,-15.52900533333343
ID_oM8KBF_K,-549.287688888889
ID_oM8KBF_Ca,-3988.982044444445
ID_oM8KBF_Mg,-524.7553777777779
ID_oM8KBF_S,-15.14875333333335
ID_oM8KBF_Fe,-479.6908711111111
ID_oM8KBF_Mn,-396.32651555555555
ID_oM8KBF_Zn,-10.209263999999987
ID_oM8KBF_Cu,-2.4495102222222265
ID_oM8KBF_B,-0.5541533333333335
ID_kRok1T_N,-8109.2515555555565
ID_kRok1T_P,-4.239751111111062
ID_kRok1T_K,-452.85120000000006
ID_kRok1T_Ca,-4177.193244444446
ID_kRok1T_Mg,-525.5232000000001
ID_kRok1T_S,-17.446144
ID_kRok1T_Fe,-595.4536533333334
ID_kRok1T_Mn,-406.7279644444444
ID_kRok1T_Zn,-9.08610133333331
ID_kRok1T_Cu,-2.3525048888888938
ID_kRok1T_B,-0.577614222222222
ID_ufqJYp_N,-5893.808000000001
ID_ufqJYp_P,-25.989872000000148
ID_ufqJYp_K,-1179.2672000000002
ID_ufqJYp_Ca,-5836.896000000001
ID_ufqJYp_Mg,-901.0096000000002
ID_ufqJYp_S,-10.466784000000011
ID_ufqJYp_Fe,-416.5000000000001
ID_ufqJYp_Mn,-406.60064000000006
ID_ufqJYp_Zn,-17.909792
ID_ufqJYp_Cu,-2.573728
ID_ufqJYp_B,-1.341184000000003
ID_3GFP6U_N,-6025.0560000000005
ID_3GFP6U_P,-13.223744000000039
ID_3GFP6U_K,-1031.7319111111112
ID_3GFP6U_Ca,-5605.133511111112
ID_3GFP6U_Mg,-954.4234666666667
ID_3GFP6U_S,-15.920853333333355
ID_3GFP6U_Fe,-412.13952
ID_3GFP6U_Mn,-426.86705777777786
ID_3GFP6U_Zn,-14.200120888888879
ID_3GFP6U_Cu,-2.315320888888892
ID_3GFP6U_B,-0.9095822222222224
ID_4Pofwx_N,-5834.208000000001
ID_4Pofwx_P,0.16926577777788054
ID_4Pofwx_K,-985.3290666666669
ID_4Pofwx_Ca,-6730.5792
ID_4Pofwx_Mg,-923.5811555555558
ID_4Pofwx_S,-17.685575111111145
ID_4Pofwx_Fe,-426.3670044444445
ID_4Pofwx_Mn,-415.89055999999977
ID_4Pofwx_Zn,-18.160839111111123
ID_4Pofwx_Cu,-2.0858453333333387
ID_4Pofwx_B,-0.9488568888888887
ID_xy228S_N,-6089.0702222222235
ID_xy228S_P,-13.564200000000064
ID_xy228S_K,-536.4524444444445
ID_xy228S_Ca,-5869.770977777778
ID_xy228S_Mg,-632.1548444444445
ID_xy228S_S,-10.003907999999992
ID_xy228S_Fe,-426.0329866666667
ID_xy228S_Mn,-378.0404533333334
ID_xy228S_Zn,-11.034210222222201
ID_xy228S_Cu,-3.14120577777778
ID_xy228S_B,-0.5501111111111111
ID_4NOTkr_N,-5854.703111111111
ID_4NOTkr_P,-12.928485333333384
ID_4NOTkr_K,-969.0485333333335
ID_4NOTkr_Ca,-4462.9619555555555
ID_4NOTkr_Mg,-953.330488888889
ID_4NOTkr_S,-12.716373333333344
ID_4NOTkr_Fe,-507.4243022222222
ID_4NOTkr_Mn,-416.62944000000005
ID_4NOTkr_Zn,-10.208574222222204
ID_4NOTkr_Cu,-2.468938666666669
ID_4NOTkr_B,-0.6503164444444445
ID_6h00wR_N,-6688.046222222223
ID_6h00wR_P,-4.961429333333314
ID_6h00wR_K,-527.0300444444445
ID_6h00wR_Ca,-6003.928177777779
ID_6h00wR_Mg,-633.3219555555556
ID_6h00wR_S,-11.247715555555533
ID_6h00wR_Fe,-598.1406577777778
ID_6h00wR_Mn,-418.57208888888874
ID_6h00wR_Zn,-9.042047999999978
ID_6h00wR_Cu,-2.549176888888893
ID_6h00wR_B,-0.5871217777777777
ID_DOlZDT_N,-5868.844444444446
ID_DOlZDT_P,-5.1103644444443646
ID_DOlZDT_K,-752.945777777778
ID_DOlZDT_Ca,-6242.922666666667
ID_DOlZDT_Mg,-832.360888888889
ID_DOlZDT_S,-7.6767999999999965
ID_DOlZDT_Fe,-438.74533333333346
ID_DOlZDT_Mn,-407.1133333333334
ID_DOlZDT_Zn,-12.091453333333298
ID_DOlZDT_Cu,-2.4641022222222255
ID_DOlZDT_B,-0.584791111111111
ID_3p6awS_N,-4799.9839999999995
ID_3p6awS_P,15.695728000000003
ID_3p6awS_K,-924.2432000000001
ID_3p6awS_Ca,-6165.7392
ID_3p6awS_Mg,-1072.6336000000001
ID_3p6awS_S,-15.03192000000001
ID_3p6awS_Fe,-300.8440000000001
ID_3p6awS_Mn,-352.67264
ID_3p6awS_Zn,-10.558591999999996
ID_3p6awS_Cu,-7.301104000000016
ID_3p6awS_B,-1.728112000000008
ID_n4jANd_N,-5366.471111111112
ID_n4jANd_P,-3.176789333333346
ID_n4jANd_K,-1084.7440444444444
ID_n4jANd_Ca,-6684.117066666668
ID_n4jANd_Mg,-1071.4924
ID_n4jANd_S,-15.808128444444463
ID_n4jANd_Fe,-486.8844088888891
ID_n4jANd_Mn,-361.5076133333333
ID_n4jANd_Zn,-14.663170222222192
ID_n4jANd_Cu,-3.5567697777777774
ID_n4jANd_B,-1.8063782222222295
ID_iPXOb6_N,-5347.679111111112
ID_iPXOb6_P,11.28890400000008
ID_iPXOb6_K,-982.7232888888891
ID_iPXOb6_Ca,-4456.243911111112
ID_iPXOb6_Mg,-856.0749333333333
ID_iPXOb6_S,-14.292515555555578
ID_iPXOb6_Fe,-533.4291244444446
ID_iPXOb6_Mn,-375.1690488888888
ID_iPXOb6_Zn,-10.771227999999999
ID_iPXOb6_Cu,-2.8279573333333365
ID_iPXOb6_B,-0.7271128888888903
ID_DCTimV_N,-5736.355555555556
ID_DCTimV_P,-89.70906666666664
ID_DCTimV_K,-1878.7444444444445
ID_DCTimV_Ca,-7913.485333333335
ID_DCTimV_Mg,-1158.3911111111113
ID_DCTimV_S,-11.577840000000016
ID_DCTimV_Fe,-374.9365333333334
ID_DCTimV_Mn,-395.1071999999998
ID_DCTimV_Zn,-13.182653333333326
ID_DCTimV_Cu,-2.984182222222225
ID_DCTimV_B,-1.7280088888888896
ID_WEEfIT_N,-5495.236444444446
ID_WEEfIT_P,6.412739999999992
ID_WEEfIT_K,-913.7981333333333
ID_WEEfIT_Ca,-5943.474177777778
ID_WEEfIT_Mg,-891.7635111111113
ID_WEEfIT_S,-13.949169777777797
ID_WEEfIT_Fe,-510.76752
ID_WEEfIT_Mn,-360.05379555555544
ID_WEEfIT_Zn,-9.95703466666667
ID_WEEfIT_Cu,-3.06283022222222
ID_WEEfIT_B,-1.3912577777777801
ID_9OYP5W_N,-5547.828
ID_9OYP5W_P,10.188853333333416
ID_9OYP5W_K,-812.6702666666669
ID_9OYP5W_Ca,-5970.465866666667
ID_9OYP5W_Mg,-913.5762666666668
ID_9OYP5W_S,-11.093130666666692
ID_9OYP5W_Fe,-527.1801333333335
ID_9OYP5W_Mn,-369.19941333333327
ID_9OYP5W_Zn,-10.160687999999995
ID_9OYP5W_Cu,-2.7612826666666694
ID_9OYP5W_B,-1.0163346666666677
ID_Kol4mt_N,-5333.96488888889
ID_Kol4mt_P,15.756898222222237
ID_Kol4mt_K,-862.2193333333335
ID_Kol4mt_Ca,-5955.343066666668
ID_Kol4mt_Mg,-923.8676444444445
ID_Kol4mt_S,-13.074892888888915
ID_Kol4mt_Fe,-491.0622577777778
ID_Kol4mt_Mn,-358.2783066666665
ID_Kol4mt_Zn,-11.642755999999986
ID_Kol4mt_Cu,-3.183892888888888
ID_Kol4mt_B,-1.0747217777777787
ID_xN3LCc_N,-5412.013333333333
ID_xN3LCc_P,-5.994749333333395
ID_xN3LCc_K,-1004.7644
ID_xN3LCc_Ca,-6275.538266666667
ID_xN3LCc_Mg,-881.9486666666668
ID_xN3LCc_S,-11.461996000000017
ID_xN3LCc_Fe,-509.3634
ID_xN3LCc_Mn,-371.33603999999997
ID_xN3LCc_Zn,-11.892189333333315
ID_xN3LCc_Cu,-2.7222106666666686
ID_xN3LCc_B,-1.460137333333336
ID_5afadp_N,-5257.519555555556
ID_5afadp_P,-78.26257777777778
ID_5afadp_K,-1244.8384000000003
ID_5afadp_Ca,-7782.3380888888905
ID_5afadp_Mg,-1141.2475555555557
ID_5afadp_S,-11.477243555555589
ID_5afadp_Fe,-473.9623377777778
ID_5afadp_Mn,-399.44058222222213
ID_5afadp_Zn,-12.659895555555556
ID_5afadp_Cu,-3.113600000000003
ID_5afadp_B,-1.4623257777777792
ID_agCCUo_N,-5306.364444444445
ID_agCCUo_P,-52.84909511111118
ID_agCCUo_K,-1258.3253333333337
ID_agCCUo_Ca,-8279.36
ID_agCCUo_Mg,-1177.8012444444446
ID_agCCUo_S,-12.959872000000043
ID_agCCUo_Fe,-467.82343111111106
ID_agCCUo_Mn,-397.10492444444435
ID_agCCUo_Zn,-13.772878222222198
ID_agCCUo_Cu,-3.087722666666668
ID_agCCUo_B,-1.6264817777777787
ID_rQifPG_N,-6360.272000000001
ID_rQifPG_P,-100.345328
ID_rQifPG_K,-2124.0224000000003
ID_rQifPG_Ca,-9128.563200000002
ID_rQifPG_Mg,-1515.7600000000002
ID_rQifPG_S,-9.263376000000015
ID_rQifPG_Fe,-416.7764800000001
ID_rQifPG_Mn,-418.83392
ID_rQifPG_Zn,-13.222399999999974
ID_rQifPG_Cu,-7.80697600000001
ID_rQifPG_B,-1.8557920000000008
ID_zhDJTv_N,-5789.696
ID_zhDJTv_P,-15.041733333333347
ID_zhDJTv_K,-1231.4373333333333
ID_zhDJTv_Ca,-8093.268266666666
ID_zhDJTv_Mg,-1093.0322666666668
ID_zhDJTv_S,-11.387986666666691
ID_zhDJTv_Fe,-465.4954666666667
ID_zhDJTv_Mn,-422.1493599999998
ID_zhDJTv_Zn,-13.015215999999985
ID_zhDJTv_Cu,-3.506824000000001
ID_zhDJTv_B,-1.5717840000000014
ID_krLVKl_N,-5200.916000000001
ID_krLVKl_P,-35.12628000000008
ID_krLVKl_K,-1315.648266666667
ID_krLVKl_Ca,-8921.181333333334
ID_krLVKl_Mg,-1188.2544000000003
ID_krLVKl_S,-11.581826666666679
ID_krLVKl_Fe,-439.8714799999999
ID_krLVKl_Mn,-417.9461733333333
ID_krLVKl_Zn,-12.10229999999999
ID_krLVKl_Cu,-3.5224466666666645
ID_krLVKl_B,-1.648393333333334
ID_1KDyfT_N,-5146.560000000001
ID_1KDyfT_P,-9.565462222222223
ID_1KDyfT_K,-1122.7071111111113
ID_1KDyfT_Ca,-7548.207111111112
ID_1KDyfT_Mg,-1089.5017777777778
ID_1KDyfT_S,-11.283724444444474
ID_1KDyfT_Fe,-439.8003555555556
ID_1KDyfT_Mn,-393.14382222222207
ID_1KDyfT_Zn,-13.203822222222204
ID_1KDyfT_Cu,-3.656746666666669
ID_1KDyfT_B,-1.4426444444444453
ID_gELfNl_N,-7263.937333333334
ID_gELfNl_P,-7.562069333333348
ID_gELfNl_K,-437.1350666666667
ID_gELfNl_Ca,-4150.065866666667
ID_gELfNl_Mg,-530.1822666666667
ID_gELfNl_S,-11.476351999999977
ID_gELfNl_Fe,-590.1314400000002
ID_gELfNl_Mn,-383.93873333333323
ID_gELfNl_Zn,-11.698210666666661
ID_gELfNl_Cu,-2.6929560000000037
ID_gELfNl_B,-0.6365173333333332
ID_5etr3m_N,-6153.4511111111115
ID_5etr3m_P,-13.790967111111222
ID_5etr3m_K,-1203.1325777777781
ID_5etr3m_Ca,-5960.07608888889
ID_5etr3m_Mg,-871.9642666666667
ID_5etr3m_S,-13.273612000000028
ID_5etr3m_Fe,-427.0928222222223
ID_5etr3m_Mn,-394.53848888888876
ID_5etr3m_Zn,-17.349317777777756
ID_5etr3m_Cu,-2.621065333333338
ID_5etr3m_B,-1.725088444444452
ID_lRzVGy_N,-6130.966666666667
ID_lRzVGy_P,-32.349785777777996
ID_lRzVGy_K,-1147.5223111111113
ID_lRzVGy_Ca,-5659.627733333335
ID_lRzVGy_Mg,-835.8828444444446
ID_lRzVGy_S,-13.99453244444448
ID_lRzVGy_Fe,-420.4276133333334
ID_lRzVGy_Mn,-390.7682222222221
ID_lRzVGy_Zn,-14.370945777777752
ID_lRzVGy_Cu,-2.7053591111111137
ID_lRzVGy_B,-1.0857293333333322
ID_LGIKM1_N,-6268.736000000001
ID_LGIKM1_P,11.299360000000078
ID_LGIKM1_K,-510.4592
ID_LGIKM1_Ca,-5795.9856
ID_LGIKM1_Mg,-612.5008000000001
ID_LGIKM1_S,-10.196399999999983
ID_LGIKM1_Fe,-461.27295999999996
ID_LGIKM1_Mn,-389.35664
ID_LGIKM1_Zn,-8.698687999999958
ID_LGIKM1_Cu,-2.4654400000000005
ID_LGIKM1_B,-0.6472960000000009
ID_dvIPZ0_N,-5267.41688888889
ID_dvIPZ0_P,14.5801813333334
ID_dvIPZ0_K,-1005.8602666666668
ID_dvIPZ0_Ca,-5125.840355555556
ID_dvIPZ0_Mg,-849.9352888888889
ID_dvIPZ0_S,-9.853820444444459
ID_dvIPZ0_Fe,-436.2569955555555
ID_dvIPZ0_Mn,-375.06264888888893
ID_dvIPZ0_Zn,-10.529521777777772
ID_dvIPZ0_Cu,-2.49128888888889
ID_dvIPZ0_B,-0.7805653333333332
ID_dJ46ln_N,-6489.006666666667
ID_dJ46ln_P,11.145113333333391
ID_dJ46ln_K,-465.79466666666667
ID_dJ46ln_Ca,-4255.2373333333335
ID_dJ46ln_Mg,-508.9920000000001
ID_dJ46ln_S,-10.575793333333337
ID_dJ46ln_Fe,-486.8638666666667
ID_dJ46ln_Mn,-368.66426666666666
ID_dJ46ln_Zn,-36.76724666666678
ID_dJ46ln_Cu,-2.25130666666667
ID_dJ46ln_B,-0.6252266666666663
ID_dWfdAU_N,-5208.162222222222
ID_dWfdAU_P,10.313248444444529
ID_dWfdAU_K,-1081.6958222222222
ID_dWfdAU_Ca,-5029.827111111112
ID_dWfdAU_Mg,-885.6280000000002
ID_dWfdAU_S,-10.030555555555573
ID_dWfdAU_Fe,-379.13403999999997
ID_dWfdAU_Mn,-386.5604711111111
ID_dWfdAU_Zn,-10.601635999999962
ID_dWfdAU_Cu,-2.1213453333333363
ID_dWfdAU_B,-0.9505493333333342
ID_XefMpY_N,-6088.466666666667
ID_XefMpY_P,-7.518099999999947
ID_XefMpY_K,-545.674
ID_XefMpY_Ca,-5769.1646666666675
ID_XefMpY_Mg,-654.4986666666667
ID_XefMpY_S,-9.718013333333314
ID_XefMpY_Fe,-478.5553333333334
ID_XefMpY_Mn,-377.9355333333334
ID_XefMpY_Zn,-7.608186666666652
ID_XefMpY_Cu,-2.6196466666666685
ID_XefMpY_B,-0.5876133333333333
ID_ePfYIh_N,-5099.260444444445
ID_ePfYIh_P,-11.344337777777824
ID_ePfYIh_K,-890.9980444444444
ID_ePfYIh_Ca,-5674.100622222223
ID_ePfYIh_Mg,-888.3968
ID_ePfYIh_S,-10.03145244444448
ID_ePfYIh_Fe,-422.8322133333334
ID_ePfYIh_Mn,-384.3926044444445
ID_ePfYIh_Zn,-8.79054933333331
ID_ePfYIh_Cu,-4.594076444444449
ID_ePfYIh_B,-1.0033564444444456
ID_2KeFdA_N,-6031.1
ID_2KeFdA_P,3.925354222222296
ID_2KeFdA_K,-515.1951111111111
ID_2KeFdA_Ca,-4436.570177777779
ID_2KeFdA_Mg,-559.8513777777779
ID_2KeFdA_S,-10.862761333333324
ID_2KeFdA_Fe,-485.0774888888888
ID_2KeFdA_Mn,-403.52642666666657
ID_2KeFdA_Zn,-10.552900444444417
ID_2KeFdA_Cu,-3.2043119999999994
ID_2KeFdA_B,-0.6768942222222222
ID_9cSBui_N,-5266.615111111113
ID_9cSBui_P,10.481025777777862
ID_9cSBui_K,-925.2964444444444
ID_9cSBui_Ca,-5394.913955555556
ID_9cSBui_Mg,-861.3554666666668
ID_9cSBui_S,-11.068944888888911
ID_9cSBui_Fe,-570.3755822222222
ID_9cSBui_Mn,-373.3875644444445
ID_9cSBui_Zn,-9.296550222222214
ID_9cSBui_Cu,-2.6779706666666665
ID_9cSBui_B,-0.765550222222223
ID_WyjkZk_N,-5067.532888888889
ID_WyjkZk_P,11.225599555555647
ID_WyjkZk_K,-583.6748
ID_WyjkZk_Ca,-5961.940488888889
ID_WyjkZk_Mg,-661.0193333333334
ID_WyjkZk_S,-7.354661333333318
ID_WyjkZk_Fe,-436.69181333333336
ID_WyjkZk_Mn,-383.70622666666674
ID_WyjkZk_Zn,-7.878087111111089
ID_WyjkZk_Cu,-2.3258804444444454
ID_WyjkZk_B,-0.5610262222222222
ID_0YsPdg_N,-5586.735111111113
ID_0YsPdg_P,12.760968000000098
ID_0YsPdg_K,-496.7737777777778
ID_0YsPdg_Ca,-4118.278222222222
ID_0YsPdg_Mg,-526.4331555555556
ID_0YsPdg_S,-15.363028444444467
ID_0YsPdg_Fe,-456.18861333333336
ID_0YsPdg_Mn,-386.15043555555553
ID_0YsPdg_Zn,-9.920112888888866
ID_0YsPdg_Cu,-2.3624675555555585
ID_0YsPdg_B,-0.6122977777777775
ID_LTcnV5_N,-5787.663111111112
ID_LTcnV5_P,10.400471111111202
ID_LTcnV5_K,-486.57617777777784
ID_LTcnV5_Ca,-4108.084933333334
ID_LTcnV5_Mg,-549.0467555555555
ID_LTcnV5_S,-17.499757333333356
ID_LTcnV5_Fe,-416.708768888889
ID_LTcnV5_Mn,-373.7366755555557
ID_LTcnV5_Zn,-7.794155111111095
ID_LTcnV5_Cu,-4.351780000000002
ID_LTcnV5_B,-0.6102688888888895
ID_nzm0Xk_N,-5474.846222222222
ID_nzm0Xk_P,-8.881499555555507
ID_nzm0Xk_K,-491.9872888888889
ID_nzm0Xk_Ca,-4276.128711111111
ID_nzm0Xk_Mg,-574.4252444444445
ID_nzm0Xk_S,-10.660256000000004
ID_nzm0Xk_Fe,-424.33490666666677
ID_nzm0Xk_Mn,-378.2466044444445
ID_nzm0Xk_Zn,-7.560081777777759
ID_nzm0Xk_Cu,-3.0659306666666666
ID_nzm0Xk_B,-0.6207306666666669
ID_5FwFqG_N,-4700.192
ID_5FwFqG_P,5.687824000000084
ID_5FwFqG_K,-924.9536
ID_5FwFqG_Ca,-5762.0016000000005
ID_5FwFqG_Mg,-918.1312
ID_5FwFqG_S,-11.339904000000018
ID_5FwFqG_Fe,-483.38416
ID_5FwFqG_Mn,-386.1132799999998
ID_5FwFqG_Zn,-12.058159999999981
ID_5FwFqG_Cu,-2.4326560000000033
ID_5FwFqG_B,-1.272640000000002
ID_oKOQpr_N,-5381.479111111112
ID_oKOQpr_P,2.8712035555555957
ID_oKOQpr_K,-1068.5724444444447
ID_oKOQpr_Ca,-6728.274488888889
ID_oKOQpr_Mg,-910.0167111111114
ID_oKOQpr_S,-11.627470222222236
ID_oKOQpr_Fe,-493.5261866666666
ID_oKOQpr_Mn,-401.7795555555554
ID_oKOQpr_Zn,-13.484515555555523
ID_oKOQpr_Cu,-3.064177777777779
ID_oKOQpr_B,-1.5553991111111125
ID_7osXVH_N,-5469.367111111112
ID_7osXVH_P,-7.174715555555565
ID_7osXVH_K,-1048.7643555555558
ID_7osXVH_Ca,-5943.178666666667
ID_7osXVH_Mg,-890.4070666666667
ID_7osXVH_S,-11.982083111111137
ID_7osXVH_Fe,-507.406928888889
ID_7osXVH_Mn,-401.8681333333333
ID_7osXVH_Zn,-11.564276000000001
ID_7osXVH_Cu,-3.2124751111111154
ID_7osXVH_B,-1.323823111111114
ID_p6ugaC_N,-5607.093333333334
ID_p6ugaC_P,-4.760417777777818
ID_p6ugaC_K,-1031.856888888889
ID_p6ugaC_Ca,-5890.399555555556
ID_p6ugaC_Mg,-887.2044444444444
ID_p6ugaC_S,-12.296555555555578
ID_p6ugaC_Fe,-473.1758222222223
ID_p6ugaC_Mn,-400.6536444444444
ID_p6ugaC_Zn,-10.453626666666672
ID_p6ugaC_Cu,-3.278933333333338
ID_p6ugaC_B,-1.1113244444444452
ID_NLbzk1_N,-4858.2622222222235
ID_NLbzk1_P,-7.21869777777782
ID_NLbzk1_K,-1090.7924444444445
ID_NLbzk1_Ca,-6525.735111111112
ID_NLbzk1_Mg,-1036.300888888889
ID_NLbzk1_S,-11.590942222222232
ID_NLbzk1_Fe,-455.96937777777777
ID_NLbzk1_Mn,-402.6756888888889
ID_NLbzk1_Zn,-14.243199999999973
ID_NLbzk1_Cu,-3.1524088888888904
ID_NLbzk1_B,-1.394488888888892
ID_o2IQry_N,-5463.467111111111
ID_o2IQry_P,-5.078863999999982
ID_o2IQry_K,-893.2223999999999
ID_o2IQry_Ca,-6362.706666666666
ID_o2IQry_Mg,-919.8003111111111
ID_o2IQry_S,-12.843527111111136
ID_o2IQry_Fe,-530.3
ID_o2IQry_Mn,-371.1731288888888
ID_o2IQry_Zn,-11.551934666666654
ID_o2IQry_Cu,-2.975099111111113
ID_o2IQry_B,-1.3628342222222238
ID_wT1quw_N,-5312.53688888889
ID_wT1quw_P,-19.596842666666674
ID_wT1quw_K,-1121.4812444444447
ID_wT1quw_Ca,-6704.854044444446
ID_wT1quw_Mg,-991.8563555555556
ID_wT1quw_S,-11.987413333333357
ID_wT1quw_Fe,-376.64846222222224
ID_wT1quw_Mn,-402.14044444444437
ID_wT1quw_Zn,-13.35653688888886
ID_wT1quw_Cu,-2.9425208888888923
ID_wT1quw_B,-1.2670364444444442
ID_92bIAh_N,-5736.046222222223
ID_92bIAh_P,-53.19236266666661
ID_92bIAh_K,-1246.0352000000003
ID_92bIAh_Ca,-6798.471111111112
ID_92bIAh_Mg,-914.5066666666668
ID_92bIAh_S,-12.556622222222217
ID_92bIAh_Fe,-480.3315911111112
ID_92bIAh_Mn,-385.2164977777776
ID_92bIAh_Zn,-16.46112711111108
ID_92bIAh_Cu,-3.3863893333333324
ID_92bIAh_B,-1.5738666666666665
ID_i7zDLj_N,-5371.937777777779
ID_i7zDLj_P,-9.401635555555565
ID_i7zDLj_K,-888.0013333333335
ID_i7zDLj_Ca,-6095.7915555555555
ID_i7zDLj_Mg,-952.6715555555556
ID_i7zDLj_S,-11.483973333333356
ID_i7zDLj_Fe,-484.37528888888903
ID_i7zDLj_Mn,-399.84844444444445
ID_i7zDLj_Zn,-9.544879999999992
ID_i7zDLj_Cu,-2.867435555555558
ID_i7zDLj_B,-0.6555822222222227
ID_u93BPg_N,-5368.698666666667
ID_u93BPg_P,1.4145253333334509
ID_u93BPg_K,-873.4440000000003
ID_u93BPg_Ca,-6094.119866666668
ID_u93BPg_Mg,-975.7313333333334
ID_u93BPg_S,-13.160296000000017
ID_u93BPg_Fe,-549.0446666666669
ID_u93BPg_Mn,-401.3943466666666
ID_u93BPg_Zn,-9.999959999999993
ID_u93BPg_Cu,-2.8528453333333337
ID_u93BPg_B,-0.6896000000000008
ID_e0iVjb_N,-5486.105777777779
ID_e0iVjb_P,0.025798222222306322
ID_e0iVjb_K,-973.5994666666668
ID_e0iVjb_Ca,-5093.921066666667
ID_e0iVjb_Mg,-911.2508444444444
ID_e0iVjb_S,-11.114312888888932
ID_e0iVjb_Fe,-451.6942133333333
ID_e0iVjb_Mn,-381.5434399999999
ID_e0iVjb_Zn,-12.28768177777777
ID_e0iVjb_Cu,-2.9481528888888873
ID_e0iVjb_B,-0.9640764444444453
ID_AVll3f_N,-5596.436888888889
ID_AVll3f_P,1.1083640000001225
ID_AVll3f_K,-980.1573333333333
ID_AVll3f_Ca,-4565.510711111112
ID_AVll3f_Mg,-983.1830222222223
ID_AVll3f_S,-12.053926222222234
ID_AVll3f_Fe,-528.3974222222222
ID_AVll3f_Mn,-413.32282222222216
ID_AVll3f_Zn,-11.588304444444427
ID_AVll3f_Cu,-2.5273253333333345
ID_AVll3f_B,-0.6813528888888889
ID_M9VzDQ_N,-5445.823111111113
ID_M9VzDQ_P,-147.918955111111
ID_M9VzDQ_K,-1863.1784444444447
ID_M9VzDQ_Ca,-7615.5487111111115
ID_M9VzDQ_Mg,-1077.0828888888889
ID_M9VzDQ_S,-10.086645777777814
ID_M9VzDQ_Fe,-364.53844888888887
ID_M9VzDQ_Mn,-405.1114888888887
ID_M9VzDQ_Zn,-16.652735111111074
ID_M9VzDQ_Cu,-3.1516288888888915
ID_M9VzDQ_B,-1.5856168888888886
ID_4aN96Y_N,-5359.235111111111
ID_4aN96Y_P,-7.672732444444435
ID_4aN96Y_K,-1001.9880444444445
ID_4aN96Y_Ca,-6233.185777777778
ID_4aN96Y_Mg,-899.5549777777777
ID_4aN96Y_S,-11.99491644444447
ID_4aN96Y_Fe,-369.2759066666668
ID_4aN96Y_Mn,-379.86801333333335
ID_4aN96Y_Zn,-11.128132444444438
ID_4aN96Y_Cu,-2.744307111111112
ID_4aN96Y_B,-1.1306217777777783
ID_IqEKsp_N,-5962.833777777779
ID_IqEKsp_P,-5.571207111111136
ID_IqEKsp_K,-467.57546666666667
ID_IqEKsp_Ca,-4351.390577777779
ID_IqEKsp_Mg,-591.4240000000001
ID_IqEKsp_S,-16.236892444444436
ID_IqEKsp_Fe,-520.0398222222223
ID_IqEKsp_Mn,-413.1746844444443
ID_IqEKsp_Zn,-10.784071111111096
ID_IqEKsp_Cu,-2.7100586666666695
ID_IqEKsp_B,-0.7032533333333337
ID_wsPfr4_N,-5217.649777777778
ID_wsPfr4_P,-5.036716888888812
ID_wsPfr4_K,-681.4682666666668
ID_wsPfr4_Ca,-6290.980711111111
ID_wsPfr4_Mg,-804.4860000000001
ID_wsPfr4_S,-7.2442648888888925
ID_wsPfr4_Fe,-425.8851022222222
ID_wsPfr4_Mn,-400.5843555555555
ID_wsPfr4_Zn,-10.49680266666666
ID_wsPfr4_Cu,-2.595099111111114
ID_wsPfr4_B,-0.6279671111111116
ID_wbiVIG_N,-5172.86488888889
ID_wbiVIG_P,-2.5398711111110686
ID_wbiVIG_K,-986.1710666666665
ID_wbiVIG_Ca,-4454.260844444444
ID_wbiVIG_Mg,-899.9782222222223
ID_wbiVIG_S,-7.626177777777773
ID_wbiVIG_Fe,-540.1325555555555
ID_wbiVIG_Mn,-360.4815155555556
ID_wbiVIG_Zn,-12.643395111111104
ID_wbiVIG_Cu,-2.8592488888888896
ID_wbiVIG_B,-0.7233560000000011
ID_zwU7N0_N,-5841.065333333334
ID_zwU7N0_P,-84.03450800000002
ID_zwU7N0_K,-1270.38
ID_zwU7N0_Ca,-7973.132800000001
ID_zwU7N0_Mg,-1151.9500000000003
ID_zwU7N0_S,-13.073420000000038
ID_zwU7N0_Fe,-475.0866493333333
ID_zwU7N0_Mn,-368.5304533333332
ID_zwU7N0_Zn,-13.992506666666655
ID_zwU7N0_Cu,-2.9406093333333367
ID_zwU7N0_B,-1.6392666666666658
ID_lMDjeb_N,-5760.017777777779
ID_lMDjeb_P,-5.059128888888893
ID_lMDjeb_K,-716.1715555555556
ID_lMDjeb_Ca,-6440.072000000001
ID_lMDjeb_Mg,-780.8417777777779
ID_lMDjeb_S,-7.567239999999998
ID_lMDjeb_Fe,-550.6637333333334
ID_lMDjeb_Mn,-368.5761777777777
ID_lMDjeb_Zn,-10.989546666666639
ID_lMDjeb_Cu,-2.32178666666667
ID_lMDjeb_B,-0.6634044444444452
ID_hQHcC6_N,-5943.390666666666
ID_hQHcC6_P,-3.479185777777701
ID_hQHcC6_K,-951.7061777777777
ID_hQHcC6_Ca,-4733.417422222223
ID_hQHcC6_Mg,-945.9962222222221
ID_hQHcC6_S,-8.437682222222232
ID_hQHcC6_Fe,-577.6284177777777
ID_hQHcC6_Mn,-394.3416444444442
ID_hQHcC6_Zn,-11.732182222222193
ID_hQHcC6_Cu,-2.841558222222223
ID_hQHcC6_B,-0.6603257777777786
ID_wu3IEY_N,-7171.725777777777
ID_wu3IEY_P,-4.287713333333251
ID_wu3IEY_K,-472.2296
ID_wu3IEY_Ca,-6468.2336
ID_wu3IEY_Mg,-751.2444888888889
ID_wu3IEY_S,-10.984501333333313
ID_wu3IEY_Fe,-565.7719555555556
ID_wu3IEY_Mn,-382.44600888888874
ID_wu3IEY_Zn,-10.512284444444427
ID_wu3IEY_Cu,-2.474283111111115
ID_wu3IEY_B,-0.5480791111111104
ID_Uc2a8O_N,-5892.032000000001
ID_Uc2a8O_P,4.931824000000084
ID_Uc2a8O_K,-1059.1328
ID_Uc2a8O_Ca,-4427.7648
ID_Uc2a8O_Mg,-883.1488000000002
ID_Uc2a8O_S,-7.403711999999995
ID_Uc2a8O_Fe,-526.2841600000002
ID_Uc2a8O_Mn,-403.01408000000004
ID_Uc2a8O_Zn,-12.018511999999982
ID_Uc2a8O_Cu,-2.5104160000000033
ID_Uc2a8O_B,-0.6483040000000008
ID_MlNul3_N,-5688.508444444445
ID_MlNul3_P,-25.438513777777857
ID_MlNul3_K,-1287.2512000000004
ID_MlNul3_Ca,-7009.454222222223
ID_MlNul3_Mg,-1099.147377777778
ID_MlNul3_S,-16.459498666666708
ID_MlNul3_Fe,-467.5337742222221
ID_MlNul3_Mn,-383.2876088888887
ID_MlNul3_Zn,-18.332522666666648
ID_MlNul3_Cu,-3.0548195555555595
ID_MlNul3_B,-1.5001955555555566
ID_sqtIUM_N,-6176.404444444444
ID_sqtIUM_P,-9.670866666666711
ID_sqtIUM_K,-1077.6462222222224
ID_sqtIUM_Ca,-5943.8351111111115
ID_sqtIUM_Mg,-918.600888888889
ID_sqtIUM_S,-11.93340888888892
ID_sqtIUM_Fe,-412.88213333333334
ID_sqtIUM_Mn,-415.2723999999999
ID_sqtIUM_Zn,-16.196115555555537
ID_sqtIUM_Cu,-2.5492666666666697
ID_sqtIUM_B,-1.3839288888888917
ID_Ft3h6v_N,-5366.979555555556
ID_Ft3h6v_P,-12.450897777777904
ID_Ft3h6v_K,-918.4817777777777
ID_Ft3h6v_Ca,-5874.6680888888895
ID_Ft3h6v_Mg,-837.9082666666668
ID_Ft3h6v_S,-9.72305777777781
ID_Ft3h6v_Fe,-383.1370311111111
ID_Ft3h6v_Mn,-377.36405333333335
ID_Ft3h6v_Zn,-16.14066844444442
ID_Ft3h6v_Cu,-2.607306666666668
ID_Ft3h6v_B,-1.2401991111111135
ID_y6EJtS_N,-5444.855111111112
ID_y6EJtS_P,-12.899131555555613
ID_y6EJtS_K,-893.9974222222222
ID_y6EJtS_Ca,-5214.1574666666675
ID_y6EJtS_Mg,-837.3655111111111
ID_y6EJtS_S,-8.976039111111138
ID_y6EJtS_Fe,-361.49956888888886
ID_y6EJtS_Mn,-381.5227466666666
ID_y6EJtS_Zn,-12.730179555555543
ID_y6EJtS_Cu,-2.844274666666665
ID_y6EJtS_B,-0.8754599999999996
ID_a2JD4x_N,-5528.96088888889
ID_a2JD4x_P,-16.858753777777864
ID_a2JD4x_K,-1112.2598666666668
ID_a2JD4x_Ca,-7202.834044444445
ID_a2JD4x_Mg,-902.3750222222225
ID_a2JD4x_S,-9.655135555555567
ID_a2JD4x_Fe,-371.98372000000006
ID_a2JD4x_Mn,-394.87083999999993
ID_a2JD4x_Zn,-15.854726666666638
ID_a2JD4x_Cu,-2.6156693333333334
ID_a2JD4x_B,-1.2652515555555581
ID_Q0Pr8A_N,-5608.500444444446
ID_Q0Pr8A_P,-33.85095377777782
ID_Q0Pr8A_K,-1030.3919111111113
ID_Q0Pr8A_Ca,-6697.729333333334
ID_Q0Pr8A_Mg,-1112.1326222222222
ID_Q0Pr8A_S,-9.24004444444449
ID_Q0Pr8A_Fe,-353.93771555555566
ID_Q0Pr8A_Mn,-395.988648888889
ID_Q0Pr8A_Zn,-17.847593777777757
ID_Q0Pr8A_Cu,-3.347372444444443
ID_Q0Pr8A_B,-1.172543111111113
ID_PTfMkd_N,-5795.364444444446
ID_PTfMkd_P,13.019640000000066
ID_PTfMkd_K,-885.0924444444445
ID_PTfMkd_Ca,-4582.084
ID_PTfMkd_Mg,-845.3751111111111
ID_PTfMkd_S,-8.184266666666662
ID_PTfMkd_Fe,-471.7702666666666
ID_PTfMkd_Mn,-392.54737777777785
ID_PTfMkd_Zn,-10.284764444444434
ID_PTfMkd_Cu,-3.0570755555555555
ID_PTfMkd_B,-0.6881911111111118
ID_a3RheP_N,-5380.784000000001
ID_a3RheP_P,10.408288000000077
ID_a3RheP_K,-870.0560000000002
ID_a3RheP_Ca,-4397.524800000001
ID_a3RheP_Mg,-876.2320000000002
ID_a3RheP_S,-7.216944000000009
ID_a3RheP_Fe,-576.5008000000001
ID_a3RheP_Mn,-394.15088
ID_a3RheP_Zn,-8.328655999999985
ID_a3RheP_Cu,-3.2184639999999995
ID_a3RheP_B,-0.646816
ID_9Tq1Mw_N,-5915.928000000001
ID_9Tq1Mw_P,-83.4999066666667
ID_9Tq1Mw_K,-2337.7063111111115
ID_9Tq1Mw_Ca,-9295.393733333334
ID_9Tq1Mw_Mg,-1052.8606666666667
ID_9Tq1Mw_S,-11.604604000000027
ID_9Tq1Mw_Fe,-352.5208355555556
ID_9Tq1Mw_Mn,-432.7204622222223
ID_9Tq1Mw_Zn,-15.593303555555542
ID_9Tq1Mw_Cu,-3.3689991111111093
ID_9Tq1Mw_B,-2.0779577777777813
ID_ryjhbJ_N,-5562.059555555556
ID_ryjhbJ_P,12.767453777777881
ID_ryjhbJ_K,-590.8322222222223
ID_ryjhbJ_Ca,-5840.514800000001
ID_ryjhbJ_Mg,-610.3791555555557
ID_ryjhbJ_S,-10.415406222222202
ID_ryjhbJ_Fe,-422.47963555555555
ID_ryjhbJ_Mn,-383.2549199999999
ID_ryjhbJ_Zn,-10.692047999999991
ID_ryjhbJ_Cu,-2.694183555555557
ID_ryjhbJ_B,-0.5603831111111109
ID_gjHe6f_N,-5403.755555555556
ID_gjHe6f_P,-29.891217777777825
ID_gjHe6f_K,-1159.4528000000003
ID_gjHe6f_Ca,-7465.847733333335
ID_gjHe6f_Mg,-880.4825777777778
ID_gjHe6f_S,-10.063122666666704
ID_gjHe6f_Fe,-346.09889777777784
ID_gjHe6f_Mn,-397.4886666666667
ID_gjHe6f_Zn,-14.537519999999985
ID_gjHe6f_Cu,-2.56650577777778
ID_gjHe6f_B,-1.3875111111111118
ID_EQGL4h_N,-5652.938222222223
ID_EQGL4h_P,-10.111524000000074
ID_EQGL4h_K,-1019.0414666666668
ID_EQGL4h_Ca,-6234.6029333333345
ID_EQGL4h_Mg,-992.977866666667
ID_EQGL4h_S,-10.255239111111134
ID_EQGL4h_Fe,-393.15545333333336
ID_EQGL4h_Mn,-386.94190222222227
ID_EQGL4h_Zn,-15.032586222222234
ID_EQGL4h_Cu,-2.9159826666666637
ID_EQGL4h_B,-0.9126271111111126
ID_3ptdlo_N,-5274.951111111112
ID_3ptdlo_P,-17.120913777777844
ID_3ptdlo_K,-1188.8170666666667
ID_3ptdlo_Ca,-6141.088355555556
ID_3ptdlo_Mg,-883.3077333333333
ID_3ptdlo_S,-8.201422222222252
ID_3ptdlo_Fe,-356.104704
ID_3ptdlo_Mn,-384.1573333333332
ID_3ptdlo_Zn,-13.969887999999974
ID_3ptdlo_Cu,-2.6461795555555545
ID_3ptdlo_B,-1.4392782222222225
ID_rbvSIa_N,-5713.624000000001
ID_rbvSIa_P,-5.045049333333338
ID_rbvSIa_K,-1109.862488888889
ID_rbvSIa_Ca,-6550.642933333335
ID_rbvSIa_Mg,-915.6272444444445
ID_rbvSIa_S,-13.211215555555583
ID_rbvSIa_Fe,-498.3250488888889
ID_rbvSIa_Mn,-345.656591111111
ID_rbvSIa_Zn,-13.812146666666624
ID_rbvSIa_Cu,-2.3397484444444485
ID_rbvSIa_B,-1.1987880000000015
ID_hfTw8e_N,-5506.222222222223
ID_hfTw8e_P,-7.556452444444396
ID_hfTw8e_K,-997.6402666666668
ID_hfTw8e_Ca,-4871.876977777777
ID_hfTw8e_Mg,-870.8813333333336
ID_hfTw8e_S,-10.609752888888924
ID_hfTw8e_Fe,-497.8899555555554
ID_hfTw8e_Mn,-404.3711288888889
ID_hfTw8e_Zn,-10.291772444444444
ID_hfTw8e_Cu,-2.637219555555555
ID_hfTw8e_B,-0.6785359999999998
ID_FRqSma_N,-5310.614666666668
ID_FRqSma_P,10.739507111111173
ID_FRqSma_K,-827.1891555555557
ID_FRqSma_Ca,-4402.567822222222
ID_FRqSma_Mg,-949.4560000000001
ID_FRqSma_S,-7.550385333333342
ID_FRqSma_Fe,-468.3229200000002
ID_FRqSma_Mn,-369.3425333333332
ID_FRqSma_Zn,-9.478888000000003
ID_FRqSma_Cu,-2.8209471111111144
ID_FRqSma_B,-0.6845017777777787
ID_NQ19P7_N,-4525.844444444445
ID_NQ19P7_P,-36.910923999999994
ID_NQ19P7_K,-1049.0379555555555
ID_NQ19P7_Ca,-7235.286
ID_NQ19P7_Mg,-1107.1329333333335
ID_NQ19P7_S,-11.397479999999991
ID_NQ19P7_Fe,-471.7310400000001
ID_NQ19P7_Mn,-327.0379155555555
ID_NQ19P7_Zn,-8.305605777777775
ID_NQ19P7_Cu,-3.1087262222222223
ID_NQ19P7_B,-1.1547182222222236
ID_TGULkX_N,-5453.875555555557
ID_TGULkX_P,-61.05274666666679
ID_TGULkX_K,-1558.101777777778
ID_TGULkX_Ca,-9007.52088888889
ID_TGULkX_Mg,-1456.9995555555558
ID_TGULkX_S,-13.971537777777812
ID_TGULkX_Fe,-309.9152888888888
ID_TGULkX_Mn,-391.41853333333313
ID_TGULkX_Zn,-8.338986666666681
ID_TGULkX_Cu,-8.187671111111133
ID_TGULkX_B,-1.355328888888888
ID_ylwRA2_N,-5284.68
ID_ylwRA2_P,12.529946666666728
ID_ylwRA2_K,-874.926
ID_ylwRA2_Ca,-5832.729333333334
ID_ylwRA2_Mg,-951.6019999999999
ID_ylwRA2_S,-9.127773333333348
ID_ylwRA2_Fe,-362.6232
ID_ylwRA2_Mn,-342.1524666666666
ID_ylwRA2_Zn,-10.476179999999998
ID_ylwRA2_Cu,-2.9459866666666685
ID_ylwRA2_B,-0.9130199999999995
ID_bwS8fs_N,-5633.846222222222
ID_bwS8fs_P,-3.792604444444464
ID_bwS8fs_K,-1007.2886222222221
ID_bwS8fs_Ca,-5553.37688888889
ID_bwS8fs_Mg,-877.1235555555558
ID_bwS8fs_S,-10.653801777777819
ID_bwS8fs_Fe,-436.1282311111111
ID_bwS8fs_Mn,-373.81392
ID_bwS8fs_Zn,-14.002667555555547
ID_bwS8fs_Cu,-2.662329777777779
ID_bwS8fs_B,-1.0649413333333333
ID_22FQMU_N,-5277.733333333334
ID_22FQMU_P,-0.3792631111110154
ID_22FQMU_K,-940.9279111111111
ID_22FQMU_Ca,-4466.236177777777
ID_22FQMU_Mg,-955.4552
ID_22FQMU_S,-7.124048888888893
ID_22FQMU_Fe,-481.92164444444455
ID_22FQMU_Mn,-392.6338666666667
ID_22FQMU_Zn,-9.175568888888886
ID_22FQMU_Cu,-2.5042248888888916
ID_22FQMU_B,-0.5925582222222225
ID_unpXEZ_N,-5482.535111111111
ID_unpXEZ_P,-45.81428266666667
ID_unpXEZ_K,-1014.2080000000001
ID_unpXEZ_Ca,-7768.004266666668
ID_unpXEZ_Mg,-1086.3989333333334
ID_unpXEZ_S,-9.865144888888903
ID_unpXEZ_Fe,-374.8503111111112
ID_unpXEZ_Mn,-395.88206222222215
ID_unpXEZ_Zn,-12.509311999999978
ID_unpXEZ_Cu,-2.7848000000000033
ID_unpXEZ_B,-1.4269368888888896
ID_ifOMiz_N,-5497.5235555555555
ID_ifOMiz_P,-9.921261777777886
ID_ifOMiz_K,-997.1122222222223
ID_ifOMiz_Ca,-5783.2332
ID_ifOMiz_Mg,-881.6682222222224
ID_ifOMiz_S,-8.765074666666674
ID_ifOMiz_Fe,-371.1508533333333
ID_ifOMiz_Mn,-399.21711111111114
ID_ifOMiz_Zn,-15.157211555555543
ID_ifOMiz_Cu,-2.455614666666667
ID_ifOMiz_B,-1.0902631111111116
ID_RcMLS2_N,-5306.890666666667
ID_RcMLS2_P,-31.865016888889016
ID_RcMLS2_K,-1814.2407111111113
ID_RcMLS2_Ca,-7566.715733333334
ID_RcMLS2_Mg,-928.0416
ID_RcMLS2_S,-8.71245511111114
ID_RcMLS2_Fe,-373.0684444444445
ID_RcMLS2_Mn,-401.1851377777778
ID_RcMLS2_Zn,-13.92602311111109
ID_RcMLS2_Cu,-2.647843555555553
ID_RcMLS2_B,-1.635537777777779
ID_Q22lkl_N,-5402.844444444446
ID_Q22lkl_P,-10.091155555555616
ID_Q22lkl_K,-905.7733333333334
ID_Q22lkl_Ca,-4742.080000000001
ID_Q22lkl_Mg,-907.7600000000001
ID_Q22lkl_S,-9.822888888888926
ID_Q22lkl_Fe,-456.42266666666666
ID_Q22lkl_Mn,-367.6013333333333
ID_Q22lkl_Zn,-11.522933333333318
ID_Q22lkl_Cu,-2.62928888888889
ID_Q22lkl_B,-0.6434222222222227
ID_UZkX5N_N,-5484.2586666666675
ID_UZkX5N_P,-38.01431822222226
ID_UZkX5N_K,-1179.1134666666667
ID_UZkX5N_Ca,-7726.201955555557
ID_UZkX5N_Mg,-945.0038222222224
ID_UZkX5N_S,-9.367281777777809
ID_UZkX5N_Fe,-361.53243555555565
ID_UZkX5N_Mn,-401.19002222222224
ID_UZkX5N_Zn,-14.45083911111107
ID_UZkX5N_Cu,-2.5191315555555582
ID_UZkX5N_B,-1.3970280000000004
ID_OomVFV_N,-5882.346222222223
ID_OomVFV_P,-102.52713866666664
ID_OomVFV_K,-2311.0736
ID_OomVFV_Ca,-18043.199022222223
ID_OomVFV_Mg,-1334.231777777778
ID_OomVFV_S,-25.730625333333357
ID_OomVFV_Fe,-242.44771288888893
ID_OomVFV_Mn,-437.24474222222227
ID_OomVFV_Zn,-15.999818666666657
ID_OomVFV_Cu,-4.6153328888888945
ID_OomVFV_B,-3.8761466666666498
ID_lrAZFl_N,-5667.50488888889
ID_lrAZFl_P,-52.481994666666566
ID_lrAZFl_K,-1053.1243555555557
ID_lrAZFl_Ca,-7935.475822222224
ID_lrAZFl_Mg,-1147.9958666666669
ID_lrAZFl_S,-10.3200026666667
ID_lrAZFl_Fe,-362.78718222222227
ID_lrAZFl_Mn,-387.3662888888888
ID_lrAZFl_Zn,-13.33036666666664
ID_lrAZFl_Cu,-2.8083515555555576
ID_lrAZFl_B,-1.203099555555557
ID_rJH7qw_N,-6140.3351111111115
ID_rJH7qw_P,-62.73754800000006
ID_rJH7qw_K,-1903.2514222222226
ID_rJH7qw_Ca,-8039.4076000000005
ID_rJH7qw_Mg,-1119.342488888889
ID_rJH7qw_S,-16.279481777777814
ID_rJH7qw_Fe,-339.4852044444444
ID_rJH7qw_Mn,-396.56952444444437
ID_rJH7qw_Zn,-14.724996888888867
ID_rJH7qw_Cu,-2.7097342222222247
ID_rJH7qw_B,-1.9051115555555562
ID_q4sfsA_N,-5955.795555555555
ID_q4sfsA_P,-70.08188799999996
ID_q4sfsA_K,-2053.2251555555554
ID_q4sfsA_Ca,-8791.307688888888
ID_q4sfsA_Mg,-1293.8805333333332
ID_q4sfsA_S,-10.699942222222234
ID_q4sfsA_Fe,-405.4239511111111
ID_q4sfsA_Mn,-435.6418888888889
ID_q4sfsA_Zn,-12.224359999999988
ID_q4sfsA_Cu,-4.3349160000000015
ID_q4sfsA_B,-1.80192711111111
ID_WQ3EpH_N,-5772.433777777779
ID_WQ3EpH_P,-48.21548088888892
ID_WQ3EpH_K,-1312.1699555555556
ID_WQ3EpH_Ca,-8279.678577777779
ID_WQ3EpH_Mg,-1206.8017777777777
ID_WQ3EpH_S,-10.961144888888931
ID_WQ3EpH_Fe,-387.905208888889
ID_WQ3EpH_Mn,-416.27783111111114
ID_WQ3EpH_Zn,-12.606236444444425
ID_WQ3EpH_Cu,-2.9718897777777786
ID_WQ3EpH_B,-1.3579804444444419
ID_X6ZMi5_N,-5665.898666666667
ID_X6ZMi5_P,-89.96676622222213
ID_X6ZMi5_K,-1727.3429333333333
ID_X6ZMi5_Ca,-8232.357333333332
ID_X6ZMi5_Mg,-1185.5640888888888
ID_X6ZMi5_S,-8.385848888888923
ID_X6ZMi5_Fe,-336.46968888888904
ID_X6ZMi5_Mn,-367.4540088888888
ID_X6ZMi5_Zn,-12.254673777777752
ID_X6ZMi5_Cu,-3.0381440000000013
ID_X6ZMi5_B,-1.6351680000000002
ID_NPMJmn_N,-5243.893333333334
ID_NPMJmn_P,-47.42533333333343
ID_NPMJmn_K,-1267.2246666666667
ID_NPMJmn_Ca,-6892.338000000001
ID_NPMJmn_Mg,-1181.1740000000002
ID_NPMJmn_S,-8.916373333333379
ID_NPMJmn_Fe,-344.1231333333334
ID_NPMJmn_Mn,-392.4306666666667
ID_NPMJmn_Zn,-26.93448666666665
ID_NPMJmn_Cu,-3.516673333333332
ID_NPMJmn_B,-1.3933133333333332
ID_8H4S0S_N,-5464.393333333334
ID_8H4S0S_P,-57.548780000000065
ID_8H4S0S_K,-1977.8226666666667
ID_8H4S0S_Ca,-7126.105333333335
ID_8H4S0S_Mg,-945.9926666666667
ID_8H4S0S_S,-10.2181866666667
ID_8H4S0S_Fe,-351.22113333333334
ID_8H4S0S_Mn,-432.04879999999997
ID_8H4S0S_Zn,-27.670606666666682
ID_8H4S0S_Cu,-2.4467000000000025
ID_8H4S0S_B,-1.9470600000000036
ID_wkMlEs_N,-5275.043555555556
ID_wkMlEs_P,-28.639075555555635
ID_wkMlEs_K,-1736.6104888888892
ID_wkMlEs_Ca,-6528.915911111111
ID_wkMlEs_Mg,-931.8087111111113
ID_wkMlEs_S,-8.595744000000025
ID_wkMlEs_Fe,-367.76287288888904
ID_wkMlEs_Mn,-400.7913244444444
ID_wkMlEs_Zn,-16.022894222222195
ID_wkMlEs_Cu,-2.5925155555555564
ID_wkMlEs_B,-1.6325795555555556
ID_AqPCuw_N,-5478.72
ID_AqPCuw_P,-34.66438000000008
ID_AqPCuw_K,-1013.2133333333334
ID_AqPCuw_Ca,-6146.175333333334
ID_AqPCuw_Mg,-896.4093333333333
ID_AqPCuw_S,-10.584193333333374
ID_AqPCuw_Fe,-440.63073333333335
ID_AqPCuw_Mn,-384.48519999999985
ID_AqPCuw_Zn,-15.587999999999955
ID_AqPCuw_Cu,-2.8992733333333325
ID_AqPCuw_B,-1.4527666666666663
ID_JgAqHV_N,-5551.312000000001
ID_JgAqHV_P,-47.549112000000065
ID_JgAqHV_K,-1152.829511111111
ID_JgAqHV_Ca,-6438.930133333334
ID_JgAqHV_Mg,-1072.5240444444446
ID_JgAqHV_S,-15.403603555555613
ID_JgAqHV_Fe,-402.01457777777784
ID_JgAqHV_Mn,-395.9346577777777
ID_JgAqHV_Zn,-15.78301288888885
ID_JgAqHV_Cu,-2.7874875555555567
ID_JgAqHV_B,-1.4912831111111116
ID_7PAZtU_N,-5632.928
ID_7PAZtU_P,-33.38273600000004
ID_7PAZtU_K,-1211.4992000000002
ID_7PAZtU_Ca,-7672.382400000001
ID_7PAZtU_Mg,-977.6224000000001
ID_7PAZtU_S,-10.26091200000003
ID_7PAZtU_Fe,-367.1080000000001
ID_7PAZtU_Mn,-397.19744
ID_7PAZtU_Zn,-17.621839999999978
ID_7PAZtU_Cu,-2.5571680000000017
ID_7PAZtU_B,-1.60168
ID_CxViQQ_N,-5718.474666666667
ID_CxViQQ_P,-6.073813333333348
ID_CxViQQ_K,-958.0259555555557
ID_CxViQQ_Ca,-6383.085511111112
ID_CxViQQ_Mg,-1069.3105777777778
ID_CxViQQ_S,-12.404501333333371
ID_CxViQQ_Fe,-423.89553777777786
ID_CxViQQ_Mn,-413.58734222222216
ID_CxViQQ_Zn,-12.003477333333318
ID_CxViQQ_Cu,-3.0286364444444507
ID_CxViQQ_B,-0.8537315555555558
ID_KMksfd_N,-5503.772444444445
ID_KMksfd_P,-13.706289777777869
ID_KMksfd_K,-951.9000888888891
ID_KMksfd_Ca,-6123.23288888889
ID_KMksfd_Mg,-852.9367111111113
ID_KMksfd_S,-9.551166222222246
ID_KMksfd_Fe,-420.1858311111113
ID_KMksfd_Mn,-388.3721955555556
ID_KMksfd_Zn,-9.538983999999983
ID_KMksfd_Cu,-2.7855253333333323
ID_KMksfd_B,-1.307610666666669
ID_wteZ6l_N,-5726.459111111111
ID_wteZ6l_P,-7.557885777777848
ID_wteZ6l_K,-1043.0475111111114
ID_wteZ6l_Ca,-6252.873777777779
ID_wteZ6l_Mg,-920.8551111111112
ID_wteZ6l_S,-10.465101777777797
ID_wteZ6l_Fe,-405.23171111111117
ID_wteZ6l_Mn,-396.6798533333334
ID_wteZ6l_Zn,-11.164322222222216
ID_wteZ6l_Cu,-2.7099244444444457
ID_wteZ6l_B,-1.4019737777777816
ID_gCiaUW_N,-5501.275555555556
ID_gCiaUW_P,-6.251757333333366
ID_gCiaUW_K,-1102.976
ID_gCiaUW_Ca,-6012.017688888889
ID_gCiaUW_Mg,-844.3860444444445
ID_gCiaUW_S,-10.641505777777816
ID_gCiaUW_Fe,-374.1092800000001
ID_gCiaUW_Mn,-388.5611111111112
ID_gCiaUW_Zn,-14.238223111111083
ID_gCiaUW_Cu,-2.688570666666666
ID_gCiaUW_B,-1.0399253333333331
ID_XqN0Kx_N,-5257.004444444445
ID_XqN0Kx_P,-5.10822933333322
ID_XqN0Kx_K,-1002.8224888888892
ID_XqN0Kx_Ca,-4447.057244444444
ID_XqN0Kx_Mg,-879.432
ID_XqN0Kx_S,-6.803363555555556
ID_XqN0Kx_Fe,-502.59400000000005
ID_XqN0Kx_Mn,-389.52641777777774
ID_XqN0Kx_Zn,-11.29439111111111
ID_XqN0Kx_Cu,-2.607398222222223
ID_XqN0Kx_B,-0.6807973333333345
ID_wChNiV_N,-5518.37688888889
ID_wChNiV_P,-3.6241822222222524
ID_wChNiV_K,-962.8298666666668
ID_wChNiV_Ca,-4502.111288888889
ID_wChNiV_Mg,-889.4760888888891
ID_wChNiV_S,-7.1304088888888835
ID_wChNiV_Fe,-516.4225244444445
ID_wChNiV_Mn,-392.7676622222222
ID_wChNiV_Zn,-10.094895111111091
ID_wChNiV_Cu,-2.5790844444444465
ID_wChNiV_B,-0.6044773333333344
ID_Rb3FTI_N,-5754.656444444445
ID_Rb3FTI_P,-8.537409333333379
ID_Rb3FTI_K,-668.926
ID_Rb3FTI_Ca,-6215.2329777777795
ID_Rb3FTI_Mg,-817.5756888888891
ID_Rb3FTI_S,-7.713061777777767
ID_Rb3FTI_Fe,-443.8957777777779
ID_Rb3FTI_Mn,-388.64134666666666
ID_Rb3FTI_Zn,-11.450673777777764
ID_Rb3FTI_Cu,-3.0214102222222237
ID_Rb3FTI_B,-0.6716155555555556
ID_6NCH6f_N,-6627.399111111112
ID_6NCH6f_P,-6.698747111111132
ID_6NCH6f_K,-625.8331111111113
ID_6NCH6f_Ca,-6175.139466666667
ID_6NCH6f_Mg,-747.6910666666668
ID_6NCH6f_S,-8.26109199999999
ID_6NCH6f_Fe,-508.516671111111
ID_6NCH6f_Mn,-394.9046044444443
ID_6NCH6f_Zn,-9.889880888888872
ID_6NCH6f_Cu,-3.120328888888891
ID_6NCH6f_B,-0.5595271111111112
ID_U7xw7b_N,-5335.362222222222
ID_U7xw7b_P,13.27739200000007
ID_U7xw7b_K,-514.3153333333333
ID_U7xw7b_Ca,-5897.852533333334
ID_U7xw7b_Mg,-648.4949333333334
ID_U7xw7b_S,-10.174251999999989
ID_U7xw7b_Fe,-403.1221466666667
ID_U7xw7b_Mn,-395.54993333333334
ID_U7xw7b_Zn,-9.710739111111108
ID_U7xw7b_Cu,-4.888872444444448
ID_U7xw7b_B,-0.5445471111111109
ID_lcG0WQ_N,-6889.795555555557
ID_lcG0WQ_P,9.59130311111118
ID_lcG0WQ_K,-508.16924444444453
ID_lcG0WQ_Ca,-5154.609777777779
ID_lcG0WQ_Mg,-626.8209777777779
ID_lcG0WQ_S,-11.09454933333334
ID_lcG0WQ_Fe,-443.55128888888896
ID_lcG0WQ_Mn,-391.73440000000005
ID_lcG0WQ_Zn,-11.070741333333316
ID_lcG0WQ_Cu,-2.7002524444444482
ID_lcG0WQ_B,-0.7371520000000004
ID_L5zPEo_N,-5670.697777777778
ID_L5zPEo_P,-37.986626666666794
ID_L5zPEo_K,-1081.8262222222224
ID_L5zPEo_Ca,-6128.99688888889
ID_L5zPEo_Mg,-860.6284444444445
ID_L5zPEo_S,-12.191933333333356
ID_L5zPEo_Fe,-496.3247111111112
ID_L5zPEo_Mn,-398.23266666666666
ID_L5zPEo_Zn,-13.340124444444418
ID_L5zPEo_Cu,-2.996551111111114
ID_L5zPEo_B,-1.3330844444444463
ID_q0dfej_N,-5826.322666666667
ID_q0dfej_P,-15.871971111111137
ID_q0dfej_K,-1155.3974666666668
ID_q0dfej_Ca,-6762.796977777778
ID_q0dfej_Mg,-1070.4418666666668
ID_q0dfej_S,-17.81557733333337
ID_q0dfej_Fe,-373.63780444444444
ID_q0dfej_Mn,-437.35948888888873
ID_q0dfej_Zn,-15.386803111111073
ID_q0dfej_Cu,-3.0651475555555563
ID_q0dfej_B,-1.2979973333333357
ID_F0losl_N,-5800.759555555556
ID_F0losl_P,-67.33126711111113
ID_F0losl_K,-1302.9202222222223
ID_F0losl_Ca,-6771.3247111111095
ID_F0losl_Mg,-1076.9255555555555
ID_F0losl_S,-11.59866888888891
ID_F0losl_Fe,-466.97530222222207
ID_F0losl_Mn,-383.69001333333296
ID_F0losl_Zn,-15.092400444444426
ID_F0losl_Cu,-3.708494222222222
ID_F0losl_B,-1.4214435555555542
ID_R2Mj0J_N,-5954.729333333334
ID_R2Mj0J_P,-10.806969333333257
ID_R2Mj0J_K,-564.3657333333335
ID_R2Mj0J_Ca,-4777.7190666666675
ID_R2Mj0J_Mg,-592.2288000000002
ID_R2Mj0J_S,-16.527049333333327
ID_R2Mj0J_Fe,-432.8696000000001
ID_R2Mj0J_Mn,-410.18554666666654
ID_R2Mj0J_Zn,-15.214246666666652
ID_R2Mj0J_Cu,-2.843077333333335
ID_R2Mj0J_B,-0.6691266666666666
ID_vkcsqm_N,-5886.53911111111
ID_vkcsqm_P,-2.559365777777728
ID_vkcsqm_K,-1173.8842666666667
ID_vkcsqm_Ca,-6302.450044444444
ID_vkcsqm_Mg,-1070.1405333333335
ID_vkcsqm_S,-11.860326666666694
ID_vkcsqm_Fe,-354.9983288888888
ID_vkcsqm_Mn,-409.5182977777776
ID_vkcsqm_Zn,-17.919107999999976
ID_vkcsqm_Cu,-3.4775222222222224
ID_vkcsqm_B,-1.4600644444444473
ID_WnoBUh_N,-5761.333333333334
ID_WnoBUh_P,-46.184647111111104
ID_WnoBUh_K,-1109.6142222222222
ID_WnoBUh_Ca,-7031.25688888889
ID_WnoBUh_Mg,-1087.3898666666669
ID_WnoBUh_S,-12.032810666666677
ID_WnoBUh_Fe,-372.8668444444446
ID_WnoBUh_Mn,-413.11345777777785
ID_WnoBUh_Zn,-20.98518044444444
ID_WnoBUh_Cu,-3.2382008888888927
ID_WnoBUh_B,-1.6258346666666732
ID_XhhCda_N,-6020.540000000001
ID_XhhCda_P,-6.013298666666586
ID_XhhCda_K,-573.1273333333335
ID_XhhCda_Ca,-4657.271733333334
ID_XhhCda_Mg,-586.1755999999999
ID_XhhCda_S,-18.181048000000004
ID_XhhCda_Fe,-436.79702666666674
ID_XhhCda_Mn,-407.7598266666665
ID_XhhCda_Zn,-10.304790666666648
ID_XhhCda_Cu,-3.2478080000000027
ID_XhhCda_B,-0.6458906666666665
ID_P7RxaV_N,-5558.8888888888905
ID_P7RxaV_P,-56.661693333333304
ID_P7RxaV_K,-1288.777777777778
ID_P7RxaV_Ca,-8326.811555555556
ID_P7RxaV_Mg,-1325.0826666666671
ID_P7RxaV_S,-10.003226666666698
ID_P7RxaV_Fe,-339.3737777777778
ID_P7RxaV_Mn,-421.9022222222221
ID_P7RxaV_Zn,-10.94926222222221
ID_P7RxaV_Cu,-3.3751955555555533
ID_P7RxaV_B,-1.6562888888888871
ID_7HFhkf_N,-5708.260000000002
ID_7HFhkf_P,-92.98372266666661
ID_7HFhkf_K,-1249.0581333333337
ID_7HFhkf_Ca,-8622.260800000002
ID_7HFhkf_Mg,-1148.8321333333333
ID_7HFhkf_S,-11.488833333333364
ID_7HFhkf_Fe,-427.0206399999999
ID_7HFhkf_Mn,-406.8367999999997
ID_7HFhkf_Zn,-13.052213333333317
ID_7HFhkf_Cu,-2.9919653333333356
ID_7HFhkf_B,-1.7058666666666675
ID_dIbwcA_N,-4850.634666666669
ID_dIbwcA_P,10.671781777777863
ID_dIbwcA_K,-571.6156444444446
ID_dIbwcA_Ca,-6303.755511111112
ID_dIbwcA_Mg,-759.1856000000002
ID_dIbwcA_S,-7.691310222222228
ID_dIbwcA_Fe,-371.8288533333331
ID_dIbwcA_Mn,-380.43970222222214
ID_dIbwcA_Zn,-9.278618666666665
ID_dIbwcA_Cu,-4.566545777777778
ID_dIbwcA_B,-0.6825639999999994
ID_ZlmmG1_N,-5550.560000000001
ID_ZlmmG1_P,10.745320444444534
ID_ZlmmG1_K,-986.1789777777781
ID_ZlmmG1_Ca,-4577.234266666667
ID_ZlmmG1_Mg,-829.6286666666667
ID_ZlmmG1_S,-6.711376000000012
ID_ZlmmG1_Fe,-416.1526133333333
ID_ZlmmG1_Mn,-377.2263822222222
ID_ZlmmG1_Zn,-9.671503111111097
ID_ZlmmG1_Cu,-3.0898622222222207
ID_ZlmmG1_B,-0.8014466666666672
ID_APsL3e_N,-5731.936000000001
ID_APsL3e_P,15.939058666666668
ID_APsL3e_K,-1005.4234666666666
ID_APsL3e_Ca,-6245.4448
ID_APsL3e_Mg,-956.3032
ID_APsL3e_S,-12.679176000000012
ID_APsL3e_Fe,-327.9684
ID_APsL3e_Mn,-411.9628266666665
ID_APsL3e_Zn,-11.568226666666657
ID_APsL3e_Cu,-3.4600586666666664
ID_APsL3e_B,-1.4906666666666681
ID_oU9GXL_N,-5686.234666666666
ID_oU9GXL_P,-1.5967759999999558
ID_oU9GXL_K,-1322.1255999999998
ID_oU9GXL_Ca,-6541.910666666667
ID_oU9GXL_Mg,-1129.4768000000001
ID_oU9GXL_S,-15.002040000000012
ID_oU9GXL_Fe,-392.7335733333334
ID_oU9GXL_Mn,-398.33501333333317
ID_oU9GXL_Zn,-15.439970666666648
ID_oU9GXL_Cu,-3.5760853333333324
ID_oU9GXL_B,-1.3455066666666697
ID_cPrLiy_N,-5744.12888888889
ID_cPrLiy_P,-1.9357644444444162
ID_cPrLiy_K,-1090.1177777777777
ID_cPrLiy_Ca,-6168.919555555557
ID_cPrLiy_Mg,-1072.7915555555558
ID_cPrLiy_S,-15.27364444444446
ID_cPrLiy_Fe,-386.95928888888903
ID_cPrLiy_Mn,-395.82488888888884
ID_cPrLiy_Zn,-17.24805777777776
ID_cPrLiy_Cu,-3.5492888888888885
ID_cPrLiy_B,-1.4391244444444489
ID_TYalON_N,-5664.5013333333345
ID_TYalON_P,9.270041777777863
ID_TYalON_K,-589.2106666666667
ID_TYalON_Ca,-6401.196666666668
ID_TYalON_Mg,-766.8398222222223
ID_TYalON_S,-7.509207555555541
ID_TYalON_Fe,-462.6369955555556
ID_TYalON_Mn,-397.6059911111111
ID_TYalON_Zn,-10.977662222222207
ID_TYalON_Cu,-2.701628444444448
ID_TYalON_B,-0.6755879999999999
ID_ORIhsE_N,-5508.8
ID_ORIhsE_P,-74.27287999999993
ID_ORIhsE_K,-1247.5616000000002
ID_ORIhsE_Ca,-7410.4224
ID_ORIhsE_Mg,-1107.9616000000003
ID_ORIhsE_S,-10.775280000000041
ID_ORIhsE_Fe,-351.53872000000007
ID_ORIhsE_Mn,-402.5407999999999
ID_ORIhsE_Zn,-13.554559999999984
ID_ORIhsE_Cu,-2.8982560000000017
ID_ORIhsE_B,-1.5538720000000017
ID_Z0xIvT_N,-5641.071111111111
ID_Z0xIvT_P,10.298142222222292
ID_Z0xIvT_K,-852.4786666666668
ID_Z0xIvT_Ca,-5989.287111111112
ID_Z0xIvT_Mg,-866.4022222222225
ID_Z0xIvT_S,-13.236591111111121
ID_Z0xIvT_Fe,-400.01555555555547
ID_Z0xIvT_Mn,-379.37182222222225
ID_Z0xIvT_Zn,-9.902942222222215
ID_Z0xIvT_Cu,-2.9765555555555583
ID_Z0xIvT_B,-0.7008533333333326
ID_ZLTTyp_N,-5518.784
ID_ZLTTyp_P,11.516512000000073
ID_ZLTTyp_K,-818.2304
ID_ZLTTyp_Ca,-4538.788800000001
ID_ZLTTyp_Mg,-849.2224000000001
ID_ZLTTyp_S,-11.079072000000007
ID_ZLTTyp_Fe,-369.1263999999999
ID_ZLTTyp_Mn,-391.19888000000003
ID_ZLTTyp_Zn,-8.817055999999983
ID_ZLTTyp_Cu,-2.9832159999999996
ID_ZLTTyp_B,-0.6748480000000009
ID_R8Ikw5_N,-7744.899555555556
ID_R8Ikw5_P,10.364256444444504
ID_R8Ikw5_K,-509.5728444444445
ID_R8Ikw5_Ca,-4552.842488888889
ID_R8Ikw5_Mg,-528.8080444444445
ID_R8Ikw5_S,-15.785601777777778
ID_R8Ikw5_Fe,-448.58132444444453
ID_R8Ikw5_Mn,-386.8164444444444
ID_R8Ikw5_Zn,-10.618979555555542
ID_R8Ikw5_Cu,-2.6075977777777792
ID_R8Ikw5_B,-0.6510751111111113
ID_GQ3fnu_N,-7017.8311111111125
ID_GQ3fnu_P,10.907591111111188
ID_GQ3fnu_K,-515.9031111111111
ID_GQ3fnu_Ca,-4991.944
ID_GQ3fnu_Mg,-564.928888888889
ID_GQ3fnu_S,-11.27702666666665
ID_GQ3fnu_Fe,-454.19373333333345
ID_GQ3fnu_Mn,-382.0509333333334
ID_GQ3fnu_Zn,-11.105266666666651
ID_GQ3fnu_Cu,-2.714266666666669
ID_GQ3fnu_B,-0.7103377777777778
ID_y7R1b4_N,-5816.378666666667
ID_y7R1b4_P,0.6684164444445742
ID_y7R1b4_K,-995.8464888888889
ID_y7R1b4_Ca,-6257.928044444444
ID_y7R1b4_Mg,-944.6050666666666
ID_y7R1b4_S,-16.489560000000026
ID_y7R1b4_Fe,-462.90428888888886
ID_y7R1b4_Mn,-403.0692622222221
ID_y7R1b4_Zn,-23.68316266666662
ID_y7R1b4_Cu,-2.2024302222222247
ID_y7R1b4_B,-1.2374293333333337
ID_uv5bmv_N,-5893.664
ID_uv5bmv_P,-57.459005333333366
ID_uv5bmv_K,-1310.8877333333332
ID_uv5bmv_Ca,-9075.618933333333
ID_uv5bmv_Mg,-1253.8432000000003
ID_uv5bmv_S,-17.851584000000074
ID_uv5bmv_Fe,-333.3856799999999
ID_uv5bmv_Mn,-390.71626666666646
ID_uv5bmv_Zn,-11.816493333333318
ID_uv5bmv_Cu,-3.6544159999999977
ID_uv5bmv_B,-1.5672746666666642
ID_yMPg1Q_N,-6184.494222222223
ID_yMPg1Q_P,-12.875498666666715
ID_yMPg1Q_K,-1099.5043555555555
ID_yMPg1Q_Ca,-7674.296177777778
ID_yMPg1Q_Mg,-1096.0263111111112
ID_yMPg1Q_S,-13.215779555555567
ID_yMPg1Q_Fe,-379.32899555555554
ID_yMPg1Q_Mn,-435.1490844444444
ID_yMPg1Q_Zn,-14.088867555555522
ID_yMPg1Q_Cu,-3.025550222222224
ID_yMPg1Q_B,-1.736938666666674
ID_6P6D5n_N,-5870.360000000001
ID_6P6D5n_P,-73.34615111111117
ID_6P6D5n_K,-1282.6031111111113
ID_6P6D5n_Ca,-6905.288888888889
ID_6P6D5n_Mg,-1171.1706666666669
ID_6P6D5n_S,-10.324133333333346
ID_6P6D5n_Fe,-358.5538666666666
ID_6P6D5n_Mn,-393.628311111111
ID_6P6D5n_Zn,-15.363684444444415
ID_6P6D5n_Cu,-3.354857777777778
ID_6P6D5n_B,-1.6400577777777774
ID_P8gdcp_N,-6031.278222222224
ID_P8gdcp_P,12.763840000000076
ID_P8gdcp_K,-469.70595555555553
ID_P8gdcp_Ca,-4746.272711111112
ID_P8gdcp_Mg,-614.4611555555557
ID_P8gdcp_S,-16.85662577777779
ID_P8gdcp_Fe,-436.3280355555556
ID_P8gdcp_Mn,-397.2029866666666
ID_P8gdcp_Zn,-8.09890844444443
ID_P8gdcp_Cu,-2.5840213333333346
ID_P8gdcp_B,-0.5490915555555557
ID_llkqTv_N,-4976.202666666667
ID_llkqTv_P,-12.235076888888955
ID_llkqTv_K,-1005.9297777777779
ID_llkqTv_Ca,-7886.84728888889
ID_llkqTv_Mg,-1264.998888888889
ID_llkqTv_S,-9.81676177777781
ID_llkqTv_Fe,-347.3091822222222
ID_llkqTv_Mn,-399.58543111111106
ID_llkqTv_Zn,-11.215282222222221
ID_llkqTv_Cu,-3.506775111111107
ID_llkqTv_B,-1.3543915555555581
ID_4WTJ4v_N,-4943.306666666667
ID_4WTJ4v_P,11.299559111111197
ID_4WTJ4v_K,-915.925688888889
ID_4WTJ4v_Ca,-5819.058133333334
ID_4WTJ4v_Mg,-883.256888888889
ID_4WTJ4v_S,-12.861731555555586
ID_4WTJ4v_Fe,-368.34545777777777
ID_4WTJ4v_Mn,-363.5533155555555
ID_4WTJ4v_Zn,-11.755242666666648
ID_4WTJ4v_Cu,-3.2218773333333353
ID_4WTJ4v_B,-0.7881919999999997
ID_BStwM7_N,-5393.040000000001
ID_BStwM7_P,11.843433333333408
ID_BStwM7_K,-906.4726666666666
ID_BStwM7_Ca,-5830.680666666667
ID_BStwM7_Mg,-928.4133333333335
ID_BStwM7_S,-13.51500000000004
ID_BStwM7_Fe,-353.1139333333334
ID_BStwM7_Mn,-379.1754666666667
ID_BStwM7_Zn,-10.019266666666653
ID_BStwM7_Cu,-3.253706666666666
ID_BStwM7_B,-1.128900000000001
ID_FAaDVh_N,-5777.660444444446
ID_FAaDVh_P,9.82899200000007
ID_FAaDVh_K,-854.418488888889
ID_FAaDVh_Ca,-6085.474133333334
ID_FAaDVh_Mg,-880.747377777778
ID_FAaDVh_S,-13.552028444444456
ID_FAaDVh_Fe,-428.22023111111105
ID_FAaDVh_Mn,-399.58335999999997
ID_FAaDVh_Zn,-9.9897671111111
ID_FAaDVh_Cu,-3.0227626666666696
ID_FAaDVh_B,-0.7237617777777773
ID_oKT95N_N,-5172.960000000001
ID_oKT95N_P,-25.240658222222223
ID_oKT95N_K,-1050.5470222222223
ID_oKT95N_Ca,-7632.260711111113
ID_oKT95N_Mg,-1076.8563555555554
ID_oKT95N_S,-9.566682222222259
ID_oKT95N_Fe,-349.21031555555567
ID_oKT95N_Mn,-392.87968888888884
ID_oKT95N_Zn,-11.495451555555546
ID_oKT95N_Cu,-3.0269773333333334
ID_oKT95N_B,-1.6430328888888965
ID_2IMYtF_N,-5098.137333333334
ID_2IMYtF_P,-36.80958711111121
ID_2IMYtF_K,-1812.8737333333336
ID_2IMYtF_Ca,-9048.13328888889
ID_2IMYtF_Mg,-1281.7122222222224
ID_2IMYtF_S,-16.659345777777812
ID_2IMYtF_Fe,-321.9024933333333
ID_2IMYtF_Mn,-405.218551111111
ID_2IMYtF_Zn,-12.015293777777773
ID_2IMYtF_Cu,-3.1568608888888883
ID_2IMYtF_B,-1.7930075555555551
ID_mOLS6y_N,-4247.386222222222
ID_mOLS6y_P,-28.560083555555565
ID_mOLS6y_K,-998.1170222222224
ID_mOLS6y_Ca,-7833.07831111111
ID_mOLS6y_Mg,-1378.016177777778
ID_mOLS6y_S,-9.48331733333336
ID_mOLS6y_Fe,-350.7786977777777
ID_mOLS6y_Mn,-383.7314266666666
ID_mOLS6y_Zn,-10.518279999999995
ID_mOLS6y_Cu,-3.3655253333333315
ID_mOLS6y_B,-1.5832080000000073
ID_utz7os_N,-5721.063111111112
ID_utz7os_P,-43.36224711111127
ID_utz7os_K,-1966.802488888889
ID_utz7os_Ca,-8575.079822222222
ID_utz7os_Mg,-1289.3632
ID_utz7os_S,-10.77636977777782
ID_utz7os_Fe,-325.1643022222224
ID_utz7os_Mn,-435.7359644444445
ID_utz7os_Zn,-12.113287111111088
ID_utz7os_Cu,-3.3464675555555545
ID_utz7os_B,-1.8265884444444431
ID_Ku3WAF_N,-5824.851555555557
ID_Ku3WAF_P,12.567197333333386
ID_Ku3WAF_K,-495.98742222222234
ID_Ku3WAF_Ca,-4783.487955555555
ID_Ku3WAF_Mg,-799.7834222222223
ID_Ku3WAF_S,-10.493016888888935
ID_Ku3WAF_Fe,-388.5744266666664
ID_Ku3WAF_Mn,-386.51390222222216
ID_Ku3WAF_Zn,-8.423219999999981
ID_Ku3WAF_Cu,-4.517320888888887
ID_Ku3WAF_B,-0.733532888888889
ID_PdamNT_N,-5673.191111111112
ID_PdamNT_P,-4.3026711111110885
ID_PdamNT_K,-492.7737777777778
ID_PdamNT_Ca,-4846.7586666666675
ID_PdamNT_Mg,-622.6471111111111
ID_PdamNT_S,-10.22532888888886
ID_PdamNT_Fe,-477.71271111111093
ID_PdamNT_Mn,-401.9213333333333
ID_PdamNT_Zn,-10.475088888888877
ID_PdamNT_Cu,-3.0069644444444448
ID_PdamNT_B,-0.6379822222222229
ID_wHFugJ_N,-5923.719555555555
ID_wHFugJ_P,10.634634666666756
ID_wHFugJ_K,-519.4656000000001
ID_wHFugJ_Ca,-4893.103511111112
ID_wHFugJ_Mg,-613.1278666666667
ID_wHFugJ_S,-9.844359111111132
ID_wHFugJ_Fe,-424.27343111111117
ID_wHFugJ_Mn,-378.82321777777776
ID_wHFugJ_Zn,-10.55413688888888
ID_wHFugJ_Cu,-3.125417333333336
ID_wHFugJ_B,-0.6596791111111108
ID_MWCL98_N,-5660.8711111111115
ID_MWCL98_P,10.264017777777852
ID_MWCL98_K,-1020.7982222222224
ID_MWCL98_Ca,-6289.391555555556
ID_MWCL98_Mg,-967.0693333333335
ID_MWCL98_S,-12.114688888888889
ID_MWCL98_Fe,-401.52084444444455
ID_MWCL98_Mn,-407.33088888888886
ID_MWCL98_Zn,-11.791519999999975
ID_MWCL98_Cu,-3.3704533333333364
ID_MWCL98_B,-0.8414088888888888
ID_yTrQmw_N,-5680.189333333335
ID_yTrQmw_P,8.251780000000092
ID_yTrQmw_K,-877.0552000000002
ID_yTrQmw_Ca,-6075.348533333334
ID_yTrQmw_Mg,-937.1181333333336
ID_yTrQmw_S,-12.64061866666669
ID_yTrQmw_Fe,-506.4137600000001
ID_yTrQmw_Mn,-406.10370666666665
ID_yTrQmw_Zn,-11.454454666666646
ID_yTrQmw_Cu,-2.7287720000000038
ID_yTrQmw_B,-0.8632533333333334
ID_AhukXA_N,-5639.455555555556
ID_AhukXA_P,10.919865777777858
ID_AhukXA_K,-923.0268000000002
ID_AhukXA_Ca,-5826.233777777779
ID_AhukXA_Mg,-891.7441333333335
ID_AhukXA_S,-11.386700888888917
ID_AhukXA_Fe,-420.20644444444423
ID_AhukXA_Mn,-393.10404888888894
ID_AhukXA_Zn,-11.308440888888873
ID_AhukXA_Cu,-3.0741662222222232
ID_AhukXA_B,-0.7175893333333342
ID_hRX0sy_N,-5874.528000000001
ID_hRX0sy_P,12.97146311111117
ID_hRX0sy_K,-920.6528000000003
ID_hRX0sy_Ca,-6155.670755555557
ID_hRX0sy_Mg,-883.8784000000002
ID_hRX0sy_S,-12.283790222222247
ID_hRX0sy_Fe,-440.04195555555543
ID_hRX0sy_Mn,-416.72433777777775
ID_hRX0sy_Zn,-14.154623999999984
ID_hRX0sy_Cu,-3.2198328888888907
ID_hRX0sy_B,-1.1293511111111116
ID_DEK3Xj_N,-5735.048000000001
ID_DEK3Xj_P,9.672185333333367
ID_DEK3Xj_K,-1078.8137333333334
ID_DEK3Xj_Ca,-6114.390933333335
ID_DEK3Xj_Mg,-991.9521333333332
ID_DEK3Xj_S,-11.655678666666667
ID_DEK3Xj_Fe,-422.92449333333326
ID_DEK3Xj_Mn,-406.95520000000005
ID_DEK3Xj_Zn,-15.628597333333316
ID_DEK3Xj_Cu,-2.843472000000002
ID_DEK3Xj_B,-1.6813973333333423
ID_SDIpB7_N,-5726.688000000001
ID_SDIpB7_P,12.975495111111126
ID_SDIpB7_K,-976.0106666666668
ID_SDIpB7_Ca,-6219.555555555557
ID_SDIpB7_Mg,-888.2439111111113
ID_SDIpB7_S,-12.236003555555584
ID_SDIpB7_Fe,-396.2604088888889
ID_SDIpB7_Mn,-411.0725688888889
ID_SDIpB7_Zn,-17.93305599999997
ID_SDIpB7_Cu,-3.315207111111114
ID_SDIpB7_B,-1.7100088888888978
ID_IHACB6_N,-5730.782222222223
ID_IHACB6_P,-6.8327688888889
ID_IHACB6_K,-1117.089777777778
ID_IHACB6_Ca,-7611.107555555557
ID_IHACB6_Mg,-1077.8955555555556
ID_IHACB6_S,-16.895777777777813
ID_IHACB6_Fe,-373.0723022222223
ID_IHACB6_Mn,-423.37866666666656
ID_IHACB6_Zn,-13.654822222222192
ID_IHACB6_Cu,-2.658093333333335
ID_IHACB6_B,-1.2277777777777794
ID_O51gwI_N,-6367.228444444445
ID_O51gwI_P,-15.99357866666665
ID_O51gwI_K,-1113.2728888888892
ID_O51gwI_Ca,-6814.141155555557
ID_O51gwI_Mg,-1075.3386666666668
ID_O51gwI_S,-12.625614222222211
ID_O51gwI_Fe,-393.88202666666683
ID_O51gwI_Mn,-395.0346666666667
ID_O51gwI_Zn,-13.44484266666664
ID_O51gwI_Cu,-2.5677937777777813
ID_O51gwI_B,-1.4877013333333382
ID_DDBZRg_N,-5501.0013333333345
ID_DDBZRg_P,10.9321222222223
ID_DDBZRg_K,-996.5412444444444
ID_DDBZRg_Ca,-6054.130977777779
ID_DDBZRg_Mg,-896.4916888888891
ID_DDBZRg_S,-12.440609777777794
ID_DDBZRg_Fe,-411.6986311111112
ID_DDBZRg_Mn,-388.4591955555556
ID_DDBZRg_Zn,-13.641573777777765
ID_DDBZRg_Cu,-2.9691871111111157
ID_DDBZRg_B,-0.9014844444444439
ID_O77MA3_N,-5897.674666666668
ID_O77MA3_P,10.166584888888977
ID_O77MA3_K,-991.0186666666666
ID_O77MA3_Ca,-4445.754311111112
ID_O77MA3_Mg,-870.7520000000001
ID_O77MA3_S,-9.32883200000002
ID_O77MA3_Fe,-451.43758222222226
ID_O77MA3_Mn,-399.11843555555555
ID_O77MA3_Zn,-12.617237333333312
ID_O77MA3_Cu,-3.306744888888892
ID_O77MA3_B,-0.8048000000000007
ID_KvNySp_N,-5781.031999999999
ID_KvNySp_P,-46.69279466666667
ID_KvNySp_K,-1208.6829333333335
ID_KvNySp_Ca,-6914.543733333332
ID_KvNySp_Mg,-977.9125333333334
ID_KvNySp_S,-17.612538666666712
ID_KvNySp_Fe,-390.89538666666675
ID_KvNySp_Mn,-414.5473333333331
ID_KvNySp_Zn,-21.474674666666633
ID_KvNySp_Cu,-2.5681733333333323
ID_KvNySp_B,-1.704733333333335
ID_RPz5WT_N,-5907.599999999999
ID_RPz5WT_P,-43.36559555555557
ID_RPz5WT_K,-1278.7595555555554
ID_RPz5WT_Ca,-7142.308444444444
ID_RPz5WT_Mg,-1101.4126666666668
ID_RPz5WT_S,-16.75296444444448
ID_RPz5WT_Fe,-386.22396444444433
ID_RPz5WT_Mn,-420.6799111111109
ID_RPz5WT_Zn,-21.958248888888868
ID_RPz5WT_Cu,-2.960046666666666
ID_RPz5WT_B,-1.8989711111111127
ID_GncdEG_N,-5932.88
ID_GncdEG_P,-4.077061333333305
ID_GncdEG_K,-1055.8469333333333
ID_GncdEG_Ca,-5693.203466666666
ID_GncdEG_Mg,-889.636
ID_GncdEG_S,-18.48228266666669
ID_GncdEG_Fe,-468.67023999999986
ID_GncdEG_Mn,-360.15717333333333
ID_GncdEG_Zn,-20.136821333333327
ID_GncdEG_Cu,-2.070930666666669
ID_GncdEG_B,-1.2072879999999988
ID_KOykml_N,-6220.348888888889
ID_KOykml_P,-25.28386444444456
ID_KOykml_K,-1223.6873333333333
ID_KOykml_Ca,-6594.928888888888
ID_KOykml_Mg,-975.6486666666666
ID_KOykml_S,-19.11639333333335
ID_KOykml_Fe,-415.9646000000001
ID_KOykml_Mn,-429.59828888888876
ID_KOykml_Zn,-17.021171111111087
ID_KOykml_Cu,-2.871828888888891
ID_KOykml_B,-1.2324311111111108
ID_GSTo1v_N,-5486.0960000000005
ID_GSTo1v_P,11.954368000000066
ID_GSTo1v_K,-912.5408000000002
ID_GSTo1v_Ca,-5908.7232
ID_GSTo1v_Mg,-945.1216000000003
ID_GSTo1v_S,-13.884960000000024
ID_GSTo1v_Fe,-363.58624000000003
ID_GSTo1v_Mn,-391.0256
ID_GSTo1v_Zn,-11.755519999999994
ID_GSTo1v_Cu,-3.4822719999999983
ID_GSTo1v_B,-0.7315840000000001
ID_2wqNU0_N,-5677.229333333334
ID_2wqNU0_P,9.025968000000102
ID_2wqNU0_K,-525.7377333333333
ID_2wqNU0_Ca,-4997.079733333334
ID_2wqNU0_Mg,-648.7598666666668
ID_2wqNU0_S,-11.457408000000015
ID_2wqNU0_Fe,-496.2871066666666
ID_2wqNU0_Mn,-383.35117333333335
ID_2wqNU0_Zn,-9.26084799999998
ID_2wqNU0_Cu,-3.3917626666666685
ID_2wqNU0_B,-0.6730733333333326
ID_91x5sn_N,-6435.906666666668
ID_91x5sn_P,-1.8758755555554671
ID_91x5sn_K,-1067.6875555555557
ID_91x5sn_Ca,-4587.970222222222
ID_91x5sn_Mg,-943.1137777777778
ID_91x5sn_S,-8.044982222222224
ID_91x5sn_Fe,-580.1403111111113
ID_91x5sn_Mn,-369.4395555555555
ID_91x5sn_Zn,-13.381386666666641
ID_91x5sn_Cu,-2.598986666666669
ID_91x5sn_B,-0.767733333333334
ID_e0tcBd_N,-5343.584000000002
ID_e0tcBd_P,-33.55184000000004
ID_e0tcBd_K,-1322.5856000000003
ID_e0tcBd_Ca,-6449.572800000001
ID_e0tcBd_Mg,-1078.8880000000001
ID_e0tcBd_S,-14.002416000000018
ID_e0tcBd_Fe,-378.67168000000004
ID_e0tcBd_Mn,-394.22384
ID_e0tcBd_Zn,-16.096303999999968
ID_e0tcBd_Cu,-3.203440000000004
ID_e0tcBd_B,-1.5329440000000014
ID_wwyl7b_N,-6477.336888888889
ID_wwyl7b_P,0.2618524444445711
ID_wwyl7b_K,-1321.5580444444447
ID_wwyl7b_Ca,-5826.360888888889
ID_wwyl7b_Mg,-890.1603555555556
ID_wwyl7b_S,-15.862115555555587
ID_wwyl7b_Fe,-444.6100622222222
ID_wwyl7b_Mn,-371.53706666666665
ID_wwyl7b_Zn,-17.351950222222232
ID_wwyl7b_Cu,-2.544049777777781
ID_wwyl7b_B,-1.319850666666669
ID_zFl3sZ_N,-5601.058666666667
ID_zFl3sZ_P,14.603841333333374
ID_zFl3sZ_K,-1045.459466666667
ID_zFl3sZ_Ca,-6187.887733333335
ID_zFl3sZ_Mg,-961.9130666666669
ID_zFl3sZ_S,-12.845204000000003
ID_zFl3sZ_Fe,-381.4164133333334
ID_zFl3sZ_Mn,-381.41927999999996
ID_zFl3sZ_Zn,-13.632767999999993
ID_zFl3sZ_Cu,-2.9921133333333336
ID_zFl3sZ_B,-0.890189333333334
ID_z7sD9G_N,-5455.297333333335
ID_z7sD9G_P,15.56733466666671
ID_z7sD9G_K,-1154.394088888889
ID_z7sD9G_Ca,-6081.645244444445
ID_z7sD9G_Mg,-840.0344444444445
ID_z7sD9G_S,-11.904608444444435
ID_z7sD9G_Fe,-379.4237866666667
ID_z7sD9G_Mn,-379.4271733333333
ID_z7sD9G_Zn,-13.164984444444428
ID_z7sD9G_Cu,-2.7297551111111114
ID_z7sD9G_B,-1.2516506666666687
ID_0lrJ34_N,-5223.225777777779
ID_0lrJ34_P,-20.325777777777844
ID_0lrJ34_K,-1335.8650666666667
ID_0lrJ34_Ca,-7529.772800000001
ID_0lrJ34_Mg,-1006.9288000000001
ID_0lrJ34_S,-13.013879999999993
ID_0lrJ34_Fe,-528.4523466666666
ID_0lrJ34_Mn,-353.23390222222207
ID_0lrJ34_Zn,-11.813037333333325
ID_0lrJ34_Cu,-2.347015111111114
ID_0lrJ34_B,-1.2311964444444452
ID_zGBRAW_N,-5620.200000000001
ID_zGBRAW_P,-39.02691866666672
ID_zGBRAW_K,-1215.7285333333336
ID_zGBRAW_Ca,-8287.499600000001
ID_zGBRAW_Mg,-1066.5342666666668
ID_zGBRAW_S,-29.25322400000004
ID_zGBRAW_Fe,-363.7797466666668
ID_zGBRAW_Mn,-371.90879999999987
ID_zGBRAW_Zn,-13.91273466666664
ID_zGBRAW_Cu,-3.2881133333333374
ID_zGBRAW_B,-1.5377880000000013
ID_KUvFNT_N,-5705.582222222223
ID_KUvFNT_P,-21.692062222222184
ID_KUvFNT_K,-1216.3143111111112
ID_KUvFNT_Ca,-6604.939466666668
ID_KUvFNT_Mg,-1022.9413777777779
ID_KUvFNT_S,-14.309693333333328
ID_KUvFNT_Fe,-346.597048888889
ID_KUvFNT_Mn,-403.5472177777778
ID_KUvFNT_Zn,-17.170267111111077
ID_KUvFNT_Cu,-3.10986977777778
ID_KUvFNT_B,-1.655764444444448
ID_6BqGSf_N,-5445.920000000001
ID_6BqGSf_P,15.111327555555594
ID_6BqGSf_K,-1062.4886666666669
ID_6BqGSf_Ca,-4393.276177777778
ID_6BqGSf_Mg,-861.3646222222224
ID_6BqGSf_S,-7.627121333333331
ID_6BqGSf_Fe,-460.6619155555557
ID_6BqGSf_Mn,-375.0633377777778
ID_6BqGSf_Zn,-11.492093777777763
ID_6BqGSf_Cu,-2.7839839999999993
ID_6BqGSf_B,-0.7976680000000008
ID_ar6VsZ_N,-5889.377777777779
ID_ar6VsZ_P,11.94467111111117
ID_ar6VsZ_K,-1115.4177777777777
ID_ar6VsZ_Ca,-5900.514666666667
ID_ar6VsZ_Mg,-901.5875555555557
ID_ar6VsZ_S,-15.242648888888915
ID_ar6VsZ_Fe,-429.9903111111111
ID_ar6VsZ_Mn,-414.2706666666667
ID_ar6VsZ_Zn,-13.25275999999997
ID_ar6VsZ_Cu,-2.5878888888888913
ID_ar6VsZ_B,-0.835493333333333
ID_ClT23N_N,-5863.088000000001
ID_ClT23N_P,-57.52976000000001
ID_ClT23N_K,-1137.9392000000003
ID_ClT23N_Ca,-6474.9888
ID_ClT23N_Mg,-913.9744000000001
ID_ClT23N_S,-9.29620800000001
ID_ClT23N_Fe,-409.18047999999993
ID_ClT23N_Mn,-351.9799999999999
ID_ClT23N_Zn,-18.489392
ID_ClT23N_Cu,-2.347984000000005
ID_ClT23N_B,-1.2295360000000013
ID_aN783L_N,-4851.68
ID_aN783L_P,13.149904000000078
ID_aN783L_K,-962.1296000000002
ID_aN783L_Ca,-5427.3216
ID_aN783L_Mg,-911.2624000000002
ID_aN783L_S,-13.949712000000034
ID_aN783L_Fe,-387.00736
ID_aN783L_Mn,-387.49568
ID_aN783L_Zn,-12.719551999999984
ID_aN783L_Cu,-2.585632000000003
ID_aN783L_B,-0.9175840000000021
ID_NsBbuX_N,-5307.352000000001
ID_NsBbuX_P,-1.4362017777777965
ID_NsBbuX_K,-1078.7474666666667
ID_NsBbuX_Ca,-5833.205511111111
ID_NsBbuX_Mg,-913.9738222222225
ID_NsBbuX_S,-9.504194222222225
ID_NsBbuX_Fe,-358.13364
ID_NsBbuX_Mn,-412.63616888888885
ID_NsBbuX_Zn,-18.33080177777778
ID_NsBbuX_Cu,-2.1123413333333376
ID_NsBbuX_B,-1.3083844444444486
ID_yZw45I_N,-5569.856000000002
ID_yZw45I_P,-40.43960000000004
ID_yZw45I_K,-1294.1024
ID_yZw45I_Ca,-6590.5344000000005
ID_yZw45I_Mg,-1040.0032
ID_yZw45I_S,-13.775664000000013
ID_yZw45I_Fe,-387.796
ID_yZw45I_Mn,-404.12575999999996
ID_yZw45I_Zn,-16.222927999999968
ID_yZw45I_Cu,-3.017440000000002
ID_yZw45I_B,-1.6759360000000019
ID_Fsc9F0_N,-5492.343111111112
ID_Fsc9F0_P,10.603913777777851
ID_Fsc9F0_K,-936.2139555555556
ID_Fsc9F0_Ca,-5986.163200000002
ID_Fsc9F0_Mg,-906.7406222222224
ID_Fsc9F0_S,-11.47085422222223
ID_Fsc9F0_Fe,-372.4540444444443
ID_Fsc9F0_Mn,-349.2422355555555
ID_Fsc9F0_Zn,-11.45089199999998
ID_Fsc9F0_Cu,-3.0626440000000033
ID_Fsc9F0_B,-1.190969777777779
ID_cLAcv2_N,-5552.304
ID_cLAcv2_P,-17.275818222222256
ID_cLAcv2_K,-1114.450177777778
ID_cLAcv2_Ca,-6198.926577777779
ID_cLAcv2_Mg,-1085.3814222222225
ID_cLAcv2_S,-16.955486666666715
ID_cLAcv2_Fe,-423.7264177777777
ID_cLAcv2_Mn,-385.67218666666656
ID_cLAcv2_Zn,-15.979308888888875
ID_cLAcv2_Cu,-2.583860000000004
ID_cLAcv2_B,-1.5826617777777834
ID_m02BuX_N,-5780.049777777778
ID_m02BuX_P,-19.269404444444447
ID_m02BuX_K,-1086.6666666666667
ID_m02BuX_Ca,-6610.7043555555565
ID_m02BuX_Mg,-1007.0186666666667
ID_m02BuX_S,-11.543196444444437
ID_m02BuX_Fe,-370.52669155555566
ID_m02BuX_Mn,-396.7788799999999
ID_m02BuX_Zn,-16.544156444444415
ID_m02BuX_Cu,-2.961934222222223
ID_m02BuX_B,-1.7093120000000064
ID_EulMt9_N,-6790.033333333333
ID_EulMt9_P,-3.8646799999999146
ID_EulMt9_K,-1424.3546666666666
ID_EulMt9_Ca,-5743.990222222223
ID_EulMt9_Mg,-975.1733333333332
ID_EulMt9_S,-17.135582222222254
ID_EulMt9_Fe,-495.91004444444445
ID_EulMt9_Mn,-385.1699555555555
ID_EulMt9_Zn,-15.551113333333317
ID_EulMt9_Cu,-2.3359800000000033
ID_EulMt9_B,-1.0941755555555557
ID_qwyyXl_N,-5735.066666666667
ID_qwyyXl_P,1.3248737777778032
ID_qwyyXl_K,-911.9653777777778
ID_qwyyXl_Ca,-5977.9836444444445
ID_qwyyXl_Mg,-849.317288888889
ID_qwyyXl_S,-10.559927555555571
ID_qwyyXl_Fe,-382.75457777777797
ID_qwyyXl_Mn,-387.20298222222226
ID_qwyyXl_Zn,-11.983561777777755
ID_qwyyXl_Cu,-2.3653368888888924
ID_qwyyXl_B,-1.4769213333333382
ID_DUHAZN_N,-6136.160000000001
ID_DUHAZN_P,-1.4436337777776416
ID_DUHAZN_K,-1134.7569777777778
ID_DUHAZN_Ca,-5088.504888888889
ID_DUHAZN_Mg,-917.5829333333336
ID_DUHAZN_S,-16.919694222222258
ID_DUHAZN_Fe,-525.8145422222224
ID_DUHAZN_Mn,-391.6124444444444
ID_DUHAZN_Zn,-11.962559999999998
ID_DUHAZN_Cu,-2.6630186666666704
ID_DUHAZN_B,-0.7428764444444452
ID_5XnCdv_N,-5536.629333333334
ID_5XnCdv_P,1.309050666666792
ID_5XnCdv_K,-822.5616
ID_5XnCdv_Ca,-6146.551333333334
ID_5XnCdv_Mg,-1053.5645333333334
ID_5XnCdv_S,-12.462624000000023
ID_5XnCdv_Fe,-484.4387200000002
ID_5XnCdv_Mn,-407.90634666666654
ID_5XnCdv_Zn,-8.762038666666658
ID_5XnCdv_Cu,-2.6930053333333355
ID_5XnCdv_B,-0.695421333333334
ID_AhvTet_N,-5627.52888888889
ID_AhvTet_P,8.028866666666715
ID_AhvTet_K,-1078.457777777778
ID_AhvTet_Ca,-6292.642666666667
ID_AhvTet_Mg,-886.2804444444446
ID_AhvTet_S,-9.994622222222233
ID_AhvTet_Fe,-488.66333333333336
ID_AhvTet_Mn,-386.1634666666667
ID_AhvTet_Zn,-15.328093333333312
ID_AhvTet_Cu,-2.8719333333333346
ID_AhvTet_B,-1.4108177777777815
ID_C0XprT_N,-5521.928000000001
ID_C0XprT_P,4.3970213333334485
ID_C0XprT_K,-897.5778666666668
ID_C0XprT_Ca,-4806.579066666667
ID_C0XprT_Mg,-1019.6528000000001
ID_C0XprT_S,-7.8488226666666705
ID_C0XprT_Fe,-453.24476000000016
ID_C0XprT_Mn,-379.95753333333334
ID_C0XprT_Zn,-9.203572
ID_C0XprT_Cu,-2.836565333333336
ID_C0XprT_B,-0.7078040000000008
ID_tMUPox_N,-5957.040000000001
ID_tMUPox_P,-13.774062222222284
ID_tMUPox_K,-422.95066666666673
ID_tMUPox_Ca,-4109.504444444445
ID_tMUPox_Mg,-546.1751111111112
ID_tMUPox_S,-17.68254666666668
ID_tMUPox_Fe,-469.70568888888886
ID_tMUPox_Mn,-364.0070222222222
ID_tMUPox_Zn,-8.135999999999981
ID_tMUPox_Cu,-2.6759377777777824
ID_tMUPox_B,-0.6384711111111115
ID_c7cXzR_N,-7991.9253333333345
ID_c7cXzR_P,-3.654911999999932
ID_c7cXzR_K,-421.95413333333346
ID_c7cXzR_Ca,-4314.425600000001
ID_c7cXzR_Mg,-504.31786666666665
ID_c7cXzR_S,-18.470222222222226
ID_c7cXzR_Fe,-515.2377600000001
ID_c7cXzR_Mn,-354.67882666666657
ID_c7cXzR_Zn,-13.493375999999998
ID_c7cXzR_Cu,-2.5508195555555595
ID_c7cXzR_B,-0.5781120000000002
ID_VW185c_N,-5833.152888888888
ID_VW185c_P,14.238561333333369
ID_VW185c_K,-513.3716444444444
ID_VW185c_Ca,-4739.800666666665
ID_VW185c_Mg,-610.9738222222222
ID_VW185c_S,-13.048082222222238
ID_VW185c_Fe,-543.8946533333333
ID_VW185c_Mn,-381.4752133333333
ID_VW185c_Zn,-8.977995555555554
ID_VW185c_Cu,-2.974546666666668
ID_VW185c_B,-0.5881564444444439
ID_qwaTAk_N,-5892.144
ID_qwaTAk_P,6.3949280000000215
ID_qwaTAk_K,-1163.0728
ID_qwaTAk_Ca,-6747.186666666666
ID_qwaTAk_Mg,-1034.7301333333332
ID_qwaTAk_S,-14.073624000000002
ID_qwaTAk_Fe,-387.1161600000001
ID_qwaTAk_Mn,-399.3777333333333
ID_qwaTAk_Zn,-14.458557333333307
ID_qwaTAk_Cu,-2.891426666666667
ID_qwaTAk_B,-1.4691333333333365
ID_omJnE5_N,-5669.152000000001
ID_omJnE5_P,10.229823111111102
ID_omJnE5_K,-1016.524577777778
ID_omJnE5_Ca,-6766.225555555557
ID_omJnE5_Mg,-902.6877333333337
ID_omJnE5_S,-15.715357333333358
ID_omJnE5_Fe,-374.9898533333333
ID_omJnE5_Mn,-381.47108444444444
ID_omJnE5_Zn,-13.43461911111107
ID_omJnE5_Cu,-2.449378222222226
ID_omJnE5_B,-1.3644680000000031
ID_HIrvGc_N,-5305.87777777778
ID_HIrvGc_P,-8.159796444444538
ID_HIrvGc_K,-983.1037333333334
ID_HIrvGc_Ca,-6503.767377777778
ID_HIrvGc_Mg,-905.2711555555557
ID_HIrvGc_S,-10.562733333333373
ID_HIrvGc_Fe,-392.78547111111106
ID_HIrvGc_Mn,-379.98500000000007
ID_HIrvGc_Zn,-9.779219111111118
ID_HIrvGc_Cu,-2.243024000000003
ID_HIrvGc_B,-1.3277395555555591
ID_UEmV52_N,-5215.640888888889
ID_UEmV52_P,-9.421204444444463
ID_UEmV52_K,-970.5419555555557
ID_UEmV52_Ca,-4358.865244444444
ID_UEmV52_Mg,-952.9535999999998
ID_UEmV52_S,-7.704316444444455
ID_UEmV52_Fe,-443.05497777777776
ID_UEmV52_Mn,-386.57113777777766
ID_UEmV52_Zn,-10.005431111111099
ID_UEmV52_Cu,-2.5079937777777794
ID_UEmV52_B,-0.6848017777777793
ID_RhZMVC_N,-5397.333333333334
ID_RhZMVC_P,-57.98735333333342
ID_RhZMVC_K,-1691.3173333333334
ID_RhZMVC_Ca,-7483.012
ID_RhZMVC_Mg,-1073.0846666666666
ID_RhZMVC_S,-12.072720000000029
ID_RhZMVC_Fe,-352.8455066666667
ID_RhZMVC_Mn,-419.5766666666666
ID_RhZMVC_Zn,-18.246973333333305
ID_RhZMVC_Cu,-2.412120000000001
ID_RhZMVC_B,-1.5908066666666696
ID_n3CyTs_N,-5558.432000000001
ID_n3CyTs_P,-13.01374400000006
ID_n3CyTs_K,-531.5984000000002
ID_n3CyTs_Ca,-4371.696
ID_n3CyTs_Mg,-524.7328000000001
ID_n3CyTs_S,-13.408895999999995
ID_n3CyTs_Fe,-455.35264
ID_n3CyTs_Mn,-385.83056000000005
ID_n3CyTs_Zn,-10.693231999999986
ID_n3CyTs_Cu,-2.316688000000002
ID_n3CyTs_B,-0.6371199999999999
ID_extJqL_N,-5085.717333333334
ID_extJqL_P,11.40855111111118
ID_extJqL_K,-1037.2174222222222
ID_extJqL_Ca,-4841.541333333334
ID_extJqL_Mg,-868.6737777777777
ID_extJqL_S,-10.552423111111139
ID_extJqL_Fe,-401.7696711111111
ID_extJqL_Mn,-380.56863999999985
ID_extJqL_Zn,-11.380149333333321
ID_extJqL_Cu,-2.262997333333338
ID_extJqL_B,-0.7428017777777789
ID_milgJn_N,-5455.426666666667
ID_milgJn_P,0.1341773333334615
ID_milgJn_K,-911.3418666666669
ID_milgJn_Ca,-5874.7592
ID_milgJn_Mg,-909.7233333333334
ID_milgJn_S,-11.523070666666683
ID_milgJn_Fe,-426.5495066666667
ID_milgJn_Mn,-403.05293333333316
ID_milgJn_Zn,-13.018420000000006
ID_milgJn_Cu,-1.9799413333333364
ID_milgJn_B,-1.0465760000000026
ID_kg2l1o_N,-5539.523555555556
ID_kg2l1o_P,1.8692266666667905
ID_kg2l1o_K,-1101.2864000000002
ID_kg2l1o_Ca,-4515.841422222223
ID_kg2l1o_Mg,-987.9288888888891
ID_kg2l1o_S,-9.806200888888906
ID_kg2l1o_Fe,-512.3262577777778
ID_kg2l1o_Mn,-367.4672355555555
ID_kg2l1o_Zn,-11.240284444444432
ID_kg2l1o_Cu,-2.622449777777782
ID_kg2l1o_B,-0.6612408888888891
ID_GZhRMw_N,-5913.508444444444
ID_GZhRMw_P,-10.619228888888927
ID_GZhRMw_K,-1153.3785333333333
ID_GZhRMw_Ca,-6183.302844444444
ID_GZhRMw_Mg,-1063.5513777777776
ID_GZhRMw_S,-18.283347111111148
ID_GZhRMw_Fe,-442.796215111111
ID_GZhRMw_Mn,-406.95445333333316
ID_GZhRMw_Zn,-14.95760399999998
ID_GZhRMw_Cu,-2.748948444444449
ID_GZhRMw_B,-1.391712000000004
ID_M4gDt9_N,-5988.177333333335
ID_M4gDt9_P,-5.618187999999996
ID_M4gDt9_K,-463.7405333333335
ID_M4gDt9_Ca,-6085.822000000001
ID_M4gDt9_Mg,-696.6082666666667
ID_M4gDt9_S,-10.899793333333303
ID_M4gDt9_Fe,-478.9735733333333
ID_M4gDt9_Mn,-402.1915733333334
ID_M4gDt9_Zn,-9.734102666666637
ID_M4gDt9_Cu,-2.260204000000005
ID_M4gDt9_B,-0.5884666666666669
ID_lho6ZL_N,-5703.129333333334
ID_lho6ZL_P,-16.577686666666693
ID_lho6ZL_K,-1132.0838666666666
ID_lho6ZL_Ca,-6223.738266666667
ID_lho6ZL_Mg,-963.0033333333333
ID_lho6ZL_S,-14.414546666666713
ID_lho6ZL_Fe,-399.04745600000007
ID_lho6ZL_Mn,-409.6719866666665
ID_lho6ZL_Zn,-19.293126666666694
ID_lho6ZL_Cu,-2.2007573333333346
ID_lho6ZL_B,-1.3603359999999995
ID_Pv0i3D_N,-5733.607111111111
ID_Pv0i3D_P,-19.49629155555565
ID_Pv0i3D_K,-510.5187555555557
ID_Pv0i3D_Ca,-6353.731555555557
ID_Pv0i3D_Mg,-701.2138666666667
ID_Pv0i3D_S,-10.916892444444422
ID_Pv0i3D_Fe,-454.30279111111105
ID_Pv0i3D_Mn,-401.2389688888889
ID_Pv0i3D_Zn,-9.20830577777778
ID_Pv0i3D_Cu,-2.2806755555555602
ID_Pv0i3D_B,-0.611413333333333
ID_0g4tHu_N,-5090.385777777778
ID_0g4tHu_P,-7.057735111111022
ID_0g4tHu_K,-579.3539555555557
ID_0g4tHu_Ca,-6097.884444444445
ID_0g4tHu_Mg,-741.5857777777778
ID_0g4tHu_S,-6.302844444444428
ID_0g4tHu_Fe,-438.13038222222224
ID_0g4tHu_Mn,-372.5574044444444
ID_0g4tHu_Zn,-10.394275555555543
ID_0g4tHu_Cu,-2.111111111111116
ID_0g4tHu_B,-0.6410666666666673
ID_c0s8Xk_N,-5371.364000000001
ID_c0s8Xk_P,10.771189777777838
ID_c0s8Xk_K,-1112.6238222222223
ID_c0s8Xk_Ca,-4936.110711111112
ID_c0s8Xk_Mg,-904.470488888889
ID_c0s8Xk_S,-12.676098222222247
ID_c0s8Xk_Fe,-437.63723999999985
ID_c0s8Xk_Mn,-378.5305066666665
ID_c0s8Xk_Zn,-13.066053777777766
ID_c0s8Xk_Cu,-2.4049062222222273
ID_c0s8Xk_B,-0.7967475555555568
ID_Xkp7M1_N,-5477.281333333333
ID_Xkp7M1_P,-2.8836413333332445
ID_Xkp7M1_K,-1058.8584
ID_Xkp7M1_Ca,-5183.031866666668
ID_Xkp7M1_Mg,-937.0096000000002
ID_Xkp7M1_S,-15.630317333333377
ID_Xkp7M1_Fe,-458.0641333333333
ID_Xkp7M1_Mn,-411.8318
ID_Xkp7M1_Zn,-11.715131999999981
ID_Xkp7M1_Cu,-1.9693840000000022
ID_Xkp7M1_B,-0.7108626666666666
ID_agUGLn_N,-5627.091111111112
ID_agUGLn_P,-4.8361399999999435
ID_agUGLn_K,-1166.0194666666666
ID_agUGLn_Ca,-6091.848177777778
ID_agUGLn_Mg,-899.9776
ID_agUGLn_S,-17.86052622222226
ID_agUGLn_Fe,-430.6485644444444
ID_agUGLn_Mn,-425.260453333333
ID_agUGLn_Zn,-15.237040444444432
ID_agUGLn_Cu,-2.2994595555555604
ID_agUGLn_B,-1.4095408888888927
ID_NZ57H6_N,-6222.188888888889
ID_NZ57H6_P,1.2318644444444828
ID_NZ57H6_K,-1106.9495555555557
ID_NZ57H6_Ca,-6131.734444444445
ID_NZ57H6_Mg,-954.2433333333333
ID_NZ57H6_S,-12.60172
ID_NZ57H6_Fe,-399.6243777777778
ID_NZ57H6_Mn,-438.9056222222222
ID_NZ57H6_Zn,-15.857217777777757
ID_NZ57H6_Cu,-2.608862222222224
ID_NZ57H6_B,-1.252313333333335
ID_wgjQXV_N,-5701.4977777777785
ID_wgjQXV_P,-82.62135111111118
ID_wgjQXV_K,-1160.561777777778
ID_wgjQXV_Ca,-7939.572444444446
ID_wgjQXV_Mg,-1070.8017777777777
ID_wgjQXV_S,-14.153991111111136
ID_wgjQXV_Fe,-406.5378222222221
ID_wgjQXV_Mn,-404.2973333333332
ID_wgjQXV_Zn,-11.896142222222212
ID_wgjQXV_Cu,-2.7526444444444467
ID_wgjQXV_B,-1.5009200000000007
ID_bD2o3C_N,-6031.5271111111115
ID_bD2o3C_P,-3.6059804444443984
ID_bD2o3C_K,-392.0028444444445
ID_bD2o3C_Ca,-4202.186666666667
ID_bD2o3C_Mg,-561.1591111111112
ID_bD2o3C_S,-18.09539555555556
ID_bD2o3C_Fe,-469.36654222222234
ID_bD2o3C_Mn,-389.4047999999999
ID_bD2o3C_Zn,-9.054641777777762
ID_bD2o3C_Cu,-2.382421333333339
ID_bD2o3C_B,-0.6525297777777787
ID_F5ud3i_N,-5976.204444444445
ID_F5ud3i_P,-2.980324444444399
ID_F5ud3i_K,-440.0324444444445
ID_F5ud3i_Ca,-4321.970666666667
ID_F5ud3i_Mg,-579.8497777777778
ID_F5ud3i_S,-11.244271111111075
ID_F5ud3i_Fe,-479.0200000000001
ID_F5ud3i_Mn,-381.6906222222222
ID_F5ud3i_Zn,-10.573306666666673
ID_F5ud3i_Cu,-2.060768888888894
ID_F5ud3i_B,-0.5765288888888895
ID_nZBs1V_N,-6002.533333333334
ID_nZBs1V_P,-7.580816000000027
ID_nZBs1V_K,-545.3378666666667
ID_nZBs1V_Ca,-6477.020533333335
ID_nZBs1V_Mg,-834.7514666666668
ID_nZBs1V_S,-8.02484399999998
ID_nZBs1V_Fe,-482.62424000000004
ID_nZBs1V_Mn,-370.92015999999995
ID_nZBs1V_Zn,-11.690712000000007
ID_nZBs1V_Cu,-2.1555186666666706
ID_nZBs1V_B,-0.677710666666667
ID_K1oxOY_N,-5252.672000000001
ID_K1oxOY_P,-10.319072000000048
ID_K1oxOY_K,-958.2416000000002
ID_K1oxOY_Ca,-4984.0896
ID_K1oxOY_Mg,-922.8352
ID_K1oxOY_S,-11.978256000000048
ID_K1oxOY_Fe,-442.4560000000001
ID_K1oxOY_Mn,-381.43136
ID_K1oxOY_Zn,-12.833455999999984
ID_K1oxOY_Cu,-2.593936000000004
ID_K1oxOY_B,-0.8044960000000012
ID_QxpPBL_N,-5230.023111111112
ID_QxpPBL_P,-25.14897422222225
ID_QxpPBL_K,-955.3486222222223
ID_QxpPBL_Ca,-6188.040888888889
ID_QxpPBL_Mg,-909.7376000000003
ID_QxpPBL_S,-10.160458666666706
ID_QxpPBL_Fe,-380.3237617777778
ID_QxpPBL_Mn,-379.43064888888887
ID_QxpPBL_Zn,-16.05608177777776
ID_QxpPBL_Cu,-2.4289351111111133
ID_QxpPBL_B,-1.1279715555555567
ID_Ka5Dt2_N,-5475.552888888889
ID_Ka5Dt2_P,-15.49538133333347
ID_Ka5Dt2_K,-1062.3992
ID_Ka5Dt2_Ca,-5531.5267555555565
ID_Ka5Dt2_Mg,-853.9637333333333
ID_Ka5Dt2_S,-10.596232000000036
ID_Ka5Dt2_Fe,-401.6004977777778
ID_Ka5Dt2_Mn,-393.9492088888888
ID_Ka5Dt2_Zn,-13.461926222222207
ID_Ka5Dt2_Cu,-2.4438284444444474
ID_Ka5Dt2_B,-1.3415306666666684
ID_vdVmdL_N,-5437.958222222223
ID_vdVmdL_P,-28.369858666666715
ID_vdVmdL_K,-1102.844088888889
ID_vdVmdL_Ca,-7239.96408888889
ID_vdVmdL_Mg,-1035.1624888888891
ID_vdVmdL_S,-14.883767111111155
ID_vdVmdL_Fe,-367.50882488888885
ID_vdVmdL_Mn,-401.1939555555555
ID_vdVmdL_Zn,-46.412897777777786
ID_vdVmdL_Cu,-2.1960240000000044
ID_vdVmdL_B,-1.2510302222222234
ID_1KUliM_N,-5184.278222222223
ID_1KUliM_P,11.64381111111118
ID_1KUliM_K,-1057.8753333333334
ID_1KUliM_Ca,-4454.4035111111125
ID_1KUliM_Mg,-921.3164000000002
ID_1KUliM_S,-7.289151555555549
ID_1KUliM_Fe,-547.0718622222223
ID_1KUliM_Mn,-386.549568888889
ID_1KUliM_Zn,-9.619147111111102
ID_1KUliM_Cu,-2.1997484444444475
ID_1KUliM_B,-0.7166031111111124
ID_5nRqmq_N,-4912.62088888889
ID_5nRqmq_P,-0.2489666666665471
ID_5nRqmq_K,-969.2335555555555
ID_5nRqmq_Ca,-4970.947733333334
ID_5nRqmq_Mg,-908.6084444444446
ID_5nRqmq_S,-10.457936888888923
ID_5nRqmq_Fe,-380.1535111111112
ID_5nRqmq_Mn,-382.81813777777774
ID_5nRqmq_Zn,-14.878699555555537
ID_5nRqmq_Cu,-2.087378222222226
ID_5nRqmq_B,-0.7681706666666669
ID_n5JmLk_N,-5130.160000000001
ID_n5JmLk_P,-8.564732000000035
ID_n5JmLk_K,-940.8696444444445
ID_n5JmLk_Ca,-6964.642533333334
ID_n5JmLk_Mg,-922.8001333333334
ID_n5JmLk_S,-12.065488888888908
ID_n5JmLk_Fe,-342.11787999999996
ID_n5JmLk_Mn,-408.3980177777777
ID_n5JmLk_Zn,-18.469045777777797
ID_n5JmLk_Cu,-1.9855106666666693
ID_n5JmLk_B,-1.1474088888888911
ID_u44Msb_N,-5573.235111111111
ID_u44Msb_P,-10.752810666666704
ID_u44Msb_K,-1038.8626222222224
ID_u44Msb_Ca,-5507.906488888889
ID_u44Msb_Mg,-866.5086222222222
ID_u44Msb_S,-11.126504444444478
ID_u44Msb_Fe,-422.5670902222223
ID_u44Msb_Mn,-386.2794533333333
ID_u44Msb_Zn,-14.683100444444424
ID_u44Msb_Cu,-2.4990631111111172
ID_u44Msb_B,-0.888326222222223
ID_EZ9BT0_N,-5382.508444444446
ID_EZ9BT0_P,-9.905129777777816
ID_EZ9BT0_K,-977.2364444444445
ID_EZ9BT0_Ca,-4986.19208888889
ID_EZ9BT0_Mg,-911.8868444444447
ID_EZ9BT0_S,-11.481025777777816
ID_EZ9BT0_Fe,-423.78606222222214
ID_EZ9BT0_Mn,-384.7686666666666
ID_EZ9BT0_Zn,-9.104902222222192
ID_EZ9BT0_Cu,-2.0435724444444476
ID_EZ9BT0_B,-0.7109955555555563
ID_mYzCiN_N,-5931.617777777778
ID_mYzCiN_P,-10.683062222222247
ID_mYzCiN_K,-1033.7146666666667
ID_mYzCiN_Ca,-5027.564444444445
ID_mYzCiN_Mg,-906.3688888888888
ID_mYzCiN_S,-12.886644444444467
ID_mYzCiN_Fe,-459.18968888888907
ID_mYzCiN_Mn,-371.6508
ID_mYzCiN_Zn,-10.974048888888886
ID_mYzCiN_Cu,-2.6744222222222263
ID_mYzCiN_B,-0.8020533333333343
ID_p45983_N,-7014.360000000001
ID_p45983_P,-5.0436311111110825
ID_p45983_K,-411.37377777777783
ID_p45983_Ca,-4076.656000000001
ID_p45983_Mg,-512.6764444444445
ID_p45983_S,-16.145235555555573
ID_p45983_Fe,-493.0300888888888
ID_p45983_Mn,-368.4593333333333
ID_p45983_Zn,-12.317662222222205
ID_p45983_Cu,-2.4897200000000064
ID_p45983_B,-0.5687066666666661
ID_yMJw1j_N,-8009.808000000001
ID_yMJw1j_P,-4.369215999999966
ID_yMJw1j_K,-432.65560000000005
ID_yMJw1j_Ca,-4170.297466666666
ID_yMJw1j_Mg,-519.3832000000001
ID_yMJw1j_S,-17.863538666666678
ID_yMJw1j_Fe,-549.0392400000001
ID_yMJw1j_Mn,-375.4035733333334
ID_yMJw1j_Zn,-14.703202666666696
ID_yMJw1j_Cu,-2.3544306666666706
ID_yMJw1j_B,-0.662664
ID_RckA05_N,-7875.793777777779
ID_RckA05_P,-3.643263999999945
ID_RckA05_K,-437.3902222222223
ID_RckA05_Ca,-3978.823822222223
ID_RckA05_Mg,-524.1642666666667
ID_RckA05_S,-17.30333155555556
ID_RckA05_Fe,-533.007928888889
ID_RckA05_Mn,-392.96789333333334
ID_RckA05_Zn,-12.205923555555534
ID_RckA05_Cu,-2.758940444444447
ID_RckA05_B,-0.6545706666666665
ID_hAiYiN_N,-7937.3822222222225
ID_hAiYiN_P,-3.170795555555493
ID_hAiYiN_K,-419.1373333333334
ID_hAiYiN_Ca,-4025.9484444444447
ID_hAiYiN_Mg,-506.3942222222223
ID_hAiYiN_S,-17.853168888888916
ID_hAiYiN_Fe,-495.1826666666667
ID_hAiYiN_Mn,-386.6518666666666
ID_hAiYiN_Zn,-9.078528888888865
ID_hAiYiN_Cu,-2.5031644444444487
ID_hAiYiN_B,-0.5741822222222217
ID_Vf15SZ_N,-5938.7555555555555
ID_Vf15SZ_P,-34.552231111111084
ID_Vf15SZ_K,-1286.885777777778
ID_Vf15SZ_Ca,-6230.81288888889
ID_Vf15SZ_Mg,-1035.205777777778
ID_Vf15SZ_S,-16.075960000000045
ID_Vf15SZ_Fe,-441.63026666666667
ID_Vf15SZ_Mn,-356.0386222222221
ID_Vf15SZ_Zn,-18.60624000000001
ID_Vf15SZ_Cu,-2.249431111111115
ID_Vf15SZ_B,-1.548244444444447
ID_4d2pqJ_N,-6943.773777777779
ID_4d2pqJ_P,-3.8983208888888683
ID_4d2pqJ_K,-401.03791111111116
ID_4d2pqJ_Ca,-4110.743333333335
ID_4d2pqJ_Mg,-522.8929777777779
ID_4d2pqJ_S,-16.064980888888904
ID_4d2pqJ_Fe,-487.4357066666666
ID_4d2pqJ_Mn,-362.64751111111116
ID_4d2pqJ_Zn,-11.117715111111103
ID_4d2pqJ_Cu,-2.5236920000000036
ID_4d2pqJ_B,-0.6768475555555554
ID_h5Tzqa_N,-5477.941777777779
ID_h5Tzqa_P,-20.755534222222302
ID_h5Tzqa_K,-1225.0924444444445
ID_h5Tzqa_Ca,-6081.264711111112
ID_h5Tzqa_Mg,-928.4262666666668
ID_h5Tzqa_S,-16.023028000000064
ID_h5Tzqa_Fe,-390.93776444444444
ID_h5Tzqa_Mn,-386.9041288888886
ID_h5Tzqa_Zn,-18.696703111111148
ID_h5Tzqa_Cu,-2.3833968888888935
ID_h5Tzqa_B,-1.5765093333333349
ID_dOCvsC_N,-5489.216
ID_dOCvsC_P,1.0539520000001232
ID_dOCvsC_K,-1014.5840000000001
ID_dOCvsC_Ca,-4473.412800000001
ID_dOCvsC_Mg,-944.224
ID_dOCvsC_S,-8.919312000000012
ID_dOCvsC_Fe,-539.5172800000001
ID_dOCvsC_Mn,-349.9337599999998
ID_dOCvsC_Zn,-11.387215999999995
ID_dOCvsC_Cu,-2.2242880000000054
ID_dOCvsC_B,-0.6191680000000003
ID_c7rwfX_N,-5467.091111111113
ID_c7rwfX_P,-2.145920888888867
ID_c7rwfX_K,-405.95048888888897
ID_c7rwfX_Ca,-4022.6228444444455
ID_c7rwfX_Mg,-516.0622222222222
ID_c7rwfX_S,-17.12383066666667
ID_c7rwfX_Fe,-453.02884888888883
ID_c7rwfX_Mn,-374.55700888888884
ID_c7rwfX_Zn,-9.61225155555555
ID_c7rwfX_Cu,-2.506053777777782
ID_c7rwfX_B,-0.542407111111111
ID_AG04J8_N,-5312.960000000001
ID_AG04J8_P,-9.66123200000002
ID_AG04J8_K,-996.5552
ID_AG04J8_Ca,-4471.3968
ID_AG04J8_Mg,-955.9504000000002
ID_AG04J8_S,-7.989936000000014
ID_AG04J8_Fe,-437.73711999999995
ID_AG04J8_Mn,-389.50352
ID_AG04J8_Zn,-8.206447999999986
ID_AG04J8_Cu,-2.3199040000000064
ID_AG04J8_B,-0.6595360000000005
ID_5qBJX6_N,-5929.569333333334
ID_5qBJX6_P,-14.528182666666751
ID_5qBJX6_K,-429.5130666666667
ID_5qBJX6_Ca,-4245.308800000001
ID_5qBJX6_Mg,-543.8870666666667
ID_5qBJX6_S,-18.1105506666667
ID_5qBJX6_Fe,-479.06977333333344
ID_5qBJX6_Mn,-394.21387999999996
ID_5qBJX6_Zn,-9.116745333333316
ID_5qBJX6_Cu,-2.545104000000004
ID_5qBJX6_B,-0.60006
ID_EWv3po_N,-6291.276444444444
ID_EWv3po_P,-11.670680444444478
ID_EWv3po_K,-425.40071111111115
ID_EWv3po_Ca,-3998.5216888888895
ID_EWv3po_Mg,-504.8724000000001
ID_EWv3po_S,-15.969324444444467
ID_EWv3po_Fe,-463.61138666666665
ID_EWv3po_Mn,-372.72231555555555
ID_EWv3po_Zn,-7.586479999999993
ID_EWv3po_Cu,-2.6248951111111154
ID_EWv3po_B,-0.5515377777777775
ID_LDKsiF_N,-5524.862222222223
ID_LDKsiF_P,1.902746666666708
ID_LDKsiF_K,-1065.8200000000002
ID_LDKsiF_Ca,-6214.097777777778
ID_LDKsiF_Mg,-1041.6591111111113
ID_LDKsiF_S,-15.88177333333337
ID_LDKsiF_Fe,-482.3987111111111
ID_LDKsiF_Mn,-357.68519999999995
ID_LDKsiF_Zn,-14.552764444444444
ID_LDKsiF_Cu,-2.338311111111117
ID_LDKsiF_B,-1.1015955555555588
ID_PJRL41_N,-5172.817333333334
ID_PJRL41_P,-20.355751555555628
ID_PJRL41_K,-585.0875111111113
ID_PJRL41_Ca,-6078.663511111113
ID_PJRL41_Mg,-815.3959111111112
ID_PJRL41_S,-6.861103999999983
ID_PJRL41_Fe,-423.2728622222222
ID_PJRL41_Mn,-385.7335155555555
ID_PJRL41_Zn,-9.761956444444438
ID_PJRL41_Cu,-2.335804888888893
ID_PJRL41_B,-0.6274364444444451
ID_iegRSZ_N,-5070.901333333334
ID_iegRSZ_P,-8.62974666666669
ID_iegRSZ_K,-965.1032000000001
ID_iegRSZ_Ca,-4255.1904
ID_iegRSZ_Mg,-840.4178666666669
ID_iegRSZ_S,-6.46299733333333
ID_iegRSZ_Fe,-419.7550666666666
ID_iegRSZ_Mn,-369.0376533333332
ID_iegRSZ_Zn,-10.52755466666664
ID_iegRSZ_Cu,-2.1909253333333383
ID_iegRSZ_B,-0.573525333333334
ID_cyBGHw_N,-5378.022666666667
ID_cyBGHw_P,-2.133774666666582
ID_cyBGHw_K,-992.6678666666669
ID_cyBGHw_Ca,-4544.5056
ID_cyBGHw_Mg,-933.5513333333333
ID_cyBGHw_S,-7.454599999999989
ID_cyBGHw_Fe,-480.32234666666676
ID_cyBGHw_Mn,-404.1441866666666
ID_cyBGHw_Zn,-9.349549333333316
ID_cyBGHw_Cu,-2.4259146666666704
ID_cyBGHw_B,-0.7605906666666685
ID_eMNOVv_N,-5275.201777777779
ID_eMNOVv_P,-10.443262222222295
ID_eMNOVv_K,-990.2047111111112
ID_eMNOVv_Ca,-5998.400488888889
ID_eMNOVv_Mg,-954.9641333333334
ID_eMNOVv_S,-11.719272000000018
ID_eMNOVv_Fe,-387.55052888888895
ID_eMNOVv_Mn,-404.634311111111
ID_eMNOVv_Zn,-17.710180444444436
ID_eMNOVv_Cu,-2.200276888888893
ID_eMNOVv_B,-1.360156444444448
ID_PyViU5_N,-5411.1680000000015
ID_PyViU5_P,-1.9413439999998943
ID_PyViU5_K,-1059.9296000000002
ID_PyViU5_Ca,-5105.145600000001
ID_PyViU5_Mg,-910.8880000000001
ID_PyViU5_S,-11.480112000000034
ID_PyViU5_Fe,-435.4268799999999
ID_PyViU5_Mn,-397.72544
ID_PyViU5_Zn,-9.308623999999979
ID_PyViU5_Cu,-2.0083840000000026
ID_PyViU5_B,-0.6620319999999998
ID_2qpDH8_N,-5613.095111111113
ID_2qpDH8_P,-15.455381333333392
ID_2qpDH8_K,-518.7420444444444
ID_2qpDH8_Ca,-6530.820977777778
ID_2qpDH8_Mg,-792.8398222222223
ID_2qpDH8_S,-8.454485333333334
ID_2qpDH8_Fe,-501.08942222222225
ID_2qpDH8_Mn,-389.6452266666667
ID_2qpDH8_Zn,-9.55431111111111
ID_2qpDH8_Cu,-2.595171555555559
ID_2qpDH8_B,-0.6146986666666662
ID_SG1vze_N,-6379.068444444445
ID_SG1vze_P,14.297271111111144
ID_SG1vze_K,-1086.6884444444445
ID_SG1vze_Ca,-4428.427911111111
ID_SG1vze_Mg,-836.4565333333333
ID_SG1vze_S,-8.481877777777775
ID_SG1vze_Fe,-448.25346222222214
ID_SG1vze_Mn,-343.04416444444433
ID_SG1vze_Zn,-11.564439999999967
ID_SG1vze_Cu,-2.693352444444446
ID_SG1vze_B,-0.7315408888888895
ID_C2omxU_N,-5590.602666666667
ID_C2omxU_P,15.98797600000005
ID_C2omxU_K,-1034.7125333333333
ID_C2omxU_Ca,-4400.782933333334
ID_C2omxU_Mg,-817.7784
ID_C2omxU_S,-13.14626400000003
ID_C2omxU_Fe,-463.0112266666665
ID_C2omxU_Mn,-336.6293066666666
ID_C2omxU_Zn,-13.39982933333333
ID_C2omxU_Cu,-1.9322533333333347
ID_C2omxU_B,-0.6403013333333339
ID_MrwNwo_N,-6137.4400000000005
ID_MrwNwo_P,10.262551111111183
ID_MrwNwo_K,-1016.7648888888889
ID_MrwNwo_Ca,-4475.271555555556
ID_MrwNwo_Mg,-839.7822222222223
ID_MrwNwo_S,-7.299231111111137
ID_MrwNwo_Fe,-478.6709333333333
ID_MrwNwo_Mn,-345.87706666666674
ID_MrwNwo_Zn,-10.706919999999986
ID_MrwNwo_Cu,-2.5841244444444462
ID_MrwNwo_B,-0.6034666666666677
ID_F8BM00_N,-6988.7226666666675
ID_F8BM00_P,14.363832000000041
ID_F8BM00_K,-496.0562666666666
ID_F8BM00_Ca,-6577.240533333334
ID_F8BM00_Mg,-743.6197333333333
ID_F8BM00_S,-10.892466666666657
ID_F8BM00_Fe,-412.13434666666666
ID_F8BM00_Mn,-366.2214666666665
ID_F8BM00_Zn,-13.10839199999998
ID_F8BM00_Cu,-2.567514666666669
ID_F8BM00_B,-0.679696
ID_9jYyyu_N,-7884.848000000002
ID_9jYyyu_P,15.459328000000038
ID_9jYyyu_K,-395.3072
ID_9jYyyu_Ca,-4254.2736
ID_9jYyyu_Mg,-512.1616
ID_9jYyyu_S,-18.53332800000001
ID_9jYyyu_Fe,-440.32959999999997
ID_9jYyyu_Mn,-359.9096
ID_9jYyyu_Zn,-17.213840000000047
ID_9jYyyu_Cu,-2.0980960000000035
ID_9jYyyu_B,-0.6612160000000005
ID_FNpuRc_N,-6075.879111111112
ID_FNpuRc_P,14.93146311111115
ID_FNpuRc_K,-1122.4967111111112
ID_FNpuRc_Ca,-4584.007111111111
ID_FNpuRc_Mg,-841.9754666666668
ID_FNpuRc_S,-12.845930666666668
ID_FNpuRc_Fe,-437.68796444444433
ID_FNpuRc_Mn,-381.6977066666667
ID_FNpuRc_Zn,-12.174712888888882
ID_FNpuRc_Cu,-2.396707555555559
ID_FNpuRc_B,-0.7034026666666673
ID_7T1LjV_N,-5769.74577777778
ID_7T1LjV_P,13.784782222222276
ID_7T1LjV_K,-545.4229333333334
ID_7T1LjV_Ca,-6569.996088888891
ID_7T1LjV_Mg,-786.418488888889
ID_7T1LjV_S,-7.922510222222201
ID_7T1LjV_Fe,-505.9865600000001
ID_7T1LjV_Mn,-389.62730666666664
ID_7T1LjV_Zn,-11.820991999999986
ID_7T1LjV_Cu,-2.4044231111111154
ID_7T1LjV_B,-0.6290346666666681
ID_ScLJoB_N,-5654.480000000001
ID_ScLJoB_P,-8.874944
ID_ScLJoB_K,-958.2704000000002
ID_ScLJoB_Ca,-6068.304000000001
ID_ScLJoB_Mg,-846.7648000000002
ID_ScLJoB_S,-11.427648000000001
ID_ScLJoB_Fe,-411.51856
ID_ScLJoB_Mn,-357.7750399999999
ID_ScLJoB_Zn,-13.646575999999953
ID_ScLJoB_Cu,-3.0640960000000037
ID_ScLJoB_B,-1.128304
ID_OILjiQ_N,-5807.420000000001
ID_OILjiQ_P,-11.590234666666653
ID_OILjiQ_K,-1014.2215999999999
ID_OILjiQ_Ca,-6373.568533333334
ID_OILjiQ_Mg,-906.9212
ID_OILjiQ_S,-14.982077333333372
ID_OILjiQ_Fe,-388.01524000000006
ID_OILjiQ_Mn,-340.5959466666665
ID_OILjiQ_Zn,-13.448902666666632
ID_OILjiQ_Cu,-3.189101333333338
ID_OILjiQ_B,-1.6844560000000077
ID_zXSUe6_N,-5803.52888888889
ID_zXSUe6_P,9.533177777777869
ID_zXSUe6_K,-587.637777777778
ID_zXSUe6_Ca,-6434.972888888889
ID_zXSUe6_Mg,-778.6173333333335
ID_zXSUe6_S,-7.739671111111093
ID_zXSUe6_Fe,-471.7888444444443
ID_zXSUe6_Mn,-378.11097777777775
ID_zXSUe6_Zn,-11.691688888888866
ID_zXSUe6_Cu,-2.3209555555555577
ID_zXSUe6_B,-0.621213333333334
ID_55JGUZ_N,-5930.9546666666665
ID_55JGUZ_P,14.742058666666704
ID_55JGUZ_K,-1162.556
ID_55JGUZ_Ca,-4468.468533333334
ID_55JGUZ_Mg,-855.3802666666667
ID_55JGUZ_S,-9.949560000000005
ID_55JGUZ_Fe,-391.5981333333331
ID_55JGUZ_Mn,-371.9533866666666
ID_55JGUZ_Zn,-17.588592000000016
ID_55JGUZ_Cu,-2.3641893333333366
ID_55JGUZ_B,-0.801498666666667
ID_Vs7pt2_N,-6329.062222222223
ID_Vs7pt2_P,12.44405777777786
ID_Vs7pt2_K,-1200.9991111111112
ID_Vs7pt2_Ca,-4449.780222222223
ID_Vs7pt2_Mg,-929.7968888888889
ID_Vs7pt2_S,-11.414562222222216
ID_Vs7pt2_Fe,-479.35208888888883
ID_Vs7pt2_Mn,-367.56575555555537
ID_Vs7pt2_Zn,-14.84317333333333
ID_Vs7pt2_Cu,-2.6548622222222242
ID_Vs7pt2_B,-0.7569955555555566
ID_XWkT8U_N,-6631.624
ID_XWkT8U_P,14.71885333333337
ID_XWkT8U_K,-444.6650666666666
ID_XWkT8U_Ca,-4577.315733333333
ID_XWkT8U_Mg,-572.7818666666666
ID_XWkT8U_S,-11.856754666666628
ID_XWkT8U_Fe,-392.8034933333332
ID_XWkT8U_Mn,-389.1425599999999
ID_XWkT8U_Zn,-14.109210666666668
ID_XWkT8U_Cu,-2.640373333333339
ID_XWkT8U_B,-0.662722666666668
ID_FBcooe_N,-6070.581333333333
ID_FBcooe_P,13.706305777777832
ID_FBcooe_K,-1194.7422222222222
ID_FBcooe_Ca,-4677.905777777778
ID_FBcooe_Mg,-905.6830222222223
ID_FBcooe_S,-15.459880888888883
ID_FBcooe_Fe,-391.4846755555554
ID_FBcooe_Mn,-375.2765688888888
ID_FBcooe_Zn,-13.153388444444426
ID_FBcooe_Cu,-2.297608888888894
ID_FBcooe_B,-0.7134915555555562
ID_dkyIUi_N,-6102.494222222223
ID_dkyIUi_P,14.447262222222264
ID_dkyIUi_K,-1184.039288888889
ID_dkyIUi_Ca,-4556.430577777777
ID_dkyIUi_Mg,-850.6113777777778
ID_dkyIUi_S,-9.831509333333322
ID_dkyIUi_Fe,-367.5531022222222
ID_dkyIUi_Mn,-365.8125155555554
ID_dkyIUi_Zn,-12.661032888888888
ID_dkyIUi_Cu,-2.236464000000004
ID_dkyIUi_B,-0.6670915555555564
ID_nce5CU_N,-6442.789333333333
ID_nce5CU_P,-57.390250666666645
ID_nce5CU_K,-1882.1594666666665
ID_nce5CU_Ca,-8416.957333333332
ID_nce5CU_Mg,-1107.8725333333332
ID_nce5CU_S,-14.883530666666662
ID_nce5CU_Fe,-409.85535999999996
ID_nce5CU_Mn,-382.9495733333331
ID_nce5CU_Zn,-14.59824533333331
ID_nce5CU_Cu,-2.577901333333337
ID_nce5CU_B,-1.9838560000000043
ID_X6t5uC_N,-6087.324444444445
ID_X6t5uC_P,14.461639111111172
ID_X6t5uC_K,-1104.7080000000003
ID_X6t5uC_Ca,-4514.227422222222
ID_X6t5uC_Mg,-726.1997777777779
ID_X6t5uC_S,-8.011867111111108
ID_X6t5uC_Fe,-528.5878088888891
ID_X6t5uC_Mn,-368.14886222222214
ID_X6t5uC_Zn,-22.60859199999998
ID_X6t5uC_Cu,-2.513179555555559
ID_X6t5uC_B,-0.6015648888888899
ID_2lhm9G_N,-6324.482666666667
ID_2lhm9G_P,9.873021333333384
ID_2lhm9G_K,-1458.9320000000002
ID_2lhm9G_Ca,-4930.164000000001
ID_2lhm9G_Mg,-949.5896000000002
ID_2lhm9G_S,-15.437868000000027
ID_2lhm9G_Fe,-419.05676000000005
ID_2lhm9G_Mn,-369.7662533333333
ID_2lhm9G_Zn,-14.47863733333333
ID_2lhm9G_Cu,-2.4723866666666736
ID_2lhm9G_B,-0.787871999999999
ID_spMjsF_N,-6598.752444444444
ID_spMjsF_P,6.004304888888981
ID_spMjsF_K,-421.81088888888894
ID_spMjsF_Ca,-4065.7723555555563
ID_spMjsF_Mg,-540.0907555555557
ID_spMjsF_S,-10.597637777777745
ID_spMjsF_Fe,-530.4422137777779
ID_spMjsF_Mn,-379.9242533333333
ID_spMjsF_Zn,-14.303809333333346
ID_spMjsF_Cu,-2.41604844444445
ID_spMjsF_B,-0.6522862222222225
ID_IHWaIm_N,-4991.980888888889
ID_IHWaIm_P,14.309274222222271
ID_IHWaIm_K,-587.6101333333332
ID_IHWaIm_Ca,-6580.123688888888
ID_IHWaIm_Mg,-785.8174666666666
ID_IHWaIm_S,-8.892795999999983
ID_IHWaIm_Fe,-440.92704444444416
ID_IHWaIm_Mn,-408.1979555555553
ID_IHWaIm_Zn,-18.073892888888867
ID_IHWaIm_Cu,-2.4435471111111164
ID_IHWaIm_B,-0.6202484444444455
ID_zumOGG_N,-5287.336
ID_zumOGG_P,14.771698666666694
ID_zumOGG_K,-781.1525333333332
ID_zumOGG_Ca,-6391.304
ID_zumOGG_Mg,-987.4024
ID_zumOGG_S,-12.398685333333326
ID_zumOGG_Fe,-395.0211733333331
ID_zumOGG_Mn,-352.1148533333331
ID_zumOGG_Zn,-10.199871999999997
ID_zumOGG_Cu,-3.345602666666667
ID_zumOGG_B,-0.9057199999999996
ID_vRtZWs_N,-5296.227111111111
ID_vRtZWs_P,5.854614222222239
ID_vRtZWs_K,-1079.8381333333334
ID_vRtZWs_Ca,-7663.738444444444
ID_vRtZWs_Mg,-964.3022222222222
ID_vRtZWs_S,-11.391100444444454
ID_vRtZWs_Fe,-606.296768888889
ID_vRtZWs_Mn,-385.3654266666664
ID_vRtZWs_Zn,-12.896634666666642
ID_vRtZWs_Cu,-2.010028888888889
ID_vRtZWs_B,-1.5673391111111128
ID_5KDKPn_N,-5639.477333333334
ID_5KDKPn_P,5.2298240000001
ID_5KDKPn_K,-560.8241777777779
ID_5KDKPn_Ca,-6479.589688888889
ID_5KDKPn_Mg,-822.4426666666668
ID_5KDKPn_S,-8.193699555555533
ID_5KDKPn_Fe,-511.15648000000004
ID_5KDKPn_Mn,-380.78976
ID_5KDKPn_Zn,-11.062776888888862
ID_5KDKPn_Cu,-2.353699555555561
ID_5KDKPn_B,-0.5855786666666667
ID_wptb0z_N,-6074.883555555556
ID_wptb0z_P,-74.28793599999997
ID_wptb0z_K,-2080.1614222222224
ID_wptb0z_Ca,-7774.2848
ID_wptb0z_Mg,-947.3799111111111
ID_wptb0z_S,-16.253120000000038
ID_wptb0z_Fe,-454.4364942222223
ID_wptb0z_Mn,-360.63623111111076
ID_wptb0z_Zn,-20.26200888888891
ID_wptb0z_Cu,-2.436430222222225
ID_wptb0z_B,-2.1767253333333376
ID_zPjnpT_N,-5923.810666666666
ID_zPjnpT_P,13.515368000000052
ID_zPjnpT_K,-1202.5320000000002
ID_zPjnpT_Ca,-5288.493333333333
ID_zPjnpT_Mg,-938.5901333333331
ID_zPjnpT_S,-16.82558400000002
ID_zPjnpT_Fe,-402.75290666666655
ID_zPjnpT_Mn,-397.2872266666665
ID_zPjnpT_Zn,-17.15944533333334
ID_zPjnpT_Cu,-2.667074666666669
ID_zPjnpT_B,-0.8809946666666665
ID_WdpdYC_N,-5717.495999999999
ID_WdpdYC_P,14.208690666666715
ID_WdpdYC_K,-1222.7530666666667
ID_WdpdYC_Ca,-6323.790666666667
ID_WdpdYC_Mg,-938.8181333333332
ID_WdpdYC_S,-13.494199999999996
ID_WdpdYC_Fe,-446.47824
ID_WdpdYC_Mn,-395.4257333333333
ID_WdpdYC_Zn,-16.74372533333335
ID_WdpdYC_Cu,-2.642248000000002
ID_WdpdYC_B,-0.8511013333333329
ID_d2HQAy_N,-5594.96
ID_d2HQAy_P,-61.147040000000004
ID_d2HQAy_K,-1310.0720000000001
ID_d2HQAy_Ca,-7048.7424
ID_d2HQAy_Mg,-1034.2192
ID_d2HQAy_S,-9.916992000000011
ID_d2HQAy_Fe,-343.91392
ID_d2HQAy_Mn,-383.9695999999999
ID_d2HQAy_Zn,-13.323823999999977
ID_d2HQAy_Cu,-3.675519999999999
ID_d2HQAy_B,-1.7503840000000013
ID_LIdpxM_N,-5972.1466666666665
ID_LIdpxM_P,12.341522666666734
ID_LIdpxM_K,-885.2472
ID_LIdpxM_Ca,-4662.005066666667
ID_LIdpxM_Mg,-921.1861333333333
ID_LIdpxM_S,-8.947525333333356
ID_LIdpxM_Fe,-565.8256
ID_LIdpxM_Mn,-393.00893333333335
ID_LIdpxM_Zn,-13.225685333333315
ID_LIdpxM_Cu,-3.2641306666666714
ID_LIdpxM_B,-0.7999280000000005
ID_8ZeeE0_N,-6371.983111111112
ID_8ZeeE0_P,10.069698666666731
ID_8ZeeE0_K,-524.8095999999999
ID_8ZeeE0_Ca,-6190.959822222223
ID_8ZeeE0_Mg,-780.0605333333334
ID_8ZeeE0_S,-7.509983111111076
ID_8ZeeE0_Fe,-503.2073866666666
ID_8ZeeE0_Mn,-350.6366666666666
ID_8ZeeE0_Zn,-12.758086222222232
ID_8ZeeE0_Cu,-2.096431111111118
ID_8ZeeE0_B,-0.6379262222222228
ID_4OXtDy_N,-6832.640000000001
ID_4OXtDy_P,15.364644444444497
ID_4OXtDy_K,-412.7035555555556
ID_4OXtDy_Ca,-4170.8062222222225
ID_4OXtDy_Mg,-523.3586666666669
ID_4OXtDy_S,-12.855355555555533
ID_4OXtDy_Fe,-489.452888888889
ID_4OXtDy_Mn,-392.23888888888894
ID_4OXtDy_Zn,-45.52500000000004
ID_4OXtDy_Cu,-2.4621466666666714
ID_4OXtDy_B,-0.56196
ID_Dm3Oqx_N,-6587.120000000002
ID_Dm3Oqx_P,14.98120888888894
ID_Dm3Oqx_K,-465.13200000000006
ID_Dm3Oqx_Ca,-6046.037333333334
ID_Dm3Oqx_Mg,-672.9684444444446
ID_Dm3Oqx_S,-10.544328888888856
ID_Dm3Oqx_Fe,-487.55013333333335
ID_Dm3Oqx_Mn,-393.48653333333334
ID_Dm3Oqx_Zn,-49.57671555555556
ID_Dm3Oqx_Cu,-2.4621466666666714
ID_Dm3Oqx_B,-0.651524444444445
ID_R8iJni_N,-6332.986222222223
ID_R8iJni_P,9.48891377777786
ID_R8iJni_K,-978.364888888889
ID_R8iJni_Ca,-4892.893422222222
ID_R8iJni_Mg,-876.6440000000001
ID_R8iJni_S,-7.797984888888873
ID_R8iJni_Fe,-514.5302
ID_R8iJni_Mn,-375.0739955555555
ID_R8iJni_Zn,-16.97416400000003
ID_R8iJni_Cu,-2.540938222222226
ID_R8iJni_B,-0.7200600000000007
ID_BjHnKg_N,-6813.474666666668
ID_BjHnKg_P,15.600522666666695
ID_BjHnKg_K,-443.50893333333346
ID_BjHnKg_Ca,-5047.567466666667
ID_BjHnKg_Mg,-568.3810666666667
ID_BjHnKg_S,-11.347197333333302
ID_BjHnKg_Fe,-387.219
ID_BjHnKg_Mn,-359.81572
ID_BjHnKg_Zn,-10.473905333333319
ID_BjHnKg_Cu,-2.2954773333333383
ID_BjHnKg_B,-0.5705586666666669
ID_ybD6mH_N,-6928.140444444446
ID_ybD6mH_P,16.46428000000002
ID_ybD6mH_K,-462.63671111111114
ID_ybD6mH_Ca,-4113.900977777778
ID_ybD6mH_Mg,-531.6984888888891
ID_ybD6mH_S,-10.686092444444423
ID_ybD6mH_Fe,-441.7382088888889
ID_ybD6mH_Mn,-323.8784799999999
ID_ybD6mH_Zn,-14.807410666666664
ID_ybD6mH_Cu,-2.3814582222222276
ID_ybD6mH_B,-0.5229568888888889
ID_XmzaXw_N,-6893.031111111111
ID_XmzaXw_P,15.3587057777778
ID_XmzaXw_K,-432.0988444444445
ID_XmzaXw_Ca,-4583.0414222222225
ID_XmzaXw_Mg,-546.3950222222223
ID_XmzaXw_S,-11.560917333333297
ID_XmzaXw_Fe,-465.9786666666667
ID_XmzaXw_Mn,-380.93112888888885
ID_XmzaXw_Zn,-13.77820444444444
ID_XmzaXw_Cu,-2.6283235555555606
ID_XmzaXw_B,-0.6914560000000003
ID_G6MnOs_N,-6347.176
ID_G6MnOs_P,15.52509200000003
ID_G6MnOs_K,-457.82053333333334
ID_G6MnOs_Ca,-6141.790666666668
ID_G6MnOs_Mg,-709.8197333333335
ID_G6MnOs_S,-10.34923333333331
ID_G6MnOs_Fe,-398.78174666666666
ID_G6MnOs_Mn,-385.54453333333345
ID_G6MnOs_Zn,-8.74807733333331
ID_G6MnOs_Cu,-2.103422666666671
ID_G6MnOs_B,-0.5539826666666666
ID_pcdiHV_N,-5880.1431111111115
ID_pcdiHV_P,-23.095487111111076
ID_pcdiHV_K,-1135.6475555555558
ID_pcdiHV_Ca,-6560.767911111111
ID_pcdiHV_Mg,-896.5804444444444
ID_pcdiHV_S,-14.685712000000038
ID_pcdiHV_Fe,-352.6968088888888
ID_pcdiHV_Mn,-363.86358222222213
ID_pcdiHV_Zn,-12.728735999999975
ID_pcdiHV_Cu,-2.2112408888888915
ID_pcdiHV_B,-1.5036871111111128
ID_eBT8At_N,-5927.842666666667
ID_eBT8At_P,-17.04368933333334
ID_eBT8At_K,-1158.146666666667
ID_eBT8At_Ca,-6044.628666666667
ID_eBT8At_Mg,-958.5337333333335
ID_eBT8At_S,-16.566269333333352
ID_eBT8At_Fe,-406.56580666666656
ID_eBT8At_Mn,-346.54801333333324
ID_eBT8At_Zn,-20.666911999999964
ID_eBT8At_Cu,-2.4442666666666693
ID_eBT8At_B,-1.4745426666666683
ID_YRbtb0_N,-6777.148444444445
ID_YRbtb0_P,14.369770666666703
ID_YRbtb0_K,-562.4718222222223
ID_YRbtb0_Ca,-4643.202844444444
ID_YRbtb0_Mg,-606.5514666666668
ID_YRbtb0_S,-11.31859911111112
ID_YRbtb0_Fe,-387.4353066666667
ID_YRbtb0_Mn,-310.67029333333346
ID_YRbtb0_Zn,-8.969521777777768
ID_YRbtb0_Cu,-2.8320142222222233
ID_YRbtb0_B,-0.5920995555555556
ID_ceiSR6_N,-5600.151999999999
ID_ceiSR6_P,-3.4117066666666744
ID_ceiSR6_K,-1157.4032000000002
ID_ceiSR6_Ca,-6740.579733333334
ID_ceiSR6_Mg,-901.2184
ID_ceiSR6_S,-12.082322666666677
ID_ceiSR6_Fe,-397.97422933333314
ID_ceiSR6_Mn,-400.99653333333333
ID_ceiSR6_Zn,-17.03019466666665
ID_ceiSR6_Cu,-2.494453333333335
ID_ceiSR6_B,-1.5704666666666711
ID_ATjy4m_N,-5954.717333333332
ID_ATjy4m_P,-0.6062933333333049
ID_ATjy4m_K,-1116.5911999999998
ID_ATjy4m_Ca,-6194.225866666668
ID_ATjy4m_Mg,-977.9885333333332
ID_ATjy4m_S,-12.85265866666667
ID_ATjy4m_Fe,-417.5171733333332
ID_ATjy4m_Mn,-380.1441599999998
ID_ATjy4m_Zn,-17.0959093333333
ID_ATjy4m_Cu,-3.1845840000000045
ID_ATjy4m_B,-1.5041440000000037
ID_PX9AOV_N,-6410.557777777777
ID_PX9AOV_P,12.932281333333407
ID_PX9AOV_K,-564.076
ID_PX9AOV_Ca,-6187.34071111111
ID_PX9AOV_Mg,-681.9127111111111
ID_PX9AOV_S,-11.229585777777757
ID_PX9AOV_Fe,-417.9744844444444
ID_PX9AOV_Mn,-398.14447111111105
ID_PX9AOV_Zn,-13.19078622222222
ID_PX9AOV_Cu,-3.2615666666666683
ID_PX9AOV_B,-0.6740364444444444
ID_C29Pkd_N,-6261.799555555556
ID_C29Pkd_P,-121.8291079999999
ID_C29Pkd_K,-2387.5394222222217
ID_C29Pkd_Ca,-9697.085555555555
ID_C29Pkd_Mg,-1153.9513777777777
ID_C29Pkd_S,-15.462615999999993
ID_C29Pkd_Fe,-372.8292266666666
ID_C29Pkd_Mn,-368.3320577777777
ID_C29Pkd_Zn,-16.82044666666666
ID_C29Pkd_Cu,-2.7150986666666688
ID_C29Pkd_B,-2.3688355555555596
ID_9rXQsn_N,-5757.8
ID_9rXQsn_P,13.60485200000005
ID_9rXQsn_K,-1244.8072000000002
ID_9rXQsn_Ca,-4684.1148
ID_9rXQsn_Mg,-915.2132
ID_9rXQsn_S,-24.158876000000056
ID_9rXQsn_Fe,-420.07395999999983
ID_9rXQsn_Mn,-366.01955999999996
ID_9rXQsn_Zn,-13.302052000000007
ID_9rXQsn_Cu,-2.6418000000000044
ID_9rXQsn_B,-0.7172640000000002
ID_nCkRbf_N,-5858.653333333334
ID_nCkRbf_P,13.929466666666716
ID_nCkRbf_K,-983.5456000000001
ID_nCkRbf_Ca,-4506.7168
ID_nCkRbf_Mg,-837.6976000000001
ID_nCkRbf_S,-8.704021333333344
ID_nCkRbf_Fe,-397.01287999999994
ID_nCkRbf_Mn,-347.4226133333331
ID_nCkRbf_Zn,-12.622498666666642
ID_nCkRbf_Cu,-2.706949333333336
ID_nCkRbf_B,-0.642557333333334
ID_Rz2uji_N,-6795.008888888888
ID_Rz2uji_P,14.859458666666697
ID_Rz2uji_K,-476.9605333333333
ID_Rz2uji_Ca,-6108.4114666666665
ID_Rz2uji_Mg,-658.1274666666667
ID_Rz2uji_S,-11.142550666666644
ID_Rz2uji_Fe,-391.7660177777777
ID_Rz2uji_Mn,-366.8540177777777
ID_Rz2uji_Zn,-10.382962222222218
ID_Rz2uji_Cu,-2.269426666666671
ID_Rz2uji_B,-0.5871017777777777
ID_87x1Ya_N,-6353.666666666666
ID_87x1Ya_P,14.311949333333391
ID_87x1Ya_K,-1151.7893333333332
ID_87x1Ya_Ca,-4824.107999999999
ID_87x1Ya_Mg,-843.2557333333333
ID_87x1Ya_S,-8.97062933333332
ID_87x1Ya_Fe,-542.9379466666667
ID_87x1Ya_Mn,-381.33127999999994
ID_87x1Ya_Zn,-13.305586666666645
ID_87x1Ya_Cu,-2.461064000000003
ID_87x1Ya_B,-0.6347546666666674
ID_OBLZrN_N,-6210.787111111113
ID_OBLZrN_P,7.779585777777854
ID_OBLZrN_K,-929.9562222222223
ID_OBLZrN_Ca,-4610.296666666668
ID_OBLZrN_Mg,-707.831688888889
ID_OBLZrN_S,-7.036276888888871
ID_OBLZrN_Fe,-496.08848
ID_OBLZrN_Mn,-338.2374488888887
ID_OBLZrN_Zn,-21.70650088888892
ID_OBLZrN_Cu,-2.2415577777777824
ID_OBLZrN_B,-0.651300000000001
ID_dj16k6_N,-7353.44888888889
ID_dj16k6_P,16.0917235555556
ID_dj16k6_K,-448.3718222222223
ID_dj16k6_Ca,-3842.5792888888896
ID_dj16k6_Mg,-484.6644444444444
ID_dj16k6_S,-14.664794666666666
ID_dj16k6_Fe,-437.31401777777785
ID_dj16k6_Mn,-390.7932355555555
ID_dj16k6_Zn,-12.458129777777776
ID_dj16k6_Cu,-2.028025777777783
ID_dj16k6_B,-0.5482266666666664
ID_SdhkpL_N,-6481.328
ID_SdhkpL_P,7.527712000000058
ID_SdhkpL_K,-528.2912
ID_SdhkpL_Ca,-6285.6
ID_SdhkpL_Mg,-793.2064
ID_SdhkpL_S,-8.017487999999982
ID_SdhkpL_Fe,-507.19504
ID_SdhkpL_Mn,-351.6747199999998
ID_SdhkpL_Zn,-14.278303999999995
ID_SdhkpL_Cu,-2.247232000000006
ID_SdhkpL_B,-0.5383840000000001
ID_laIQTa_N,-6390.320000000001
ID_laIQTa_P,15.275104000000049
ID_laIQTa_K,-1171.9808000000003
ID_laIQTa_Ca,-4563.792000000001
ID_laIQTa_Mg,-848.3536
ID_laIQTa_S,-15.132624000000035
ID_laIQTa_Fe,-453.15664
ID_laIQTa_Mn,-395.74783999999994
ID_laIQTa_Zn,-15.663728000000026
ID_laIQTa_Cu,-2.3784640000000055
ID_laIQTa_B,-0.628768000000001
ID_9WQFZv_N,-5841.104
ID_9WQFZv_P,9.130480000000063
ID_9WQFZv_K,-1010.8064000000002
ID_9WQFZv_Ca,-4590.7968
ID_9WQFZv_Mg,-963.0976
ID_9WQFZv_S,-8.683871999999994
ID_9WQFZv_Fe,-481.0312
ID_9WQFZv_Mn,-387.2983999999999
ID_9WQFZv_Zn,-15.49889600000002
ID_9WQFZv_Cu,-2.0577760000000036
ID_9WQFZv_B,-0.7763200000000016
ID_Qxdehv_N,-5778.058666666668
ID_Qxdehv_P,8.775395555555647
ID_Qxdehv_K,-469.14346666666677
ID_Qxdehv_Ca,-6003.320888888889
ID_Qxdehv_Mg,-647.3095111111112
ID_Qxdehv_S,-11.160853333333307
ID_Qxdehv_Fe,-532.1950577777778
ID_Qxdehv_Mn,-383.8117688888889
ID_Qxdehv_Zn,-10.64011377777776
ID_Qxdehv_Cu,-2.3425991111111166
ID_Qxdehv_B,-0.580252444444444
ID_ybFk7g_N,-6143.704000000001
ID_ybFk7g_P,-3.249015999999969
ID_ybFk7g_K,-1219.4090666666668
ID_ybFk7g_Ca,-6084.162666666666
ID_ybFk7g_Mg,-977.9834666666666
ID_ybFk7g_S,-17.85041866666669
ID_ybFk7g_Fe,-410.28146666666663
ID_ybFk7g_Mn,-363.5168799999999
ID_ybFk7g_Zn,-19.459560000000028
ID_ybFk7g_Cu,-2.304048000000003
ID_ybFk7g_B,-1.1911253333333334
ID_pXYynp_N,-6677.679999999999
ID_pXYynp_P,14.359626666666735
ID_pXYynp_K,-472.1568
ID_pXYynp_Ca,-6257.934133333332
ID_pXYynp_Mg,-691.96
ID_pXYynp_S,-11.31421599999997
ID_pXYynp_Fe,-481.6160799999999
ID_pXYynp_Mn,-381.65858666666657
ID_pXYynp_Zn,-11.130314666666647
ID_pXYynp_Cu,-2.24405866666667
ID_pXYynp_B,-0.5942213333333327
ID_FSGZdO_N,-6129.324444444445
ID_FSGZdO_P,9.342560000000041
ID_FSGZdO_K,-1263.350666666667
ID_FSGZdO_Ca,-5218.138222222223
ID_FSGZdO_Mg,-930.5640000000002
ID_FSGZdO_S,-15.234288888888923
ID_FSGZdO_Fe,-419.3711555555555
ID_FSGZdO_Mn,-374.68777777777774
ID_FSGZdO_Zn,-17.317675555555585
ID_FSGZdO_Cu,-2.211786666666673
ID_FSGZdO_B,-1.1806488888888886
ID_Em3aah_N,-7055.922666666669
ID_Em3aah_P,5.918364444444535
ID_Em3aah_K,-559.2284000000001
ID_Em3aah_Ca,-6239.808844444445
ID_Em3aah_Mg,-737.7634666666667
ID_Em3aah_S,-10.653881777777755
ID_Em3aah_Fe,-495.9963244444445
ID_Em3aah_Mn,-364.8788622222222
ID_Em3aah_Zn,-45.55343111111107
ID_Em3aah_Cu,-2.2029413333333396
ID_Em3aah_B,-0.5440128888888888
ID_N1l42m_N,-4842.286222222223
ID_N1l42m_P,12.941646222222225
ID_N1l42m_K,-1106.6972444444446
ID_N1l42m_Ca,-6201.058133333334
ID_N1l42m_Mg,-942.0437333333334
ID_N1l42m_S,-11.630606222222234
ID_N1l42m_Fe,-301.3247288888891
ID_N1l42m_Mn,-358.7849955555554
ID_N1l42m_Zn,-10.871082666666675
ID_N1l42m_Cu,-3.085731555555558
ID_N1l42m_B,-1.0406968888888897
ID_uQ9Fvk_N,-5062.733333333334
ID_uQ9Fvk_P,-16.015335999999984
ID_uQ9Fvk_K,-1282.6689333333334
ID_uQ9Fvk_Ca,-6341.220666666667
ID_uQ9Fvk_Mg,-1042.454666666667
ID_uQ9Fvk_S,-8.805297333333332
ID_uQ9Fvk_Fe,-298.1027733333335
ID_uQ9Fvk_Mn,-350.9278266666665
ID_uQ9Fvk_Zn,-15.372606666666659
ID_uQ9Fvk_Cu,-3.279775999999999
ID_uQ9Fvk_B,-1.248004
ID_OYhp7c_N,-4637.724444444445
ID_OYhp7c_P,15.508426666666693
ID_OYhp7c_K,-746.0426666666667
ID_OYhp7c_Ca,-5951.725777777779
ID_OYhp7c_Mg,-939.3102222222223
ID_OYhp7c_S,-8.82324444444447
ID_OYhp7c_Fe,-316.84431111111127
ID_OYhp7c_Mn,-352.50933333333313
ID_OYhp7c_Zn,-9.452186666666668
ID_OYhp7c_Cu,-3.1870222222222226
ID_OYhp7c_B,-0.6321155555555552
ID_HCGJZi_N,-4662.784000000001
ID_HCGJZi_P,-10.777111555555564
ID_HCGJZi_K,-1229.9170666666669
ID_HCGJZi_Ca,-6299.716
ID_HCGJZi_Mg,-1072.4051555555557
ID_HCGJZi_S,-8.370992888888907
ID_HCGJZi_Fe,-269.65367555555565
ID_HCGJZi_Mn,-352.349991111111
ID_HCGJZi_Zn,-7.413900888888897
ID_HCGJZi_Cu,-3.2228586666666663
ID_HCGJZi_B,-1.1293377777777793
ID_OSMbmp_N,-4419.772000000001
ID_OSMbmp_P,5.621425333333335
ID_OSMbmp_K,-1040.3140000000003
ID_OSMbmp_Ca,-6430.523866666667
ID_OSMbmp_Mg,-928.4206666666669
ID_OSMbmp_S,-10.908673333333343
ID_OSMbmp_Fe,-314.0537200000001
ID_OSMbmp_Mn,-349.2189199999998
ID_OSMbmp_Zn,-13.318119999999983
ID_OSMbmp_Cu,-2.360054666666669
ID_OSMbmp_B,-1.0758306666666682
ID_NKZlSp_N,-5063.993333333333
ID_NKZlSp_P,9.868873333333323
ID_NKZlSp_K,-1112.6973333333333
ID_NKZlSp_Ca,-6445.976
ID_NKZlSp_Mg,-899.3306666666667
ID_NKZlSp_S,-22.598293333333345
ID_NKZlSp_Fe,-363.29473333333334
ID_NKZlSp_Mn,-343.6868666666667
ID_NKZlSp_Zn,-8.71824666666667
ID_NKZlSp_Cu,-2.082886666666672
ID_NKZlSp_B,-1.0535800000000022
ID_ql5eHS_N,-5290.311111111111
ID_ql5eHS_P,11.033199999999987
ID_ql5eHS_K,-1040.6888888888889
ID_ql5eHS_Ca,-4906.546666666668
ID_ql5eHS_Mg,-821.2311111111111
ID_ql5eHS_S,-12.7849777777778
ID_ql5eHS_Fe,-387.1222222222221
ID_ql5eHS_Mn,-329.7008888888887
ID_ql5eHS_Zn,-15.508933333333335
ID_ql5eHS_Cu,-2.14226666666667
ID_ql5eHS_B,-0.8879999999999999
ID_Mj342g_N,-5219.113333333334
ID_Mj342g_P,13.417686666666729
ID_Mj342g_K,-1107.8906666666667
ID_Mj342g_Ca,-4283.293333333334
ID_Mj342g_Mg,-883.6086666666666
ID_Mj342g_S,-6.376773333333347
ID_Mj342g_Fe,-485.4279333333333
ID_Mj342g_Mn,-351.86053333333325
ID_Mj342g_Zn,-9.778560000000011
ID_Mj342g_Cu,-2.2799600000000053
ID_Mj342g_B,-0.5982066666666679
ID_kLctId_N,-6007.323555555555
ID_kLctId_P,12.23479511111119
ID_kLctId_K,-504.7585333333333
ID_kLctId_Ca,-4282.964266666666
ID_kLctId_Mg,-563.3380444444443
ID_kLctId_S,-18.887269333333354
ID_kLctId_Fe,-457.982511111111
ID_kLctId_Mn,-405.74610666666655
ID_kLctId_Zn,-17.91112266666669
ID_kLctId_Cu,-2.002847111111113
ID_kLctId_B,-0.5830839999999996
ID_2emWkO_N,-5314.229333333334
ID_2emWkO_P,-26.93416088888891
ID_2emWkO_K,-1170.7656444444444
ID_2emWkO_Ca,-6808.1610222222225
ID_2emWkO_Mg,-941.0191111111112
ID_2emWkO_S,-8.2601915555556
ID_2emWkO_Fe,-326.2172177777779
ID_2emWkO_Mn,-379.4942133333333
ID_2emWkO_Zn,-14.465143111111093
ID_2emWkO_Cu,-2.997852444444448
ID_2emWkO_B,-1.3460693333333322
ID_2u6V1I_N,-5441.713333333333
ID_2u6V1I_P,15.868340000000043
ID_2u6V1I_K,-501.5179999999999
ID_2u6V1I_Ca,-4601.233333333334
ID_2u6V1I_Mg,-545.714
ID_2u6V1I_S,-9.989520000000049
ID_2u6V1I_Fe,-445.77619999999996
ID_2u6V1I_Mn,-366.34586666666667
ID_2u6V1I_Zn,-10.821793333333316
ID_2u6V1I_Cu,-2.7077533333333337
ID_2u6V1I_B,-0.5400133333333335
ID_aTJ1X6_N,-5583.269333333334
ID_aTJ1X6_P,13.95924355555561
ID_aTJ1X6_K,-581.0690666666667
ID_aTJ1X6_Ca,-6237.142400000001
ID_aTJ1X6_Mg,-755.0431555555556
ID_aTJ1X6_S,-5.803658666666671
ID_aTJ1X6_Fe,-430.04049333333336
ID_aTJ1X6_Mn,-394.9921066666667
ID_aTJ1X6_Zn,-10.394825777777758
ID_aTJ1X6_Cu,-2.944325777777782
ID_aTJ1X6_B,-0.5465919999999997
ID_EHWYNa_N,-5464.6680000000015
ID_EHWYNa_P,14.391733777777816
ID_EHWYNa_K,-504.9415555555556
ID_EHWYNa_Ca,-4268.492977777779
ID_EHWYNa_Mg,-554.4545333333334
ID_EHWYNa_S,-12.561333333333327
ID_EHWYNa_Fe,-439.29791555555556
ID_EHWYNa_Mn,-403.70514666666674
ID_EHWYNa_Zn,-14.831611555555545
ID_EHWYNa_Cu,-2.526550222222226
ID_EHWYNa_B,-0.505935555555555
ID_RFnjUT_N,-5553.999555555555
ID_RFnjUT_P,12.812202666666746
ID_RFnjUT_K,-816.8462666666667
ID_RFnjUT_Ca,-4305.780666666668
ID_RFnjUT_Mg,-798.0913333333334
ID_RFnjUT_S,-6.797510222222215
ID_RFnjUT_Fe,-450.0283600000002
ID_RFnjUT_Mn,-405.3101111111111
ID_RFnjUT_Zn,-18.509126222222225
ID_RFnjUT_Cu,-2.1487804444444465
ID_RFnjUT_B,-0.6948204444444452
ID_hWQ2n2_N,-5480.389333333334
ID_hWQ2n2_P,14.120818666666707
ID_hWQ2n2_K,-524.9040000000001
ID_hWQ2n2_Ca,-4619.546533333333
ID_hWQ2n2_Mg,-588.7113333333334
ID_hWQ2n2_S,-12.643578666666684
ID_hWQ2n2_Fe,-447.92958666666675
ID_hWQ2n2_Mn,-378.45582666666667
ID_hWQ2n2_Zn,-8.248922666666655
ID_hWQ2n2_Cu,-2.6161440000000016
ID_hWQ2n2_B,-0.5549693333333333
ID_LQ7IkI_N,-5247.392000000001
ID_LQ7IkI_P,15.27476800000003
ID_LQ7IkI_K,-582.2384000000001
ID_LQ7IkI_Ca,-6051.446400000001
ID_LQ7IkI_Mg,-666.9472000000001
ID_LQ7IkI_S,-10.456943999999972
ID_LQ7IkI_Fe,-427.30768
ID_LQ7IkI_Mn,-388.33759999999995
ID_LQ7IkI_Zn,-13.463552000000007
ID_LQ7IkI_Cu,-2.608624000000002
ID_LQ7IkI_B,-0.6363519999999995
ID_Z1tQlc_N,-5347.1359999999995
ID_Z1tQlc_P,15.680032000000043
ID_Z1tQlc_K,-532.4912
ID_Z1tQlc_Ca,-4491.3072
ID_Z1tQlc_Mg,-557.2144000000002
ID_Z1tQlc_S,-15.210864000000022
ID_Z1tQlc_Fe,-429.09616000000017
ID_Z1tQlc_Mn,-392.03264
ID_Z1tQlc_Zn,-8.167951999999987
ID_Z1tQlc_Cu,-2.5270720000000013
ID_Z1tQlc_B,-0.5376160000000005
ID_HRnSJf_N,-5449.833333333334
ID_HRnSJf_P,14.628593333333392
ID_HRnSJf_K,-463.4053333333334
ID_HRnSJf_Ca,-4466.310666666667
ID_HRnSJf_Mg,-504.5726666666667
ID_HRnSJf_S,-17.2064266666667
ID_HRnSJf_Fe,-401.5058666666667
ID_HRnSJf_Mn,-364.27853333333337
ID_HRnSJf_Zn,-9.504253333333324
ID_HRnSJf_Cu,-2.2724000000000024
ID_HRnSJf_B,-0.52242
ID_UUTGI1_N,-5833.6208888888905
ID_UUTGI1_P,13.256971111111191
ID_UUTGI1_K,-558.9813333333334
ID_UUTGI1_Ca,-4228.831511111112
ID_UUTGI1_Mg,-546.9698666666667
ID_UUTGI1_S,-17.535269777777785
ID_UUTGI1_Fe,-418.8790666666667
ID_UUTGI1_Mn,-405.13668
ID_UUTGI1_Zn,-13.073078222222211
ID_UUTGI1_Cu,-2.6036253333333352
ID_UUTGI1_B,-0.6413862222222222
ID_GPpKgH_N,-5607.808000000001
ID_GPpKgH_P,14.677475111111164
ID_GPpKgH_K,-480.31786666666665
ID_GPpKgH_Ca,-4107.913733333334
ID_GPpKgH_Mg,-534.0524888888889
ID_GPpKgH_S,-15.503137333333342
ID_GPpKgH_Fe,-406.19661333333335
ID_GPpKgH_Mn,-391.5300622222222
ID_GPpKgH_Zn,-9.586571555555535
ID_GPpKgH_Cu,-2.766182666666667
ID_GPpKgH_B,-0.516156444444444
ID_cAS9ZY_N,-5499.826666666668
ID_cAS9ZY_P,12.663364000000108
ID_cAS9ZY_K,-532.1757333333334
ID_cAS9ZY_Ca,-4456.786000000001
ID_cAS9ZY_Mg,-561.4497333333333
ID_cAS9ZY_S,-13.025122666666647
ID_cAS9ZY_Fe,-432.90610666666663
ID_cAS9ZY_Mn,-419.23229333333336
ID_cAS9ZY_Zn,-11.609164000000003
ID_cAS9ZY_Cu,-2.6641453333333356
ID_cAS9ZY_B,-0.576084
ID_nn4OX4_N,-5426.001333333334
ID_nn4OX4_P,14.113558222222267
ID_nn4OX4_K,-634.3720444444444
ID_nn4OX4_Ca,-6500.5817333333325
ID_nn4OX4_Mg,-738.3574666666667
ID_nn4OX4_S,-10.439690666666682
ID_nn4OX4_Fe,-459.9783422222222
ID_nn4OX4_Mn,-400.8529555555554
ID_nn4OX4_Zn,-10.825369777777759
ID_nn4OX4_Cu,-2.2172457777777783
ID_nn4OX4_B,-0.6596728888888889
ID_ugetZ9_N,-5406.766222222223
ID_ugetZ9_P,14.909760000000045
ID_ugetZ9_K,-699.7937777777779
ID_ugetZ9_Ca,-6623.168711111111
ID_ugetZ9_Mg,-787.0407111111112
ID_ugetZ9_S,-8.355427555555572
ID_ugetZ9_Fe,-534.1672533333333
ID_ugetZ9_Mn,-389.043911111111
ID_ugetZ9_Zn,-7.160846222222213
ID_ugetZ9_Cu,-3.5860977777777783
ID_ugetZ9_B,-0.5808995555555551
ID_Eg71gI_N,-5201.600000000001
ID_Eg71gI_P,15.75313600000003
ID_Eg71gI_K,-583.0496000000002
ID_Eg71gI_Ca,-5947.4928
ID_Eg71gI_Mg,-659.6320000000001
ID_Eg71gI_S,-9.668543999999958
ID_Eg71gI_Fe,-431.8705600000001
ID_Eg71gI_Mn,-391.85024
ID_Eg71gI_Zn,-8.334799999999994
ID_Eg71gI_Cu,-2.5270720000000013
ID_Eg71gI_B,-0.5686240000000008
ID_F58bWR_N,-4666.784000000001
ID_F58bWR_P,14.528800000000032
ID_F58bWR_K,-592.4000000000001
ID_F58bWR_Ca,-6315.408
ID_F58bWR_Mg,-743.6416
ID_F58bWR_S,-7.106495999999961
ID_F58bWR_Fe,-433.72527999999994
ID_F58bWR_Mn,-382.4336
ID_F58bWR_Zn,-9.054656
ID_F58bWR_Cu,-2.7467679999999985
ID_F58bWR_B,-0.5622400000000004
ID_cqOyb2_N,-5292.526222222223
ID_cqOyb2_P,14.448535111111159
ID_cqOyb2_K,-486.5648
ID_cqOyb2_Ca,-4591.188977777778
ID_cqOyb2_Mg,-538.4182222222224
ID_cqOyb2_S,-11.822628444444437
ID_cqOyb2_Fe,-413.9775288888889
ID_cqOyb2_Mn,-389.5598666666666
ID_cqOyb2_Zn,-11.396528
ID_cqOyb2_Cu,-2.886578666666669
ID_cqOyb2_B,-0.5339991111111112
ID_gcZKsa_N,-5386.579555555556
ID_gcZKsa_P,-8.658416444444434
ID_gcZKsa_K,-1013.624888888889
ID_gcZKsa_Ca,-6658.827022222224
ID_gcZKsa_Mg,-862.404577777778
ID_gcZKsa_S,-9.0050035555556
ID_gcZKsa_Fe,-370.0643777777778
ID_gcZKsa_Mn,-380.6460222222222
ID_gcZKsa_Zn,-17.830659999999984
ID_gcZKsa_Cu,-2.0707302222222244
ID_gcZKsa_B,-1.0833991111111105
ID_WWd142_N,-5499.286222222223
ID_WWd142_P,8.685665333333308
ID_WWd142_K,-1015.7220888888892
ID_WWd142_Ca,-6145.426755555556
ID_WWd142_Mg,-900.7914222222224
ID_WWd142_S,-14.061680888888908
ID_WWd142_Fe,-388.41891999999996
ID_WWd142_Mn,-394.5988222222223
ID_WWd142_Zn,-18.472945333333318
ID_WWd142_Cu,-2.460448000000004
ID_WWd142_B,-1.0713200000000003
ID_Ec4UVz_N,-5222.333333333334
ID_Ec4UVz_P,13.658813333333399
ID_Ec4UVz_K,-599.2986666666668
ID_Ec4UVz_Ca,-5939.8713333333335
ID_Ec4UVz_Mg,-698.8133333333335
ID_Ec4UVz_S,-5.8401999999999745
ID_Ec4UVz_Fe,-442.71626666666674
ID_Ec4UVz_Mn,-380.03973333333334
ID_Ec4UVz_Zn,-12.266779999999997
ID_Ec4UVz_Cu,-2.899413333333336
ID_Ec4UVz_B,-0.5524266666666668
ID_681EWa_N,-5239.54488888889
ID_681EWa_P,12.386382222222299
ID_681EWa_K,-479.8883555555557
ID_681EWa_Ca,-4338.9578666666675
ID_681EWa_Mg,-511.9630222222222
ID_681EWa_S,-16.454862222222257
ID_681EWa_Fe,-412.92032
ID_681EWa_Mn,-371.8395733333333
ID_681EWa_Zn,-8.146997333333328
ID_681EWa_Cu,-2.28804977777778
ID_681EWa_B,-0.5349404444444444
ID_mCbTsV_N,-5092.016000000001
ID_mCbTsV_P,0.74219200000001
ID_mCbTsV_K,-1055.3072000000002
ID_mCbTsV_Ca,-6266.443200000001
ID_mCbTsV_Mg,-877.1343999999999
ID_mCbTsV_S,-14.890848000000048
ID_mCbTsV_Fe,-386.24464
ID_mCbTsV_Mn,-383.20111999999995
ID_mCbTsV_Zn,-13.284367999999995
ID_mCbTsV_Cu,-2.867488000000001
ID_mCbTsV_B,-1.1253760000000008
ID_paV8zs_N,-4483.32
ID_paV8zs_P,-3.62815333333333
ID_paV8zs_K,-1107.6106666666667
ID_paV8zs_Ca,-6019.069333333333
ID_paV8zs_Mg,-903.1666666666666
ID_paV8zs_S,-9.727440000000005
ID_paV8zs_Fe,-310.8708000000001
ID_paV8zs_Mn,-344.1628666666665
ID_paV8zs_Zn,-10.02846000000002
ID_paV8zs_Cu,-3.34732
ID_paV8zs_B,-1.1131733333333336
ID_5ifsCi_N,-5570.336
ID_5ifsCi_P,-70.05171199999991
ID_5ifsCi_K,-1847.3072000000004
ID_5ifsCi_Ca,-8015.318400000001
ID_5ifsCi_Mg,-1060.5616000000002
ID_5ifsCi_S,-7.256736000000007
ID_5ifsCi_Fe,-376.1519679999999
ID_5ifsCi_Mn,-373.1225599999999
ID_5ifsCi_Zn,-13.620560000000017
ID_5ifsCi_Cu,-2.429200000000003
ID_5ifsCi_B,-1.697823999999999
ID_mZTENs_N,-5295.296
ID_mZTENs_P,-118.51179199999999
ID_mZTENs_K,-1877.2784000000004
ID_mZTENs_Ca,-7612.848000000002
ID_mZTENs_Mg,-1194.6928
ID_mZTENs_S,-7.650480000000016
ID_mZTENs_Fe,-312.1182400000002
ID_mZTENs_Mn,-360.69152
ID_mZTENs_Zn,-10.488463999999999
ID_mZTENs_Cu,-3.3400480000000017
ID_mZTENs_B,-1.2570879999999989
ID_oxY8vm_N,-5203.808000000001
ID_oxY8vm_P,13.722256000000076
ID_oxY8vm_K,-635.2640000000001
ID_oxY8vm_Ca,-6188.1024
ID_oxY8vm_Mg,-680.0896000000001
ID_oxY8vm_S,-7.881263999999984
ID_oxY8vm_Fe,-428.992
ID_oxY8vm_Mn,-402.69392
ID_oxY8vm_Zn,-12.456415999999999
ID_oxY8vm_Cu,-2.701648000000003
ID_oxY8vm_B,-0.5355039999999998
ID_aUAOl1_N,-5522.672000000001
ID_aUAOl1_P,14.605984000000042
ID_aUAOl1_K,-559.6688000000001
ID_aUAOl1_Ca,-4413.792
ID_aUAOl1_Mg,-553.9840000000002
ID_aUAOl1_S,-10.985807999999995
ID_aUAOl1_Fe,-420.1638400000001
ID_aUAOl1_Mn,-389.0489600000001
ID_aUAOl1_Zn,-9.98451199999999
ID_aUAOl1_Cu,-2.5160320000000023
ID_aUAOl1_B,-0.5560959999999996
ID_6qaAmn_N,-4940.270666666667
ID_6qaAmn_P,16.08283688888894
ID_6qaAmn_K,-481.8158666666667
ID_6qaAmn_Ca,-4335.838000000001
ID_6qaAmn_Mg,-542.5934666666667
ID_6qaAmn_S,-16.987916888888897
ID_6qaAmn_Fe,-453.1605777777778
ID_6qaAmn_Mn,-387.37323111111107
ID_6qaAmn_Zn,-12.627844444444438
ID_6qaAmn_Cu,-2.4982071111111135
ID_6qaAmn_B,-0.7339608888888906
ID_oMn2Yb_N,-4089.272
ID_oMn2Yb_P,10.160119999999988
ID_oMn2Yb_K,-863.5264
ID_oMn2Yb_Ca,-5280.031999999999
ID_oMn2Yb_Mg,-757.0160000000001
ID_oMn2Yb_S,-12.924554666666705
ID_oMn2Yb_Fe,-463.96695466666654
ID_oMn2Yb_Mn,-352.4527999999998
ID_oMn2Yb_Zn,-9.983575999999989
ID_oMn2Yb_Cu,-4.522335999999993
ID_oMn2Yb_B,-1.1253600000000012
